Copyright 1986-2022 Xilinx, Inc. All Rights Reserved.
-----------------------------------------------------------------------------------------------------------------------------------------------------------------------------------------------------------------------------------------------------------
| Tool Version      : Vivado v.2022.1 (win64) Build 3526262 Mon Apr 18 15:48:16 MDT 2022
| Date              : Tue Dec 23 13:53:38 2025
| Host              : xylo running 64-bit major release  (build 9200)
| Command           : report_timing_summary -max_paths 10 -report_unconstrained -file FSRCNN_CORE_wrapper_timing_summary_routed.rpt -pb FSRCNN_CORE_wrapper_timing_summary_routed.pb -rpx FSRCNN_CORE_wrapper_timing_summary_routed.rpx -warn_on_violation
| Design            : FSRCNN_CORE_wrapper
| Device            : xczu9eg-ffvb1156
| Speed File        : -2  PRODUCTION 1.29 08-03-2020
| Temperature Grade : E
-----------------------------------------------------------------------------------------------------------------------------------------------------------------------------------------------------------------------------------------------------------

Timing Summary Report

------------------------------------------------------------------------------------------------
| Timer Settings
| --------------
------------------------------------------------------------------------------------------------

  Enable Multi Corner Analysis               :  Yes
  Enable Pessimism Removal                   :  Yes
  Pessimism Removal Resolution               :  Nearest Common Node
  Enable Input Delay Default Clock           :  No
  Enable Preset / Clear Arcs                 :  No
  Disable Flight Delays                      :  No
  Ignore I/O Paths                           :  No
  Timing Early Launch at Borrowing Latches   :  No
  Borrow Time for Max Delay Exceptions       :  Yes
  Merge Timing Exceptions                    :  Yes

  Corner  Analyze    Analyze    
  Name    Max Paths  Min Paths  
  ------  ---------  ---------  
  Slow    Yes        Yes        
  Fast    Yes        Yes        


------------------------------------------------------------------------------------------------
| Report Methodology
| ------------------
------------------------------------------------------------------------------------------------

Rule       Severity  Description                                                  Violations  
---------  --------  -----------------------------------------------------------  ----------  
DPIR-2     Warning   Asynchronous driver check                                    30          
LUTAR-1    Warning   LUT drives async reset alert                                 1           
NTCN-11    Warning   CLOCK_DEDICATED_ROUTE net not driven by global clock buffer  1           
TIMING-18  Warning   Missing input or output delay                                46          
XDCC-1     Warning   Scoped Clock constraint overwritten with the same name       5           

Note: This report is based on the most recent report_methodology run and may not be up-to-date. Run report_methodology on the current design for the latest report.



check_timing report

Table of Contents
-----------------
1. checking no_clock (0)
2. checking constant_clock (0)
3. checking pulse_width_clock (0)
4. checking unconstrained_internal_endpoints (0)
5. checking no_input_delay (27)
6. checking no_output_delay (11)
7. checking multiple_clock (0)
8. checking generated_clocks (0)
9. checking loops (0)
10. checking partial_input_delay (0)
11. checking partial_output_delay (0)
12. checking latch_loops (0)

1. checking no_clock (0)
------------------------
 There are 0 register/latch pins with no clock.


2. checking constant_clock (0)
------------------------------
 There are 0 register/latch pins with constant_clock.


3. checking pulse_width_clock (0)
---------------------------------
 There are 0 register/latch pins which need pulse_width check


4. checking unconstrained_internal_endpoints (0)
------------------------------------------------
 There are 0 pins that are not constrained for maximum delay.

 There are 0 pins that are not constrained for maximum delay due to constant clock.


5. checking no_input_delay (27)
-------------------------------
 There are 27 input ports with no input delay specified. (HIGH)

 There are 0 input ports with no input delay but user has a false path constraint.


6. checking no_output_delay (11)
--------------------------------
 There are 11 ports with no output delay specified. (HIGH)

 There are 0 ports with no output delay but user has a false path constraint

 There are 0 ports with no output delay but with a timing clock defined on it or propagating through it


7. checking multiple_clock (0)
------------------------------
 There are 0 register/latch pins with multiple clocks.


8. checking generated_clocks (0)
--------------------------------
 There are 0 generated clocks that are not connected to a clock source.


9. checking loops (0)
---------------------
 There are 0 combinational loops in the design.


10. checking partial_input_delay (0)
------------------------------------
 There are 0 input ports with partial input delay specified.


11. checking partial_output_delay (0)
-------------------------------------
 There are 0 ports with partial output delay specified.


12. checking latch_loops (0)
----------------------------
 There are 0 combinational latch loops in the design through latch input



------------------------------------------------------------------------------------------------
| Design Timing Summary
| ---------------------
------------------------------------------------------------------------------------------------

    WNS(ns)      TNS(ns)  TNS Failing Endpoints  TNS Total Endpoints      WHS(ns)      THS(ns)  THS Failing Endpoints  THS Total Endpoints     WPWS(ns)     TPWS(ns)  TPWS Failing Endpoints  TPWS Total Endpoints  
    -------      -------  ---------------------  -------------------      -------      -------  ---------------------  -------------------     --------     --------  ----------------------  --------------------  
      0.392        0.000                      0               237077        0.011        0.000                      0               237077        1.124        0.000                       0                 30256  


All user specified timing constraints are met.


------------------------------------------------------------------------------------------------
| Clock Summary
| -------------
------------------------------------------------------------------------------------------------

Clock    Waveform(ns)         Period(ns)      Frequency(MHz)
-----    ------------         ----------      --------------
ref_clk  {0.000 1.666}        3.333           300.030         


------------------------------------------------------------------------------------------------
| Intra Clock Table
| -----------------
------------------------------------------------------------------------------------------------

Clock             WNS(ns)      TNS(ns)  TNS Failing Endpoints  TNS Total Endpoints      WHS(ns)      THS(ns)  THS Failing Endpoints  THS Total Endpoints     WPWS(ns)     TPWS(ns)  TPWS Failing Endpoints  TPWS Total Endpoints  
-----             -------      -------  ---------------------  -------------------      -------      -------  ---------------------  -------------------     --------     --------  ----------------------  --------------------  
ref_clk             0.392        0.000                      0               237039        0.011        0.000                      0               237039        1.124        0.000                       0                 30256  


------------------------------------------------------------------------------------------------
| Inter Clock Table
| -----------------
------------------------------------------------------------------------------------------------

From Clock    To Clock          WNS(ns)      TNS(ns)  TNS Failing Endpoints  TNS Total Endpoints      WHS(ns)      THS(ns)  THS Failing Endpoints  THS Total Endpoints  
----------    --------          -------      -------  ---------------------  -------------------      -------      -------  ---------------------  -------------------  


------------------------------------------------------------------------------------------------
| Other Path Groups Table
| -----------------------
------------------------------------------------------------------------------------------------

Path Group         From Clock         To Clock               WNS(ns)      TNS(ns)  TNS Failing Endpoints  TNS Total Endpoints      WHS(ns)      THS(ns)  THS Failing Endpoints  THS Total Endpoints  
----------         ----------         --------               -------      -------  ---------------------  -------------------      -------      -------  ---------------------  -------------------  
**async_default**  ref_clk            ref_clk                  2.127        0.000                      0                   38        0.183        0.000                      0                   38  


------------------------------------------------------------------------------------------------
| User Ignored Path Table
| -----------------------
------------------------------------------------------------------------------------------------

Path Group    From Clock    To Clock    
----------    ----------    --------    
(none)                      ref_clk       


------------------------------------------------------------------------------------------------
| Unconstrained Path Table
| ------------------------
------------------------------------------------------------------------------------------------

Path Group    From Clock    To Clock    
----------    ----------    --------    
(none)        ref_clk                     
(none)                      ref_clk       


------------------------------------------------------------------------------------------------
| Timing Details
| --------------
------------------------------------------------------------------------------------------------


---------------------------------------------------------------------------------------------------
From Clock:  ref_clk
  To Clock:  ref_clk

Setup :            0  Failing Endpoints,  Worst Slack        0.392ns,  Total Violation        0.000ns
Hold  :            0  Failing Endpoints,  Worst Slack        0.011ns,  Total Violation        0.000ns
PW    :            0  Failing Endpoints,  Worst Slack        1.124ns,  Total Violation        0.000ns
---------------------------------------------------------------------------------------------------


Max Delay Paths
--------------------------------------------------------------------------------------
Slack (MET) :             0.392ns  (required time - arrival time)
  Source:                 FSRCNN_CORE_i/FSRCNN_CORE/M_Layer_0/inst/core_layer3/pe_array3/pe6/DSP1/U0/i_synth/i_synth_option.i_synth_model/opt_8series.i_uniwrap/i_primitive/DSP_M_DATA_INST/CLK
                            (rising edge-triggered cell DSP_M_DATA clocked by ref_clk  {rise@0.000ns fall@1.666ns period=3.333ns})
  Destination:            FSRCNN_CORE_i/FSRCNN_CORE/M_Layer_0/inst/core_layer3/pe_array3/pe6/adderReg_pipe0_reg[21]/D
                            (rising edge-triggered cell FDRE clocked by ref_clk  {rise@0.000ns fall@1.666ns period=3.333ns})
  Path Group:             ref_clk
  Path Type:              Setup (Max at Slow Process Corner)
  Requirement:            3.333ns  (ref_clk rise@3.333ns - ref_clk rise@0.000ns)
  Data Path Delay:        2.861ns  (logic 1.365ns (47.704%)  route 1.496ns (52.296%))
  Logic Levels:           5  (CARRY8=2 DSP_ALU=1 DSP_OUTPUT=1 LUT6=1)
  Clock Path Skew:        -0.069ns (DCD - SCD + CPR)
    Destination Clock Delay (DCD):    4.597ns = ( 7.930 - 3.333 ) 
    Source Clock Delay      (SCD):    6.141ns
    Clock Pessimism Removal (CPR):    1.475ns
  Clock Uncertainty:      0.035ns  ((TSJ^2 + TIJ^2)^1/2 + DJ) / 2 + PE
    Total System Jitter     (TSJ):    0.071ns
    Total Input Jitter      (TIJ):    0.000ns
    Discrete Jitter          (DJ):    0.000ns
    Phase Error              (PE):    0.000ns
  Clock Net Delay (Source):      2.821ns (routing 1.388ns, distribution 1.433ns)
  Clock Net Delay (Destination): 2.483ns (routing 1.261ns, distribution 1.222ns)

    Location             Delay type                Incr(ns)  Path(ns)    Netlist Resource(s)
  -------------------------------------------------------------------    -------------------
                         (clock ref_clk rise edge)    0.000     0.000 r  
    P10                                               0.000     0.000 r  axi_clk_0 (IN)
                         net (fo=0)                   0.000     0.000    axi_clk_0_IBUF_inst/I
    P10                  INBUF (Prop_INBUF_HPIOB_M_PAD_O)
                                                      0.545     0.545 r  axi_clk_0_IBUF_inst/INBUF_INST/O
                         net (fo=1, routed)           0.000     0.545    axi_clk_0_IBUF_inst/OUT
    P10                  IBUFCTRL (Prop_IBUFCTRL_HPIOB_M_I_O)
                                                      0.000     0.545 r  axi_clk_0_IBUF_inst/IBUFCTRL_INST/O
                         net (fo=1, routed)           2.747     3.292    axi_clk_0_IBUF
    BUFGCE_HDIO_X0Y8     BUFGCE (Prop_BUFCE_BUFGCE_HDIO_I_O)
                                                      0.028     3.320 r  axi_clk_0_IBUF_BUFG_inst/O
    X1Y3 (CLOCK_ROOT)    net (fo=39327, routed)       2.821     6.141    FSRCNN_CORE_i/FSRCNN_CORE/M_Layer_0/inst/core_layer3/pe_array3/pe6/DSP1/U0/i_synth/i_synth_option.i_synth_model/opt_8series.i_uniwrap/i_primitive/CLK
    DSP48E2_X11Y11       DSP_M_DATA                                   r  FSRCNN_CORE_i/FSRCNN_CORE/M_Layer_0/inst/core_layer3/pe_array3/pe6/DSP1/U0/i_synth/i_synth_option.i_synth_model/opt_8series.i_uniwrap/i_primitive/DSP_M_DATA_INST/CLK
  -------------------------------------------------------------------    -------------------
    DSP48E2_X11Y11       DSP_M_DATA (Prop_DSP_M_DATA_DSP48E2_CLK_V_DATA[8])
                                                      0.277     6.418 r  FSRCNN_CORE_i/FSRCNN_CORE/M_Layer_0/inst/core_layer3/pe_array3/pe6/DSP1/U0/i_synth/i_synth_option.i_synth_model/opt_8series.i_uniwrap/i_primitive/DSP_M_DATA_INST/V_DATA[8]
                         net (fo=1, routed)           0.000     6.418    FSRCNN_CORE_i/FSRCNN_CORE/M_Layer_0/inst/core_layer3/pe_array3/pe6/DSP1/U0/i_synth/i_synth_option.i_synth_model/opt_8series.i_uniwrap/i_primitive/DSP_M_DATA.V_DATA<8>
    DSP48E2_X11Y11       DSP_ALU (Prop_DSP_ALU_DSP48E2_V_DATA[8]_ALU_OUT[8])
                                                      0.571     6.989 f  FSRCNN_CORE_i/FSRCNN_CORE/M_Layer_0/inst/core_layer3/pe_array3/pe6/DSP1/U0/i_synth/i_synth_option.i_synth_model/opt_8series.i_uniwrap/i_primitive/DSP_ALU_INST/ALU_OUT[8]
                         net (fo=1, routed)           0.000     6.989    FSRCNN_CORE_i/FSRCNN_CORE/M_Layer_0/inst/core_layer3/pe_array3/pe6/DSP1/U0/i_synth/i_synth_option.i_synth_model/opt_8series.i_uniwrap/i_primitive/DSP_ALU.ALU_OUT<8>
    DSP48E2_X11Y11       DSP_OUTPUT (Prop_DSP_OUTPUT_DSP48E2_ALU_OUT[8]_P[8])
                                                      0.109     7.098 r  FSRCNN_CORE_i/FSRCNN_CORE/M_Layer_0/inst/core_layer3/pe_array3/pe6/DSP1/U0/i_synth/i_synth_option.i_synth_model/opt_8series.i_uniwrap/i_primitive/DSP_OUTPUT_INST/P[8]
                         net (fo=4, routed)           1.432     8.531    FSRCNN_CORE_i/FSRCNN_CORE/M_Layer_0/inst/core_layer3/pe_array3/pe6/DSP_inter[1]_105[8]
    SLICE_X55Y26         LUT6 (Prop_A6LUT_SLICEM_I4_O)
                                                      0.100     8.631 r  FSRCNN_CORE_i/FSRCNN_CORE/M_Layer_0/inst/core_layer3/pe_array3/pe6/adderReg_pipe0[15]_i_17__101/O
                         net (fo=1, routed)           0.013     8.644    FSRCNN_CORE_i/FSRCNN_CORE/M_Layer_0/inst/core_layer3/pe_array3/pe6/adderReg_pipe0[15]_i_17__101_n_0
    SLICE_X55Y26         CARRY8 (Prop_CARRY8_SLICEM_S[0]_CO[7])
                                                      0.192     8.836 r  FSRCNN_CORE_i/FSRCNN_CORE/M_Layer_0/inst/core_layer3/pe_array3/pe6/adderReg_pipe0_reg[15]_i_1__101/CO[7]
                         net (fo=1, routed)           0.026     8.862    FSRCNN_CORE_i/FSRCNN_CORE/M_Layer_0/inst/core_layer3/pe_array3/pe6/adderReg_pipe0_reg[15]_i_1__101_n_0
    SLICE_X55Y27         CARRY8 (Prop_CARRY8_SLICEM_CI_O[5])
                                                      0.116     8.978 r  FSRCNN_CORE_i/FSRCNN_CORE/M_Layer_0/inst/core_layer3/pe_array3/pe6/adderReg_pipe0_reg[21]_i_1__101/O[5]
                         net (fo=1, routed)           0.025     9.003    FSRCNN_CORE_i/FSRCNN_CORE/M_Layer_0/inst/core_layer3/pe_array3/pe6/p_0_in1_in[21]
    SLICE_X55Y27         FDRE                                         r  FSRCNN_CORE_i/FSRCNN_CORE/M_Layer_0/inst/core_layer3/pe_array3/pe6/adderReg_pipe0_reg[21]/D
  -------------------------------------------------------------------    -------------------

                         (clock ref_clk rise edge)    3.333     3.333 r  
    P10                                               0.000     3.333 r  axi_clk_0 (IN)
                         net (fo=0)                   0.000     3.333    axi_clk_0_IBUF_inst/I
    P10                  INBUF (Prop_INBUF_HPIOB_M_PAD_O)
                                                      0.295     3.628 r  axi_clk_0_IBUF_inst/INBUF_INST/O
                         net (fo=1, routed)           0.000     3.628    axi_clk_0_IBUF_inst/OUT
    P10                  IBUFCTRL (Prop_IBUFCTRL_HPIOB_M_I_O)
                                                      0.000     3.628 r  axi_clk_0_IBUF_inst/IBUFCTRL_INST/O
                         net (fo=1, routed)           1.795     5.423    axi_clk_0_IBUF
    BUFGCE_HDIO_X0Y8     BUFGCE (Prop_BUFCE_BUFGCE_HDIO_I_O)
                                                      0.024     5.447 r  axi_clk_0_IBUF_BUFG_inst/O
    X1Y3 (CLOCK_ROOT)    net (fo=39327, routed)       2.483     7.930    FSRCNN_CORE_i/FSRCNN_CORE/M_Layer_0/inst/core_layer3/pe_array3/pe6/axi_clk
    SLICE_X55Y27         FDRE                                         r  FSRCNN_CORE_i/FSRCNN_CORE/M_Layer_0/inst/core_layer3/pe_array3/pe6/adderReg_pipe0_reg[21]/C
                         clock pessimism              1.475     9.405    
                         clock uncertainty           -0.035     9.370    
    SLICE_X55Y27         FDRE (Setup_FFF_SLICEM_C_D)
                                                      0.025     9.395    FSRCNN_CORE_i/FSRCNN_CORE/M_Layer_0/inst/core_layer3/pe_array3/pe6/adderReg_pipe0_reg[21]
  -------------------------------------------------------------------
                         required time                          9.395    
                         arrival time                          -9.003    
  -------------------------------------------------------------------
                         slack                                  0.392    

Slack (MET) :             0.394ns  (required time - arrival time)
  Source:                 FSRCNN_CORE_i/FSRCNN_CORE/M_Layer_0/inst/core_layer4/backBuffer/U0/inst_fifo_gen/gaxis_fifo.gaxisf.axisf/grf.rf/gntv_or_sync_fifo.mem/goreg_bm.dout_i_reg[46]/C
                            (rising edge-triggered cell FDRE clocked by ref_clk  {rise@0.000ns fall@1.666ns period=3.333ns})
  Destination:            FSRCNN_CORE_i/FSRCNN_CORE/E_Layer_0/inst/Conv/kernel[12].PE_Array_inst/parallel_kernel_channel[5].Mult/DSP/U0/i_synth/i_synth_option.i_synth_model/opt_8series.i_uniwrap/i_primitive/DSP_M_DATA_INST/V[10]
                            (rising edge-triggered cell DSP_M_DATA clocked by ref_clk  {rise@0.000ns fall@1.666ns period=3.333ns})
  Path Group:             ref_clk
  Path Type:              Setup (Max at Slow Process Corner)
  Requirement:            3.333ns  (ref_clk rise@3.333ns - ref_clk rise@0.000ns)
  Data Path Delay:        2.775ns  (logic 0.854ns (30.772%)  route 1.921ns (69.228%))
  Logic Levels:           3  (DSP_A_B_DATA=1 DSP_MULTIPLIER=1 DSP_PREADD_DATA=1)
  Clock Path Skew:        -0.142ns (DCD - SCD + CPR)
    Destination Clock Delay (DCD):    4.749ns = ( 8.082 - 3.333 ) 
    Source Clock Delay      (SCD):    6.232ns
    Clock Pessimism Removal (CPR):    1.341ns
  Clock Uncertainty:      0.035ns  ((TSJ^2 + TIJ^2)^1/2 + DJ) / 2 + PE
    Total System Jitter     (TSJ):    0.071ns
    Total Input Jitter      (TIJ):    0.000ns
    Discrete Jitter          (DJ):    0.000ns
    Phase Error              (PE):    0.000ns
  Clock Net Delay (Source):      2.912ns (routing 1.388ns, distribution 1.524ns)
  Clock Net Delay (Destination): 2.635ns (routing 1.261ns, distribution 1.374ns)

    Location             Delay type                Incr(ns)  Path(ns)    Netlist Resource(s)
  -------------------------------------------------------------------    -------------------
                         (clock ref_clk rise edge)    0.000     0.000 r  
    P10                                               0.000     0.000 r  axi_clk_0 (IN)
                         net (fo=0)                   0.000     0.000    axi_clk_0_IBUF_inst/I
    P10                  INBUF (Prop_INBUF_HPIOB_M_PAD_O)
                                                      0.545     0.545 r  axi_clk_0_IBUF_inst/INBUF_INST/O
                         net (fo=1, routed)           0.000     0.545    axi_clk_0_IBUF_inst/OUT
    P10                  IBUFCTRL (Prop_IBUFCTRL_HPIOB_M_I_O)
                                                      0.000     0.545 r  axi_clk_0_IBUF_inst/IBUFCTRL_INST/O
                         net (fo=1, routed)           2.747     3.292    axi_clk_0_IBUF
    BUFGCE_HDIO_X0Y8     BUFGCE (Prop_BUFCE_BUFGCE_HDIO_I_O)
                                                      0.028     3.320 r  axi_clk_0_IBUF_BUFG_inst/O
    X1Y3 (CLOCK_ROOT)    net (fo=39327, routed)       2.912     6.232    FSRCNN_CORE_i/FSRCNN_CORE/M_Layer_0/inst/core_layer4/backBuffer/U0/inst_fifo_gen/gaxis_fifo.gaxisf.axisf/grf.rf/gntv_or_sync_fifo.mem/s_aclk
    SLICE_X24Y297        FDRE                                         r  FSRCNN_CORE_i/FSRCNN_CORE/M_Layer_0/inst/core_layer4/backBuffer/U0/inst_fifo_gen/gaxis_fifo.gaxisf.axisf/grf.rf/gntv_or_sync_fifo.mem/goreg_bm.dout_i_reg[46]/C
  -------------------------------------------------------------------    -------------------
    SLICE_X24Y297        FDRE (Prop_EFF_SLICEL_C_Q)
                                                      0.079     6.311 f  FSRCNN_CORE_i/FSRCNN_CORE/M_Layer_0/inst/core_layer4/backBuffer/U0/inst_fifo_gen/gaxis_fifo.gaxisf.axisf/grf.rf/gntv_or_sync_fifo.mem/goreg_bm.dout_i_reg[46]/Q
                         net (fo=16, routed)          1.921     8.233    FSRCNN_CORE_i/FSRCNN_CORE/E_Layer_0/inst/Conv/kernel[12].PE_Array_inst/parallel_kernel_channel[5].Mult/DSP/U0/i_synth/i_synth_option.i_synth_model/opt_8series.i_uniwrap/i_primitive/A[2]
    DSP48E2_X4Y136       DSP_A_B_DATA (Prop_DSP_A_B_DATA_DSP48E2_A[2]_A2_DATA[2])
                                                      0.192     8.425 r  FSRCNN_CORE_i/FSRCNN_CORE/E_Layer_0/inst/Conv/kernel[12].PE_Array_inst/parallel_kernel_channel[5].Mult/DSP/U0/i_synth/i_synth_option.i_synth_model/opt_8series.i_uniwrap/i_primitive/DSP_A_B_DATA_INST/A2_DATA[2]
                         net (fo=1, routed)           0.000     8.425    FSRCNN_CORE_i/FSRCNN_CORE/E_Layer_0/inst/Conv/kernel[12].PE_Array_inst/parallel_kernel_channel[5].Mult/DSP/U0/i_synth/i_synth_option.i_synth_model/opt_8series.i_uniwrap/i_primitive/DSP_A_B_DATA.A2_DATA<2>
    DSP48E2_X4Y136       DSP_PREADD_DATA (Prop_DSP_PREADD_DATA_DSP48E2_A2_DATA[2]_A2A1[2])
                                                      0.076     8.501 r  FSRCNN_CORE_i/FSRCNN_CORE/E_Layer_0/inst/Conv/kernel[12].PE_Array_inst/parallel_kernel_channel[5].Mult/DSP/U0/i_synth/i_synth_option.i_synth_model/opt_8series.i_uniwrap/i_primitive/DSP_PREADD_DATA_INST/A2A1[2]
                         net (fo=1, routed)           0.000     8.501    FSRCNN_CORE_i/FSRCNN_CORE/E_Layer_0/inst/Conv/kernel[12].PE_Array_inst/parallel_kernel_channel[5].Mult/DSP/U0/i_synth/i_synth_option.i_synth_model/opt_8series.i_uniwrap/i_primitive/DSP_PREADD_DATA.A2A1<2>
    DSP48E2_X4Y136       DSP_MULTIPLIER (Prop_DSP_MULTIPLIER_DSP48E2_A2A1[2]_V[10])
                                                      0.507     9.008 r  FSRCNN_CORE_i/FSRCNN_CORE/E_Layer_0/inst/Conv/kernel[12].PE_Array_inst/parallel_kernel_channel[5].Mult/DSP/U0/i_synth/i_synth_option.i_synth_model/opt_8series.i_uniwrap/i_primitive/DSP_MULTIPLIER_INST/V[10]
                         net (fo=1, routed)           0.000     9.008    FSRCNN_CORE_i/FSRCNN_CORE/E_Layer_0/inst/Conv/kernel[12].PE_Array_inst/parallel_kernel_channel[5].Mult/DSP/U0/i_synth/i_synth_option.i_synth_model/opt_8series.i_uniwrap/i_primitive/DSP_MULTIPLIER.V<10>
    DSP48E2_X4Y136       DSP_M_DATA                                   r  FSRCNN_CORE_i/FSRCNN_CORE/E_Layer_0/inst/Conv/kernel[12].PE_Array_inst/parallel_kernel_channel[5].Mult/DSP/U0/i_synth/i_synth_option.i_synth_model/opt_8series.i_uniwrap/i_primitive/DSP_M_DATA_INST/V[10]
  -------------------------------------------------------------------    -------------------

                         (clock ref_clk rise edge)    3.333     3.333 r  
    P10                                               0.000     3.333 r  axi_clk_0 (IN)
                         net (fo=0)                   0.000     3.333    axi_clk_0_IBUF_inst/I
    P10                  INBUF (Prop_INBUF_HPIOB_M_PAD_O)
                                                      0.295     3.628 r  axi_clk_0_IBUF_inst/INBUF_INST/O
                         net (fo=1, routed)           0.000     3.628    axi_clk_0_IBUF_inst/OUT
    P10                  IBUFCTRL (Prop_IBUFCTRL_HPIOB_M_I_O)
                                                      0.000     3.628 r  axi_clk_0_IBUF_inst/IBUFCTRL_INST/O
                         net (fo=1, routed)           1.795     5.423    axi_clk_0_IBUF
    BUFGCE_HDIO_X0Y8     BUFGCE (Prop_BUFCE_BUFGCE_HDIO_I_O)
                                                      0.024     5.447 r  axi_clk_0_IBUF_BUFG_inst/O
    X1Y3 (CLOCK_ROOT)    net (fo=39327, routed)       2.635     8.082    FSRCNN_CORE_i/FSRCNN_CORE/E_Layer_0/inst/Conv/kernel[12].PE_Array_inst/parallel_kernel_channel[5].Mult/DSP/U0/i_synth/i_synth_option.i_synth_model/opt_8series.i_uniwrap/i_primitive/CLK
    DSP48E2_X4Y136       DSP_M_DATA                                   r  FSRCNN_CORE_i/FSRCNN_CORE/E_Layer_0/inst/Conv/kernel[12].PE_Array_inst/parallel_kernel_channel[5].Mult/DSP/U0/i_synth/i_synth_option.i_synth_model/opt_8series.i_uniwrap/i_primitive/DSP_M_DATA_INST/CLK
                         clock pessimism              1.341     9.423    
                         clock uncertainty           -0.035     9.388    
    DSP48E2_X4Y136       DSP_M_DATA (Setup_DSP_M_DATA_DSP48E2_CLK_V[10])
                                                      0.014     9.402    FSRCNN_CORE_i/FSRCNN_CORE/E_Layer_0/inst/Conv/kernel[12].PE_Array_inst/parallel_kernel_channel[5].Mult/DSP/U0/i_synth/i_synth_option.i_synth_model/opt_8series.i_uniwrap/i_primitive/DSP_M_DATA_INST
  -------------------------------------------------------------------
                         required time                          9.402    
                         arrival time                          -9.008    
  -------------------------------------------------------------------
                         slack                                  0.394    

Slack (MET) :             0.394ns  (required time - arrival time)
  Source:                 FSRCNN_CORE_i/FSRCNN_CORE/M_Layer_0/inst/core_layer4/backBuffer/U0/inst_fifo_gen/gaxis_fifo.gaxisf.axisf/grf.rf/gntv_or_sync_fifo.mem/goreg_bm.dout_i_reg[46]/C
                            (rising edge-triggered cell FDRE clocked by ref_clk  {rise@0.000ns fall@1.666ns period=3.333ns})
  Destination:            FSRCNN_CORE_i/FSRCNN_CORE/E_Layer_0/inst/Conv/kernel[12].PE_Array_inst/parallel_kernel_channel[5].Mult/DSP/U0/i_synth/i_synth_option.i_synth_model/opt_8series.i_uniwrap/i_primitive/DSP_M_DATA_INST/V[11]
                            (rising edge-triggered cell DSP_M_DATA clocked by ref_clk  {rise@0.000ns fall@1.666ns period=3.333ns})
  Path Group:             ref_clk
  Path Type:              Setup (Max at Slow Process Corner)
  Requirement:            3.333ns  (ref_clk rise@3.333ns - ref_clk rise@0.000ns)
  Data Path Delay:        2.775ns  (logic 0.854ns (30.772%)  route 1.921ns (69.228%))
  Logic Levels:           3  (DSP_A_B_DATA=1 DSP_MULTIPLIER=1 DSP_PREADD_DATA=1)
  Clock Path Skew:        -0.142ns (DCD - SCD + CPR)
    Destination Clock Delay (DCD):    4.749ns = ( 8.082 - 3.333 ) 
    Source Clock Delay      (SCD):    6.232ns
    Clock Pessimism Removal (CPR):    1.341ns
  Clock Uncertainty:      0.035ns  ((TSJ^2 + TIJ^2)^1/2 + DJ) / 2 + PE
    Total System Jitter     (TSJ):    0.071ns
    Total Input Jitter      (TIJ):    0.000ns
    Discrete Jitter          (DJ):    0.000ns
    Phase Error              (PE):    0.000ns
  Clock Net Delay (Source):      2.912ns (routing 1.388ns, distribution 1.524ns)
  Clock Net Delay (Destination): 2.635ns (routing 1.261ns, distribution 1.374ns)

    Location             Delay type                Incr(ns)  Path(ns)    Netlist Resource(s)
  -------------------------------------------------------------------    -------------------
                         (clock ref_clk rise edge)    0.000     0.000 r  
    P10                                               0.000     0.000 r  axi_clk_0 (IN)
                         net (fo=0)                   0.000     0.000    axi_clk_0_IBUF_inst/I
    P10                  INBUF (Prop_INBUF_HPIOB_M_PAD_O)
                                                      0.545     0.545 r  axi_clk_0_IBUF_inst/INBUF_INST/O
                         net (fo=1, routed)           0.000     0.545    axi_clk_0_IBUF_inst/OUT
    P10                  IBUFCTRL (Prop_IBUFCTRL_HPIOB_M_I_O)
                                                      0.000     0.545 r  axi_clk_0_IBUF_inst/IBUFCTRL_INST/O
                         net (fo=1, routed)           2.747     3.292    axi_clk_0_IBUF
    BUFGCE_HDIO_X0Y8     BUFGCE (Prop_BUFCE_BUFGCE_HDIO_I_O)
                                                      0.028     3.320 r  axi_clk_0_IBUF_BUFG_inst/O
    X1Y3 (CLOCK_ROOT)    net (fo=39327, routed)       2.912     6.232    FSRCNN_CORE_i/FSRCNN_CORE/M_Layer_0/inst/core_layer4/backBuffer/U0/inst_fifo_gen/gaxis_fifo.gaxisf.axisf/grf.rf/gntv_or_sync_fifo.mem/s_aclk
    SLICE_X24Y297        FDRE                                         r  FSRCNN_CORE_i/FSRCNN_CORE/M_Layer_0/inst/core_layer4/backBuffer/U0/inst_fifo_gen/gaxis_fifo.gaxisf.axisf/grf.rf/gntv_or_sync_fifo.mem/goreg_bm.dout_i_reg[46]/C
  -------------------------------------------------------------------    -------------------
    SLICE_X24Y297        FDRE (Prop_EFF_SLICEL_C_Q)
                                                      0.079     6.311 f  FSRCNN_CORE_i/FSRCNN_CORE/M_Layer_0/inst/core_layer4/backBuffer/U0/inst_fifo_gen/gaxis_fifo.gaxisf.axisf/grf.rf/gntv_or_sync_fifo.mem/goreg_bm.dout_i_reg[46]/Q
                         net (fo=16, routed)          1.921     8.233    FSRCNN_CORE_i/FSRCNN_CORE/E_Layer_0/inst/Conv/kernel[12].PE_Array_inst/parallel_kernel_channel[5].Mult/DSP/U0/i_synth/i_synth_option.i_synth_model/opt_8series.i_uniwrap/i_primitive/A[2]
    DSP48E2_X4Y136       DSP_A_B_DATA (Prop_DSP_A_B_DATA_DSP48E2_A[2]_A2_DATA[2])
                                                      0.192     8.425 r  FSRCNN_CORE_i/FSRCNN_CORE/E_Layer_0/inst/Conv/kernel[12].PE_Array_inst/parallel_kernel_channel[5].Mult/DSP/U0/i_synth/i_synth_option.i_synth_model/opt_8series.i_uniwrap/i_primitive/DSP_A_B_DATA_INST/A2_DATA[2]
                         net (fo=1, routed)           0.000     8.425    FSRCNN_CORE_i/FSRCNN_CORE/E_Layer_0/inst/Conv/kernel[12].PE_Array_inst/parallel_kernel_channel[5].Mult/DSP/U0/i_synth/i_synth_option.i_synth_model/opt_8series.i_uniwrap/i_primitive/DSP_A_B_DATA.A2_DATA<2>
    DSP48E2_X4Y136       DSP_PREADD_DATA (Prop_DSP_PREADD_DATA_DSP48E2_A2_DATA[2]_A2A1[2])
                                                      0.076     8.501 r  FSRCNN_CORE_i/FSRCNN_CORE/E_Layer_0/inst/Conv/kernel[12].PE_Array_inst/parallel_kernel_channel[5].Mult/DSP/U0/i_synth/i_synth_option.i_synth_model/opt_8series.i_uniwrap/i_primitive/DSP_PREADD_DATA_INST/A2A1[2]
                         net (fo=1, routed)           0.000     8.501    FSRCNN_CORE_i/FSRCNN_CORE/E_Layer_0/inst/Conv/kernel[12].PE_Array_inst/parallel_kernel_channel[5].Mult/DSP/U0/i_synth/i_synth_option.i_synth_model/opt_8series.i_uniwrap/i_primitive/DSP_PREADD_DATA.A2A1<2>
    DSP48E2_X4Y136       DSP_MULTIPLIER (Prop_DSP_MULTIPLIER_DSP48E2_A2A1[2]_V[11])
                                                      0.507     9.008 r  FSRCNN_CORE_i/FSRCNN_CORE/E_Layer_0/inst/Conv/kernel[12].PE_Array_inst/parallel_kernel_channel[5].Mult/DSP/U0/i_synth/i_synth_option.i_synth_model/opt_8series.i_uniwrap/i_primitive/DSP_MULTIPLIER_INST/V[11]
                         net (fo=1, routed)           0.000     9.008    FSRCNN_CORE_i/FSRCNN_CORE/E_Layer_0/inst/Conv/kernel[12].PE_Array_inst/parallel_kernel_channel[5].Mult/DSP/U0/i_synth/i_synth_option.i_synth_model/opt_8series.i_uniwrap/i_primitive/DSP_MULTIPLIER.V<11>
    DSP48E2_X4Y136       DSP_M_DATA                                   r  FSRCNN_CORE_i/FSRCNN_CORE/E_Layer_0/inst/Conv/kernel[12].PE_Array_inst/parallel_kernel_channel[5].Mult/DSP/U0/i_synth/i_synth_option.i_synth_model/opt_8series.i_uniwrap/i_primitive/DSP_M_DATA_INST/V[11]
  -------------------------------------------------------------------    -------------------

                         (clock ref_clk rise edge)    3.333     3.333 r  
    P10                                               0.000     3.333 r  axi_clk_0 (IN)
                         net (fo=0)                   0.000     3.333    axi_clk_0_IBUF_inst/I
    P10                  INBUF (Prop_INBUF_HPIOB_M_PAD_O)
                                                      0.295     3.628 r  axi_clk_0_IBUF_inst/INBUF_INST/O
                         net (fo=1, routed)           0.000     3.628    axi_clk_0_IBUF_inst/OUT
    P10                  IBUFCTRL (Prop_IBUFCTRL_HPIOB_M_I_O)
                                                      0.000     3.628 r  axi_clk_0_IBUF_inst/IBUFCTRL_INST/O
                         net (fo=1, routed)           1.795     5.423    axi_clk_0_IBUF
    BUFGCE_HDIO_X0Y8     BUFGCE (Prop_BUFCE_BUFGCE_HDIO_I_O)
                                                      0.024     5.447 r  axi_clk_0_IBUF_BUFG_inst/O
    X1Y3 (CLOCK_ROOT)    net (fo=39327, routed)       2.635     8.082    FSRCNN_CORE_i/FSRCNN_CORE/E_Layer_0/inst/Conv/kernel[12].PE_Array_inst/parallel_kernel_channel[5].Mult/DSP/U0/i_synth/i_synth_option.i_synth_model/opt_8series.i_uniwrap/i_primitive/CLK
    DSP48E2_X4Y136       DSP_M_DATA                                   r  FSRCNN_CORE_i/FSRCNN_CORE/E_Layer_0/inst/Conv/kernel[12].PE_Array_inst/parallel_kernel_channel[5].Mult/DSP/U0/i_synth/i_synth_option.i_synth_model/opt_8series.i_uniwrap/i_primitive/DSP_M_DATA_INST/CLK
                         clock pessimism              1.341     9.423    
                         clock uncertainty           -0.035     9.388    
    DSP48E2_X4Y136       DSP_M_DATA (Setup_DSP_M_DATA_DSP48E2_CLK_V[11])
                                                      0.014     9.402    FSRCNN_CORE_i/FSRCNN_CORE/E_Layer_0/inst/Conv/kernel[12].PE_Array_inst/parallel_kernel_channel[5].Mult/DSP/U0/i_synth/i_synth_option.i_synth_model/opt_8series.i_uniwrap/i_primitive/DSP_M_DATA_INST
  -------------------------------------------------------------------
                         required time                          9.402    
                         arrival time                          -9.008    
  -------------------------------------------------------------------
                         slack                                  0.394    

Slack (MET) :             0.394ns  (required time - arrival time)
  Source:                 FSRCNN_CORE_i/FSRCNN_CORE/M_Layer_0/inst/core_layer4/backBuffer/U0/inst_fifo_gen/gaxis_fifo.gaxisf.axisf/grf.rf/gntv_or_sync_fifo.mem/goreg_bm.dout_i_reg[46]/C
                            (rising edge-triggered cell FDRE clocked by ref_clk  {rise@0.000ns fall@1.666ns period=3.333ns})
  Destination:            FSRCNN_CORE_i/FSRCNN_CORE/E_Layer_0/inst/Conv/kernel[12].PE_Array_inst/parallel_kernel_channel[5].Mult/DSP/U0/i_synth/i_synth_option.i_synth_model/opt_8series.i_uniwrap/i_primitive/DSP_M_DATA_INST/V[12]
                            (rising edge-triggered cell DSP_M_DATA clocked by ref_clk  {rise@0.000ns fall@1.666ns period=3.333ns})
  Path Group:             ref_clk
  Path Type:              Setup (Max at Slow Process Corner)
  Requirement:            3.333ns  (ref_clk rise@3.333ns - ref_clk rise@0.000ns)
  Data Path Delay:        2.775ns  (logic 0.854ns (30.772%)  route 1.921ns (69.228%))
  Logic Levels:           3  (DSP_A_B_DATA=1 DSP_MULTIPLIER=1 DSP_PREADD_DATA=1)
  Clock Path Skew:        -0.142ns (DCD - SCD + CPR)
    Destination Clock Delay (DCD):    4.749ns = ( 8.082 - 3.333 ) 
    Source Clock Delay      (SCD):    6.232ns
    Clock Pessimism Removal (CPR):    1.341ns
  Clock Uncertainty:      0.035ns  ((TSJ^2 + TIJ^2)^1/2 + DJ) / 2 + PE
    Total System Jitter     (TSJ):    0.071ns
    Total Input Jitter      (TIJ):    0.000ns
    Discrete Jitter          (DJ):    0.000ns
    Phase Error              (PE):    0.000ns
  Clock Net Delay (Source):      2.912ns (routing 1.388ns, distribution 1.524ns)
  Clock Net Delay (Destination): 2.635ns (routing 1.261ns, distribution 1.374ns)

    Location             Delay type                Incr(ns)  Path(ns)    Netlist Resource(s)
  -------------------------------------------------------------------    -------------------
                         (clock ref_clk rise edge)    0.000     0.000 r  
    P10                                               0.000     0.000 r  axi_clk_0 (IN)
                         net (fo=0)                   0.000     0.000    axi_clk_0_IBUF_inst/I
    P10                  INBUF (Prop_INBUF_HPIOB_M_PAD_O)
                                                      0.545     0.545 r  axi_clk_0_IBUF_inst/INBUF_INST/O
                         net (fo=1, routed)           0.000     0.545    axi_clk_0_IBUF_inst/OUT
    P10                  IBUFCTRL (Prop_IBUFCTRL_HPIOB_M_I_O)
                                                      0.000     0.545 r  axi_clk_0_IBUF_inst/IBUFCTRL_INST/O
                         net (fo=1, routed)           2.747     3.292    axi_clk_0_IBUF
    BUFGCE_HDIO_X0Y8     BUFGCE (Prop_BUFCE_BUFGCE_HDIO_I_O)
                                                      0.028     3.320 r  axi_clk_0_IBUF_BUFG_inst/O
    X1Y3 (CLOCK_ROOT)    net (fo=39327, routed)       2.912     6.232    FSRCNN_CORE_i/FSRCNN_CORE/M_Layer_0/inst/core_layer4/backBuffer/U0/inst_fifo_gen/gaxis_fifo.gaxisf.axisf/grf.rf/gntv_or_sync_fifo.mem/s_aclk
    SLICE_X24Y297        FDRE                                         r  FSRCNN_CORE_i/FSRCNN_CORE/M_Layer_0/inst/core_layer4/backBuffer/U0/inst_fifo_gen/gaxis_fifo.gaxisf.axisf/grf.rf/gntv_or_sync_fifo.mem/goreg_bm.dout_i_reg[46]/C
  -------------------------------------------------------------------    -------------------
    SLICE_X24Y297        FDRE (Prop_EFF_SLICEL_C_Q)
                                                      0.079     6.311 f  FSRCNN_CORE_i/FSRCNN_CORE/M_Layer_0/inst/core_layer4/backBuffer/U0/inst_fifo_gen/gaxis_fifo.gaxisf.axisf/grf.rf/gntv_or_sync_fifo.mem/goreg_bm.dout_i_reg[46]/Q
                         net (fo=16, routed)          1.921     8.233    FSRCNN_CORE_i/FSRCNN_CORE/E_Layer_0/inst/Conv/kernel[12].PE_Array_inst/parallel_kernel_channel[5].Mult/DSP/U0/i_synth/i_synth_option.i_synth_model/opt_8series.i_uniwrap/i_primitive/A[2]
    DSP48E2_X4Y136       DSP_A_B_DATA (Prop_DSP_A_B_DATA_DSP48E2_A[2]_A2_DATA[2])
                                                      0.192     8.425 r  FSRCNN_CORE_i/FSRCNN_CORE/E_Layer_0/inst/Conv/kernel[12].PE_Array_inst/parallel_kernel_channel[5].Mult/DSP/U0/i_synth/i_synth_option.i_synth_model/opt_8series.i_uniwrap/i_primitive/DSP_A_B_DATA_INST/A2_DATA[2]
                         net (fo=1, routed)           0.000     8.425    FSRCNN_CORE_i/FSRCNN_CORE/E_Layer_0/inst/Conv/kernel[12].PE_Array_inst/parallel_kernel_channel[5].Mult/DSP/U0/i_synth/i_synth_option.i_synth_model/opt_8series.i_uniwrap/i_primitive/DSP_A_B_DATA.A2_DATA<2>
    DSP48E2_X4Y136       DSP_PREADD_DATA (Prop_DSP_PREADD_DATA_DSP48E2_A2_DATA[2]_A2A1[2])
                                                      0.076     8.501 r  FSRCNN_CORE_i/FSRCNN_CORE/E_Layer_0/inst/Conv/kernel[12].PE_Array_inst/parallel_kernel_channel[5].Mult/DSP/U0/i_synth/i_synth_option.i_synth_model/opt_8series.i_uniwrap/i_primitive/DSP_PREADD_DATA_INST/A2A1[2]
                         net (fo=1, routed)           0.000     8.501    FSRCNN_CORE_i/FSRCNN_CORE/E_Layer_0/inst/Conv/kernel[12].PE_Array_inst/parallel_kernel_channel[5].Mult/DSP/U0/i_synth/i_synth_option.i_synth_model/opt_8series.i_uniwrap/i_primitive/DSP_PREADD_DATA.A2A1<2>
    DSP48E2_X4Y136       DSP_MULTIPLIER (Prop_DSP_MULTIPLIER_DSP48E2_A2A1[2]_V[12])
                                                      0.507     9.008 r  FSRCNN_CORE_i/FSRCNN_CORE/E_Layer_0/inst/Conv/kernel[12].PE_Array_inst/parallel_kernel_channel[5].Mult/DSP/U0/i_synth/i_synth_option.i_synth_model/opt_8series.i_uniwrap/i_primitive/DSP_MULTIPLIER_INST/V[12]
                         net (fo=1, routed)           0.000     9.008    FSRCNN_CORE_i/FSRCNN_CORE/E_Layer_0/inst/Conv/kernel[12].PE_Array_inst/parallel_kernel_channel[5].Mult/DSP/U0/i_synth/i_synth_option.i_synth_model/opt_8series.i_uniwrap/i_primitive/DSP_MULTIPLIER.V<12>
    DSP48E2_X4Y136       DSP_M_DATA                                   r  FSRCNN_CORE_i/FSRCNN_CORE/E_Layer_0/inst/Conv/kernel[12].PE_Array_inst/parallel_kernel_channel[5].Mult/DSP/U0/i_synth/i_synth_option.i_synth_model/opt_8series.i_uniwrap/i_primitive/DSP_M_DATA_INST/V[12]
  -------------------------------------------------------------------    -------------------

                         (clock ref_clk rise edge)    3.333     3.333 r  
    P10                                               0.000     3.333 r  axi_clk_0 (IN)
                         net (fo=0)                   0.000     3.333    axi_clk_0_IBUF_inst/I
    P10                  INBUF (Prop_INBUF_HPIOB_M_PAD_O)
                                                      0.295     3.628 r  axi_clk_0_IBUF_inst/INBUF_INST/O
                         net (fo=1, routed)           0.000     3.628    axi_clk_0_IBUF_inst/OUT
    P10                  IBUFCTRL (Prop_IBUFCTRL_HPIOB_M_I_O)
                                                      0.000     3.628 r  axi_clk_0_IBUF_inst/IBUFCTRL_INST/O
                         net (fo=1, routed)           1.795     5.423    axi_clk_0_IBUF
    BUFGCE_HDIO_X0Y8     BUFGCE (Prop_BUFCE_BUFGCE_HDIO_I_O)
                                                      0.024     5.447 r  axi_clk_0_IBUF_BUFG_inst/O
    X1Y3 (CLOCK_ROOT)    net (fo=39327, routed)       2.635     8.082    FSRCNN_CORE_i/FSRCNN_CORE/E_Layer_0/inst/Conv/kernel[12].PE_Array_inst/parallel_kernel_channel[5].Mult/DSP/U0/i_synth/i_synth_option.i_synth_model/opt_8series.i_uniwrap/i_primitive/CLK
    DSP48E2_X4Y136       DSP_M_DATA                                   r  FSRCNN_CORE_i/FSRCNN_CORE/E_Layer_0/inst/Conv/kernel[12].PE_Array_inst/parallel_kernel_channel[5].Mult/DSP/U0/i_synth/i_synth_option.i_synth_model/opt_8series.i_uniwrap/i_primitive/DSP_M_DATA_INST/CLK
                         clock pessimism              1.341     9.423    
                         clock uncertainty           -0.035     9.388    
    DSP48E2_X4Y136       DSP_M_DATA (Setup_DSP_M_DATA_DSP48E2_CLK_V[12])
                                                      0.014     9.402    FSRCNN_CORE_i/FSRCNN_CORE/E_Layer_0/inst/Conv/kernel[12].PE_Array_inst/parallel_kernel_channel[5].Mult/DSP/U0/i_synth/i_synth_option.i_synth_model/opt_8series.i_uniwrap/i_primitive/DSP_M_DATA_INST
  -------------------------------------------------------------------
                         required time                          9.402    
                         arrival time                          -9.008    
  -------------------------------------------------------------------
                         slack                                  0.394    

Slack (MET) :             0.394ns  (required time - arrival time)
  Source:                 FSRCNN_CORE_i/FSRCNN_CORE/M_Layer_0/inst/core_layer4/backBuffer/U0/inst_fifo_gen/gaxis_fifo.gaxisf.axisf/grf.rf/gntv_or_sync_fifo.mem/goreg_bm.dout_i_reg[46]/C
                            (rising edge-triggered cell FDRE clocked by ref_clk  {rise@0.000ns fall@1.666ns period=3.333ns})
  Destination:            FSRCNN_CORE_i/FSRCNN_CORE/E_Layer_0/inst/Conv/kernel[12].PE_Array_inst/parallel_kernel_channel[5].Mult/DSP/U0/i_synth/i_synth_option.i_synth_model/opt_8series.i_uniwrap/i_primitive/DSP_M_DATA_INST/V[13]
                            (rising edge-triggered cell DSP_M_DATA clocked by ref_clk  {rise@0.000ns fall@1.666ns period=3.333ns})
  Path Group:             ref_clk
  Path Type:              Setup (Max at Slow Process Corner)
  Requirement:            3.333ns  (ref_clk rise@3.333ns - ref_clk rise@0.000ns)
  Data Path Delay:        2.775ns  (logic 0.854ns (30.772%)  route 1.921ns (69.228%))
  Logic Levels:           3  (DSP_A_B_DATA=1 DSP_MULTIPLIER=1 DSP_PREADD_DATA=1)
  Clock Path Skew:        -0.142ns (DCD - SCD + CPR)
    Destination Clock Delay (DCD):    4.749ns = ( 8.082 - 3.333 ) 
    Source Clock Delay      (SCD):    6.232ns
    Clock Pessimism Removal (CPR):    1.341ns
  Clock Uncertainty:      0.035ns  ((TSJ^2 + TIJ^2)^1/2 + DJ) / 2 + PE
    Total System Jitter     (TSJ):    0.071ns
    Total Input Jitter      (TIJ):    0.000ns
    Discrete Jitter          (DJ):    0.000ns
    Phase Error              (PE):    0.000ns
  Clock Net Delay (Source):      2.912ns (routing 1.388ns, distribution 1.524ns)
  Clock Net Delay (Destination): 2.635ns (routing 1.261ns, distribution 1.374ns)

    Location             Delay type                Incr(ns)  Path(ns)    Netlist Resource(s)
  -------------------------------------------------------------------    -------------------
                         (clock ref_clk rise edge)    0.000     0.000 r  
    P10                                               0.000     0.000 r  axi_clk_0 (IN)
                         net (fo=0)                   0.000     0.000    axi_clk_0_IBUF_inst/I
    P10                  INBUF (Prop_INBUF_HPIOB_M_PAD_O)
                                                      0.545     0.545 r  axi_clk_0_IBUF_inst/INBUF_INST/O
                         net (fo=1, routed)           0.000     0.545    axi_clk_0_IBUF_inst/OUT
    P10                  IBUFCTRL (Prop_IBUFCTRL_HPIOB_M_I_O)
                                                      0.000     0.545 r  axi_clk_0_IBUF_inst/IBUFCTRL_INST/O
                         net (fo=1, routed)           2.747     3.292    axi_clk_0_IBUF
    BUFGCE_HDIO_X0Y8     BUFGCE (Prop_BUFCE_BUFGCE_HDIO_I_O)
                                                      0.028     3.320 r  axi_clk_0_IBUF_BUFG_inst/O
    X1Y3 (CLOCK_ROOT)    net (fo=39327, routed)       2.912     6.232    FSRCNN_CORE_i/FSRCNN_CORE/M_Layer_0/inst/core_layer4/backBuffer/U0/inst_fifo_gen/gaxis_fifo.gaxisf.axisf/grf.rf/gntv_or_sync_fifo.mem/s_aclk
    SLICE_X24Y297        FDRE                                         r  FSRCNN_CORE_i/FSRCNN_CORE/M_Layer_0/inst/core_layer4/backBuffer/U0/inst_fifo_gen/gaxis_fifo.gaxisf.axisf/grf.rf/gntv_or_sync_fifo.mem/goreg_bm.dout_i_reg[46]/C
  -------------------------------------------------------------------    -------------------
    SLICE_X24Y297        FDRE (Prop_EFF_SLICEL_C_Q)
                                                      0.079     6.311 f  FSRCNN_CORE_i/FSRCNN_CORE/M_Layer_0/inst/core_layer4/backBuffer/U0/inst_fifo_gen/gaxis_fifo.gaxisf.axisf/grf.rf/gntv_or_sync_fifo.mem/goreg_bm.dout_i_reg[46]/Q
                         net (fo=16, routed)          1.921     8.233    FSRCNN_CORE_i/FSRCNN_CORE/E_Layer_0/inst/Conv/kernel[12].PE_Array_inst/parallel_kernel_channel[5].Mult/DSP/U0/i_synth/i_synth_option.i_synth_model/opt_8series.i_uniwrap/i_primitive/A[2]
    DSP48E2_X4Y136       DSP_A_B_DATA (Prop_DSP_A_B_DATA_DSP48E2_A[2]_A2_DATA[2])
                                                      0.192     8.425 r  FSRCNN_CORE_i/FSRCNN_CORE/E_Layer_0/inst/Conv/kernel[12].PE_Array_inst/parallel_kernel_channel[5].Mult/DSP/U0/i_synth/i_synth_option.i_synth_model/opt_8series.i_uniwrap/i_primitive/DSP_A_B_DATA_INST/A2_DATA[2]
                         net (fo=1, routed)           0.000     8.425    FSRCNN_CORE_i/FSRCNN_CORE/E_Layer_0/inst/Conv/kernel[12].PE_Array_inst/parallel_kernel_channel[5].Mult/DSP/U0/i_synth/i_synth_option.i_synth_model/opt_8series.i_uniwrap/i_primitive/DSP_A_B_DATA.A2_DATA<2>
    DSP48E2_X4Y136       DSP_PREADD_DATA (Prop_DSP_PREADD_DATA_DSP48E2_A2_DATA[2]_A2A1[2])
                                                      0.076     8.501 r  FSRCNN_CORE_i/FSRCNN_CORE/E_Layer_0/inst/Conv/kernel[12].PE_Array_inst/parallel_kernel_channel[5].Mult/DSP/U0/i_synth/i_synth_option.i_synth_model/opt_8series.i_uniwrap/i_primitive/DSP_PREADD_DATA_INST/A2A1[2]
                         net (fo=1, routed)           0.000     8.501    FSRCNN_CORE_i/FSRCNN_CORE/E_Layer_0/inst/Conv/kernel[12].PE_Array_inst/parallel_kernel_channel[5].Mult/DSP/U0/i_synth/i_synth_option.i_synth_model/opt_8series.i_uniwrap/i_primitive/DSP_PREADD_DATA.A2A1<2>
    DSP48E2_X4Y136       DSP_MULTIPLIER (Prop_DSP_MULTIPLIER_DSP48E2_A2A1[2]_V[13])
                                                      0.507     9.008 r  FSRCNN_CORE_i/FSRCNN_CORE/E_Layer_0/inst/Conv/kernel[12].PE_Array_inst/parallel_kernel_channel[5].Mult/DSP/U0/i_synth/i_synth_option.i_synth_model/opt_8series.i_uniwrap/i_primitive/DSP_MULTIPLIER_INST/V[13]
                         net (fo=1, routed)           0.000     9.008    FSRCNN_CORE_i/FSRCNN_CORE/E_Layer_0/inst/Conv/kernel[12].PE_Array_inst/parallel_kernel_channel[5].Mult/DSP/U0/i_synth/i_synth_option.i_synth_model/opt_8series.i_uniwrap/i_primitive/DSP_MULTIPLIER.V<13>
    DSP48E2_X4Y136       DSP_M_DATA                                   r  FSRCNN_CORE_i/FSRCNN_CORE/E_Layer_0/inst/Conv/kernel[12].PE_Array_inst/parallel_kernel_channel[5].Mult/DSP/U0/i_synth/i_synth_option.i_synth_model/opt_8series.i_uniwrap/i_primitive/DSP_M_DATA_INST/V[13]
  -------------------------------------------------------------------    -------------------

                         (clock ref_clk rise edge)    3.333     3.333 r  
    P10                                               0.000     3.333 r  axi_clk_0 (IN)
                         net (fo=0)                   0.000     3.333    axi_clk_0_IBUF_inst/I
    P10                  INBUF (Prop_INBUF_HPIOB_M_PAD_O)
                                                      0.295     3.628 r  axi_clk_0_IBUF_inst/INBUF_INST/O
                         net (fo=1, routed)           0.000     3.628    axi_clk_0_IBUF_inst/OUT
    P10                  IBUFCTRL (Prop_IBUFCTRL_HPIOB_M_I_O)
                                                      0.000     3.628 r  axi_clk_0_IBUF_inst/IBUFCTRL_INST/O
                         net (fo=1, routed)           1.795     5.423    axi_clk_0_IBUF
    BUFGCE_HDIO_X0Y8     BUFGCE (Prop_BUFCE_BUFGCE_HDIO_I_O)
                                                      0.024     5.447 r  axi_clk_0_IBUF_BUFG_inst/O
    X1Y3 (CLOCK_ROOT)    net (fo=39327, routed)       2.635     8.082    FSRCNN_CORE_i/FSRCNN_CORE/E_Layer_0/inst/Conv/kernel[12].PE_Array_inst/parallel_kernel_channel[5].Mult/DSP/U0/i_synth/i_synth_option.i_synth_model/opt_8series.i_uniwrap/i_primitive/CLK
    DSP48E2_X4Y136       DSP_M_DATA                                   r  FSRCNN_CORE_i/FSRCNN_CORE/E_Layer_0/inst/Conv/kernel[12].PE_Array_inst/parallel_kernel_channel[5].Mult/DSP/U0/i_synth/i_synth_option.i_synth_model/opt_8series.i_uniwrap/i_primitive/DSP_M_DATA_INST/CLK
                         clock pessimism              1.341     9.423    
                         clock uncertainty           -0.035     9.388    
    DSP48E2_X4Y136       DSP_M_DATA (Setup_DSP_M_DATA_DSP48E2_CLK_V[13])
                                                      0.014     9.402    FSRCNN_CORE_i/FSRCNN_CORE/E_Layer_0/inst/Conv/kernel[12].PE_Array_inst/parallel_kernel_channel[5].Mult/DSP/U0/i_synth/i_synth_option.i_synth_model/opt_8series.i_uniwrap/i_primitive/DSP_M_DATA_INST
  -------------------------------------------------------------------
                         required time                          9.402    
                         arrival time                          -9.008    
  -------------------------------------------------------------------
                         slack                                  0.394    

Slack (MET) :             0.394ns  (required time - arrival time)
  Source:                 FSRCNN_CORE_i/FSRCNN_CORE/M_Layer_0/inst/core_layer4/backBuffer/U0/inst_fifo_gen/gaxis_fifo.gaxisf.axisf/grf.rf/gntv_or_sync_fifo.mem/goreg_bm.dout_i_reg[46]/C
                            (rising edge-triggered cell FDRE clocked by ref_clk  {rise@0.000ns fall@1.666ns period=3.333ns})
  Destination:            FSRCNN_CORE_i/FSRCNN_CORE/E_Layer_0/inst/Conv/kernel[12].PE_Array_inst/parallel_kernel_channel[5].Mult/DSP/U0/i_synth/i_synth_option.i_synth_model/opt_8series.i_uniwrap/i_primitive/DSP_M_DATA_INST/V[14]
                            (rising edge-triggered cell DSP_M_DATA clocked by ref_clk  {rise@0.000ns fall@1.666ns period=3.333ns})
  Path Group:             ref_clk
  Path Type:              Setup (Max at Slow Process Corner)
  Requirement:            3.333ns  (ref_clk rise@3.333ns - ref_clk rise@0.000ns)
  Data Path Delay:        2.775ns  (logic 0.854ns (30.772%)  route 1.921ns (69.228%))
  Logic Levels:           3  (DSP_A_B_DATA=1 DSP_MULTIPLIER=1 DSP_PREADD_DATA=1)
  Clock Path Skew:        -0.142ns (DCD - SCD + CPR)
    Destination Clock Delay (DCD):    4.749ns = ( 8.082 - 3.333 ) 
    Source Clock Delay      (SCD):    6.232ns
    Clock Pessimism Removal (CPR):    1.341ns
  Clock Uncertainty:      0.035ns  ((TSJ^2 + TIJ^2)^1/2 + DJ) / 2 + PE
    Total System Jitter     (TSJ):    0.071ns
    Total Input Jitter      (TIJ):    0.000ns
    Discrete Jitter          (DJ):    0.000ns
    Phase Error              (PE):    0.000ns
  Clock Net Delay (Source):      2.912ns (routing 1.388ns, distribution 1.524ns)
  Clock Net Delay (Destination): 2.635ns (routing 1.261ns, distribution 1.374ns)

    Location             Delay type                Incr(ns)  Path(ns)    Netlist Resource(s)
  -------------------------------------------------------------------    -------------------
                         (clock ref_clk rise edge)    0.000     0.000 r  
    P10                                               0.000     0.000 r  axi_clk_0 (IN)
                         net (fo=0)                   0.000     0.000    axi_clk_0_IBUF_inst/I
    P10                  INBUF (Prop_INBUF_HPIOB_M_PAD_O)
                                                      0.545     0.545 r  axi_clk_0_IBUF_inst/INBUF_INST/O
                         net (fo=1, routed)           0.000     0.545    axi_clk_0_IBUF_inst/OUT
    P10                  IBUFCTRL (Prop_IBUFCTRL_HPIOB_M_I_O)
                                                      0.000     0.545 r  axi_clk_0_IBUF_inst/IBUFCTRL_INST/O
                         net (fo=1, routed)           2.747     3.292    axi_clk_0_IBUF
    BUFGCE_HDIO_X0Y8     BUFGCE (Prop_BUFCE_BUFGCE_HDIO_I_O)
                                                      0.028     3.320 r  axi_clk_0_IBUF_BUFG_inst/O
    X1Y3 (CLOCK_ROOT)    net (fo=39327, routed)       2.912     6.232    FSRCNN_CORE_i/FSRCNN_CORE/M_Layer_0/inst/core_layer4/backBuffer/U0/inst_fifo_gen/gaxis_fifo.gaxisf.axisf/grf.rf/gntv_or_sync_fifo.mem/s_aclk
    SLICE_X24Y297        FDRE                                         r  FSRCNN_CORE_i/FSRCNN_CORE/M_Layer_0/inst/core_layer4/backBuffer/U0/inst_fifo_gen/gaxis_fifo.gaxisf.axisf/grf.rf/gntv_or_sync_fifo.mem/goreg_bm.dout_i_reg[46]/C
  -------------------------------------------------------------------    -------------------
    SLICE_X24Y297        FDRE (Prop_EFF_SLICEL_C_Q)
                                                      0.079     6.311 f  FSRCNN_CORE_i/FSRCNN_CORE/M_Layer_0/inst/core_layer4/backBuffer/U0/inst_fifo_gen/gaxis_fifo.gaxisf.axisf/grf.rf/gntv_or_sync_fifo.mem/goreg_bm.dout_i_reg[46]/Q
                         net (fo=16, routed)          1.921     8.233    FSRCNN_CORE_i/FSRCNN_CORE/E_Layer_0/inst/Conv/kernel[12].PE_Array_inst/parallel_kernel_channel[5].Mult/DSP/U0/i_synth/i_synth_option.i_synth_model/opt_8series.i_uniwrap/i_primitive/A[2]
    DSP48E2_X4Y136       DSP_A_B_DATA (Prop_DSP_A_B_DATA_DSP48E2_A[2]_A2_DATA[2])
                                                      0.192     8.425 r  FSRCNN_CORE_i/FSRCNN_CORE/E_Layer_0/inst/Conv/kernel[12].PE_Array_inst/parallel_kernel_channel[5].Mult/DSP/U0/i_synth/i_synth_option.i_synth_model/opt_8series.i_uniwrap/i_primitive/DSP_A_B_DATA_INST/A2_DATA[2]
                         net (fo=1, routed)           0.000     8.425    FSRCNN_CORE_i/FSRCNN_CORE/E_Layer_0/inst/Conv/kernel[12].PE_Array_inst/parallel_kernel_channel[5].Mult/DSP/U0/i_synth/i_synth_option.i_synth_model/opt_8series.i_uniwrap/i_primitive/DSP_A_B_DATA.A2_DATA<2>
    DSP48E2_X4Y136       DSP_PREADD_DATA (Prop_DSP_PREADD_DATA_DSP48E2_A2_DATA[2]_A2A1[2])
                                                      0.076     8.501 r  FSRCNN_CORE_i/FSRCNN_CORE/E_Layer_0/inst/Conv/kernel[12].PE_Array_inst/parallel_kernel_channel[5].Mult/DSP/U0/i_synth/i_synth_option.i_synth_model/opt_8series.i_uniwrap/i_primitive/DSP_PREADD_DATA_INST/A2A1[2]
                         net (fo=1, routed)           0.000     8.501    FSRCNN_CORE_i/FSRCNN_CORE/E_Layer_0/inst/Conv/kernel[12].PE_Array_inst/parallel_kernel_channel[5].Mult/DSP/U0/i_synth/i_synth_option.i_synth_model/opt_8series.i_uniwrap/i_primitive/DSP_PREADD_DATA.A2A1<2>
    DSP48E2_X4Y136       DSP_MULTIPLIER (Prop_DSP_MULTIPLIER_DSP48E2_A2A1[2]_V[14])
                                                      0.507     9.008 r  FSRCNN_CORE_i/FSRCNN_CORE/E_Layer_0/inst/Conv/kernel[12].PE_Array_inst/parallel_kernel_channel[5].Mult/DSP/U0/i_synth/i_synth_option.i_synth_model/opt_8series.i_uniwrap/i_primitive/DSP_MULTIPLIER_INST/V[14]
                         net (fo=1, routed)           0.000     9.008    FSRCNN_CORE_i/FSRCNN_CORE/E_Layer_0/inst/Conv/kernel[12].PE_Array_inst/parallel_kernel_channel[5].Mult/DSP/U0/i_synth/i_synth_option.i_synth_model/opt_8series.i_uniwrap/i_primitive/DSP_MULTIPLIER.V<14>
    DSP48E2_X4Y136       DSP_M_DATA                                   r  FSRCNN_CORE_i/FSRCNN_CORE/E_Layer_0/inst/Conv/kernel[12].PE_Array_inst/parallel_kernel_channel[5].Mult/DSP/U0/i_synth/i_synth_option.i_synth_model/opt_8series.i_uniwrap/i_primitive/DSP_M_DATA_INST/V[14]
  -------------------------------------------------------------------    -------------------

                         (clock ref_clk rise edge)    3.333     3.333 r  
    P10                                               0.000     3.333 r  axi_clk_0 (IN)
                         net (fo=0)                   0.000     3.333    axi_clk_0_IBUF_inst/I
    P10                  INBUF (Prop_INBUF_HPIOB_M_PAD_O)
                                                      0.295     3.628 r  axi_clk_0_IBUF_inst/INBUF_INST/O
                         net (fo=1, routed)           0.000     3.628    axi_clk_0_IBUF_inst/OUT
    P10                  IBUFCTRL (Prop_IBUFCTRL_HPIOB_M_I_O)
                                                      0.000     3.628 r  axi_clk_0_IBUF_inst/IBUFCTRL_INST/O
                         net (fo=1, routed)           1.795     5.423    axi_clk_0_IBUF
    BUFGCE_HDIO_X0Y8     BUFGCE (Prop_BUFCE_BUFGCE_HDIO_I_O)
                                                      0.024     5.447 r  axi_clk_0_IBUF_BUFG_inst/O
    X1Y3 (CLOCK_ROOT)    net (fo=39327, routed)       2.635     8.082    FSRCNN_CORE_i/FSRCNN_CORE/E_Layer_0/inst/Conv/kernel[12].PE_Array_inst/parallel_kernel_channel[5].Mult/DSP/U0/i_synth/i_synth_option.i_synth_model/opt_8series.i_uniwrap/i_primitive/CLK
    DSP48E2_X4Y136       DSP_M_DATA                                   r  FSRCNN_CORE_i/FSRCNN_CORE/E_Layer_0/inst/Conv/kernel[12].PE_Array_inst/parallel_kernel_channel[5].Mult/DSP/U0/i_synth/i_synth_option.i_synth_model/opt_8series.i_uniwrap/i_primitive/DSP_M_DATA_INST/CLK
                         clock pessimism              1.341     9.423    
                         clock uncertainty           -0.035     9.388    
    DSP48E2_X4Y136       DSP_M_DATA (Setup_DSP_M_DATA_DSP48E2_CLK_V[14])
                                                      0.014     9.402    FSRCNN_CORE_i/FSRCNN_CORE/E_Layer_0/inst/Conv/kernel[12].PE_Array_inst/parallel_kernel_channel[5].Mult/DSP/U0/i_synth/i_synth_option.i_synth_model/opt_8series.i_uniwrap/i_primitive/DSP_M_DATA_INST
  -------------------------------------------------------------------
                         required time                          9.402    
                         arrival time                          -9.008    
  -------------------------------------------------------------------
                         slack                                  0.394    

Slack (MET) :             0.394ns  (required time - arrival time)
  Source:                 FSRCNN_CORE_i/FSRCNN_CORE/M_Layer_0/inst/core_layer4/backBuffer/U0/inst_fifo_gen/gaxis_fifo.gaxisf.axisf/grf.rf/gntv_or_sync_fifo.mem/goreg_bm.dout_i_reg[46]/C
                            (rising edge-triggered cell FDRE clocked by ref_clk  {rise@0.000ns fall@1.666ns period=3.333ns})
  Destination:            FSRCNN_CORE_i/FSRCNN_CORE/E_Layer_0/inst/Conv/kernel[12].PE_Array_inst/parallel_kernel_channel[5].Mult/DSP/U0/i_synth/i_synth_option.i_synth_model/opt_8series.i_uniwrap/i_primitive/DSP_M_DATA_INST/V[15]
                            (rising edge-triggered cell DSP_M_DATA clocked by ref_clk  {rise@0.000ns fall@1.666ns period=3.333ns})
  Path Group:             ref_clk
  Path Type:              Setup (Max at Slow Process Corner)
  Requirement:            3.333ns  (ref_clk rise@3.333ns - ref_clk rise@0.000ns)
  Data Path Delay:        2.775ns  (logic 0.854ns (30.772%)  route 1.921ns (69.228%))
  Logic Levels:           3  (DSP_A_B_DATA=1 DSP_MULTIPLIER=1 DSP_PREADD_DATA=1)
  Clock Path Skew:        -0.142ns (DCD - SCD + CPR)
    Destination Clock Delay (DCD):    4.749ns = ( 8.082 - 3.333 ) 
    Source Clock Delay      (SCD):    6.232ns
    Clock Pessimism Removal (CPR):    1.341ns
  Clock Uncertainty:      0.035ns  ((TSJ^2 + TIJ^2)^1/2 + DJ) / 2 + PE
    Total System Jitter     (TSJ):    0.071ns
    Total Input Jitter      (TIJ):    0.000ns
    Discrete Jitter          (DJ):    0.000ns
    Phase Error              (PE):    0.000ns
  Clock Net Delay (Source):      2.912ns (routing 1.388ns, distribution 1.524ns)
  Clock Net Delay (Destination): 2.635ns (routing 1.261ns, distribution 1.374ns)

    Location             Delay type                Incr(ns)  Path(ns)    Netlist Resource(s)
  -------------------------------------------------------------------    -------------------
                         (clock ref_clk rise edge)    0.000     0.000 r  
    P10                                               0.000     0.000 r  axi_clk_0 (IN)
                         net (fo=0)                   0.000     0.000    axi_clk_0_IBUF_inst/I
    P10                  INBUF (Prop_INBUF_HPIOB_M_PAD_O)
                                                      0.545     0.545 r  axi_clk_0_IBUF_inst/INBUF_INST/O
                         net (fo=1, routed)           0.000     0.545    axi_clk_0_IBUF_inst/OUT
    P10                  IBUFCTRL (Prop_IBUFCTRL_HPIOB_M_I_O)
                                                      0.000     0.545 r  axi_clk_0_IBUF_inst/IBUFCTRL_INST/O
                         net (fo=1, routed)           2.747     3.292    axi_clk_0_IBUF
    BUFGCE_HDIO_X0Y8     BUFGCE (Prop_BUFCE_BUFGCE_HDIO_I_O)
                                                      0.028     3.320 r  axi_clk_0_IBUF_BUFG_inst/O
    X1Y3 (CLOCK_ROOT)    net (fo=39327, routed)       2.912     6.232    FSRCNN_CORE_i/FSRCNN_CORE/M_Layer_0/inst/core_layer4/backBuffer/U0/inst_fifo_gen/gaxis_fifo.gaxisf.axisf/grf.rf/gntv_or_sync_fifo.mem/s_aclk
    SLICE_X24Y297        FDRE                                         r  FSRCNN_CORE_i/FSRCNN_CORE/M_Layer_0/inst/core_layer4/backBuffer/U0/inst_fifo_gen/gaxis_fifo.gaxisf.axisf/grf.rf/gntv_or_sync_fifo.mem/goreg_bm.dout_i_reg[46]/C
  -------------------------------------------------------------------    -------------------
    SLICE_X24Y297        FDRE (Prop_EFF_SLICEL_C_Q)
                                                      0.079     6.311 f  FSRCNN_CORE_i/FSRCNN_CORE/M_Layer_0/inst/core_layer4/backBuffer/U0/inst_fifo_gen/gaxis_fifo.gaxisf.axisf/grf.rf/gntv_or_sync_fifo.mem/goreg_bm.dout_i_reg[46]/Q
                         net (fo=16, routed)          1.921     8.233    FSRCNN_CORE_i/FSRCNN_CORE/E_Layer_0/inst/Conv/kernel[12].PE_Array_inst/parallel_kernel_channel[5].Mult/DSP/U0/i_synth/i_synth_option.i_synth_model/opt_8series.i_uniwrap/i_primitive/A[2]
    DSP48E2_X4Y136       DSP_A_B_DATA (Prop_DSP_A_B_DATA_DSP48E2_A[2]_A2_DATA[2])
                                                      0.192     8.425 r  FSRCNN_CORE_i/FSRCNN_CORE/E_Layer_0/inst/Conv/kernel[12].PE_Array_inst/parallel_kernel_channel[5].Mult/DSP/U0/i_synth/i_synth_option.i_synth_model/opt_8series.i_uniwrap/i_primitive/DSP_A_B_DATA_INST/A2_DATA[2]
                         net (fo=1, routed)           0.000     8.425    FSRCNN_CORE_i/FSRCNN_CORE/E_Layer_0/inst/Conv/kernel[12].PE_Array_inst/parallel_kernel_channel[5].Mult/DSP/U0/i_synth/i_synth_option.i_synth_model/opt_8series.i_uniwrap/i_primitive/DSP_A_B_DATA.A2_DATA<2>
    DSP48E2_X4Y136       DSP_PREADD_DATA (Prop_DSP_PREADD_DATA_DSP48E2_A2_DATA[2]_A2A1[2])
                                                      0.076     8.501 r  FSRCNN_CORE_i/FSRCNN_CORE/E_Layer_0/inst/Conv/kernel[12].PE_Array_inst/parallel_kernel_channel[5].Mult/DSP/U0/i_synth/i_synth_option.i_synth_model/opt_8series.i_uniwrap/i_primitive/DSP_PREADD_DATA_INST/A2A1[2]
                         net (fo=1, routed)           0.000     8.501    FSRCNN_CORE_i/FSRCNN_CORE/E_Layer_0/inst/Conv/kernel[12].PE_Array_inst/parallel_kernel_channel[5].Mult/DSP/U0/i_synth/i_synth_option.i_synth_model/opt_8series.i_uniwrap/i_primitive/DSP_PREADD_DATA.A2A1<2>
    DSP48E2_X4Y136       DSP_MULTIPLIER (Prop_DSP_MULTIPLIER_DSP48E2_A2A1[2]_V[15])
                                                      0.507     9.008 r  FSRCNN_CORE_i/FSRCNN_CORE/E_Layer_0/inst/Conv/kernel[12].PE_Array_inst/parallel_kernel_channel[5].Mult/DSP/U0/i_synth/i_synth_option.i_synth_model/opt_8series.i_uniwrap/i_primitive/DSP_MULTIPLIER_INST/V[15]
                         net (fo=1, routed)           0.000     9.008    FSRCNN_CORE_i/FSRCNN_CORE/E_Layer_0/inst/Conv/kernel[12].PE_Array_inst/parallel_kernel_channel[5].Mult/DSP/U0/i_synth/i_synth_option.i_synth_model/opt_8series.i_uniwrap/i_primitive/DSP_MULTIPLIER.V<15>
    DSP48E2_X4Y136       DSP_M_DATA                                   r  FSRCNN_CORE_i/FSRCNN_CORE/E_Layer_0/inst/Conv/kernel[12].PE_Array_inst/parallel_kernel_channel[5].Mult/DSP/U0/i_synth/i_synth_option.i_synth_model/opt_8series.i_uniwrap/i_primitive/DSP_M_DATA_INST/V[15]
  -------------------------------------------------------------------    -------------------

                         (clock ref_clk rise edge)    3.333     3.333 r  
    P10                                               0.000     3.333 r  axi_clk_0 (IN)
                         net (fo=0)                   0.000     3.333    axi_clk_0_IBUF_inst/I
    P10                  INBUF (Prop_INBUF_HPIOB_M_PAD_O)
                                                      0.295     3.628 r  axi_clk_0_IBUF_inst/INBUF_INST/O
                         net (fo=1, routed)           0.000     3.628    axi_clk_0_IBUF_inst/OUT
    P10                  IBUFCTRL (Prop_IBUFCTRL_HPIOB_M_I_O)
                                                      0.000     3.628 r  axi_clk_0_IBUF_inst/IBUFCTRL_INST/O
                         net (fo=1, routed)           1.795     5.423    axi_clk_0_IBUF
    BUFGCE_HDIO_X0Y8     BUFGCE (Prop_BUFCE_BUFGCE_HDIO_I_O)
                                                      0.024     5.447 r  axi_clk_0_IBUF_BUFG_inst/O
    X1Y3 (CLOCK_ROOT)    net (fo=39327, routed)       2.635     8.082    FSRCNN_CORE_i/FSRCNN_CORE/E_Layer_0/inst/Conv/kernel[12].PE_Array_inst/parallel_kernel_channel[5].Mult/DSP/U0/i_synth/i_synth_option.i_synth_model/opt_8series.i_uniwrap/i_primitive/CLK
    DSP48E2_X4Y136       DSP_M_DATA                                   r  FSRCNN_CORE_i/FSRCNN_CORE/E_Layer_0/inst/Conv/kernel[12].PE_Array_inst/parallel_kernel_channel[5].Mult/DSP/U0/i_synth/i_synth_option.i_synth_model/opt_8series.i_uniwrap/i_primitive/DSP_M_DATA_INST/CLK
                         clock pessimism              1.341     9.423    
                         clock uncertainty           -0.035     9.388    
    DSP48E2_X4Y136       DSP_M_DATA (Setup_DSP_M_DATA_DSP48E2_CLK_V[15])
                                                      0.014     9.402    FSRCNN_CORE_i/FSRCNN_CORE/E_Layer_0/inst/Conv/kernel[12].PE_Array_inst/parallel_kernel_channel[5].Mult/DSP/U0/i_synth/i_synth_option.i_synth_model/opt_8series.i_uniwrap/i_primitive/DSP_M_DATA_INST
  -------------------------------------------------------------------
                         required time                          9.402    
                         arrival time                          -9.008    
  -------------------------------------------------------------------
                         slack                                  0.394    

Slack (MET) :             0.394ns  (required time - arrival time)
  Source:                 FSRCNN_CORE_i/FSRCNN_CORE/M_Layer_0/inst/core_layer4/backBuffer/U0/inst_fifo_gen/gaxis_fifo.gaxisf.axisf/grf.rf/gntv_or_sync_fifo.mem/goreg_bm.dout_i_reg[46]/C
                            (rising edge-triggered cell FDRE clocked by ref_clk  {rise@0.000ns fall@1.666ns period=3.333ns})
  Destination:            FSRCNN_CORE_i/FSRCNN_CORE/E_Layer_0/inst/Conv/kernel[12].PE_Array_inst/parallel_kernel_channel[5].Mult/DSP/U0/i_synth/i_synth_option.i_synth_model/opt_8series.i_uniwrap/i_primitive/DSP_M_DATA_INST/V[16]
                            (rising edge-triggered cell DSP_M_DATA clocked by ref_clk  {rise@0.000ns fall@1.666ns period=3.333ns})
  Path Group:             ref_clk
  Path Type:              Setup (Max at Slow Process Corner)
  Requirement:            3.333ns  (ref_clk rise@3.333ns - ref_clk rise@0.000ns)
  Data Path Delay:        2.775ns  (logic 0.854ns (30.772%)  route 1.921ns (69.228%))
  Logic Levels:           3  (DSP_A_B_DATA=1 DSP_MULTIPLIER=1 DSP_PREADD_DATA=1)
  Clock Path Skew:        -0.142ns (DCD - SCD + CPR)
    Destination Clock Delay (DCD):    4.749ns = ( 8.082 - 3.333 ) 
    Source Clock Delay      (SCD):    6.232ns
    Clock Pessimism Removal (CPR):    1.341ns
  Clock Uncertainty:      0.035ns  ((TSJ^2 + TIJ^2)^1/2 + DJ) / 2 + PE
    Total System Jitter     (TSJ):    0.071ns
    Total Input Jitter      (TIJ):    0.000ns
    Discrete Jitter          (DJ):    0.000ns
    Phase Error              (PE):    0.000ns
  Clock Net Delay (Source):      2.912ns (routing 1.388ns, distribution 1.524ns)
  Clock Net Delay (Destination): 2.635ns (routing 1.261ns, distribution 1.374ns)

    Location             Delay type                Incr(ns)  Path(ns)    Netlist Resource(s)
  -------------------------------------------------------------------    -------------------
                         (clock ref_clk rise edge)    0.000     0.000 r  
    P10                                               0.000     0.000 r  axi_clk_0 (IN)
                         net (fo=0)                   0.000     0.000    axi_clk_0_IBUF_inst/I
    P10                  INBUF (Prop_INBUF_HPIOB_M_PAD_O)
                                                      0.545     0.545 r  axi_clk_0_IBUF_inst/INBUF_INST/O
                         net (fo=1, routed)           0.000     0.545    axi_clk_0_IBUF_inst/OUT
    P10                  IBUFCTRL (Prop_IBUFCTRL_HPIOB_M_I_O)
                                                      0.000     0.545 r  axi_clk_0_IBUF_inst/IBUFCTRL_INST/O
                         net (fo=1, routed)           2.747     3.292    axi_clk_0_IBUF
    BUFGCE_HDIO_X0Y8     BUFGCE (Prop_BUFCE_BUFGCE_HDIO_I_O)
                                                      0.028     3.320 r  axi_clk_0_IBUF_BUFG_inst/O
    X1Y3 (CLOCK_ROOT)    net (fo=39327, routed)       2.912     6.232    FSRCNN_CORE_i/FSRCNN_CORE/M_Layer_0/inst/core_layer4/backBuffer/U0/inst_fifo_gen/gaxis_fifo.gaxisf.axisf/grf.rf/gntv_or_sync_fifo.mem/s_aclk
    SLICE_X24Y297        FDRE                                         r  FSRCNN_CORE_i/FSRCNN_CORE/M_Layer_0/inst/core_layer4/backBuffer/U0/inst_fifo_gen/gaxis_fifo.gaxisf.axisf/grf.rf/gntv_or_sync_fifo.mem/goreg_bm.dout_i_reg[46]/C
  -------------------------------------------------------------------    -------------------
    SLICE_X24Y297        FDRE (Prop_EFF_SLICEL_C_Q)
                                                      0.079     6.311 f  FSRCNN_CORE_i/FSRCNN_CORE/M_Layer_0/inst/core_layer4/backBuffer/U0/inst_fifo_gen/gaxis_fifo.gaxisf.axisf/grf.rf/gntv_or_sync_fifo.mem/goreg_bm.dout_i_reg[46]/Q
                         net (fo=16, routed)          1.921     8.233    FSRCNN_CORE_i/FSRCNN_CORE/E_Layer_0/inst/Conv/kernel[12].PE_Array_inst/parallel_kernel_channel[5].Mult/DSP/U0/i_synth/i_synth_option.i_synth_model/opt_8series.i_uniwrap/i_primitive/A[2]
    DSP48E2_X4Y136       DSP_A_B_DATA (Prop_DSP_A_B_DATA_DSP48E2_A[2]_A2_DATA[2])
                                                      0.192     8.425 r  FSRCNN_CORE_i/FSRCNN_CORE/E_Layer_0/inst/Conv/kernel[12].PE_Array_inst/parallel_kernel_channel[5].Mult/DSP/U0/i_synth/i_synth_option.i_synth_model/opt_8series.i_uniwrap/i_primitive/DSP_A_B_DATA_INST/A2_DATA[2]
                         net (fo=1, routed)           0.000     8.425    FSRCNN_CORE_i/FSRCNN_CORE/E_Layer_0/inst/Conv/kernel[12].PE_Array_inst/parallel_kernel_channel[5].Mult/DSP/U0/i_synth/i_synth_option.i_synth_model/opt_8series.i_uniwrap/i_primitive/DSP_A_B_DATA.A2_DATA<2>
    DSP48E2_X4Y136       DSP_PREADD_DATA (Prop_DSP_PREADD_DATA_DSP48E2_A2_DATA[2]_A2A1[2])
                                                      0.076     8.501 r  FSRCNN_CORE_i/FSRCNN_CORE/E_Layer_0/inst/Conv/kernel[12].PE_Array_inst/parallel_kernel_channel[5].Mult/DSP/U0/i_synth/i_synth_option.i_synth_model/opt_8series.i_uniwrap/i_primitive/DSP_PREADD_DATA_INST/A2A1[2]
                         net (fo=1, routed)           0.000     8.501    FSRCNN_CORE_i/FSRCNN_CORE/E_Layer_0/inst/Conv/kernel[12].PE_Array_inst/parallel_kernel_channel[5].Mult/DSP/U0/i_synth/i_synth_option.i_synth_model/opt_8series.i_uniwrap/i_primitive/DSP_PREADD_DATA.A2A1<2>
    DSP48E2_X4Y136       DSP_MULTIPLIER (Prop_DSP_MULTIPLIER_DSP48E2_A2A1[2]_V[16])
                                                      0.507     9.008 r  FSRCNN_CORE_i/FSRCNN_CORE/E_Layer_0/inst/Conv/kernel[12].PE_Array_inst/parallel_kernel_channel[5].Mult/DSP/U0/i_synth/i_synth_option.i_synth_model/opt_8series.i_uniwrap/i_primitive/DSP_MULTIPLIER_INST/V[16]
                         net (fo=1, routed)           0.000     9.008    FSRCNN_CORE_i/FSRCNN_CORE/E_Layer_0/inst/Conv/kernel[12].PE_Array_inst/parallel_kernel_channel[5].Mult/DSP/U0/i_synth/i_synth_option.i_synth_model/opt_8series.i_uniwrap/i_primitive/DSP_MULTIPLIER.V<16>
    DSP48E2_X4Y136       DSP_M_DATA                                   r  FSRCNN_CORE_i/FSRCNN_CORE/E_Layer_0/inst/Conv/kernel[12].PE_Array_inst/parallel_kernel_channel[5].Mult/DSP/U0/i_synth/i_synth_option.i_synth_model/opt_8series.i_uniwrap/i_primitive/DSP_M_DATA_INST/V[16]
  -------------------------------------------------------------------    -------------------

                         (clock ref_clk rise edge)    3.333     3.333 r  
    P10                                               0.000     3.333 r  axi_clk_0 (IN)
                         net (fo=0)                   0.000     3.333    axi_clk_0_IBUF_inst/I
    P10                  INBUF (Prop_INBUF_HPIOB_M_PAD_O)
                                                      0.295     3.628 r  axi_clk_0_IBUF_inst/INBUF_INST/O
                         net (fo=1, routed)           0.000     3.628    axi_clk_0_IBUF_inst/OUT
    P10                  IBUFCTRL (Prop_IBUFCTRL_HPIOB_M_I_O)
                                                      0.000     3.628 r  axi_clk_0_IBUF_inst/IBUFCTRL_INST/O
                         net (fo=1, routed)           1.795     5.423    axi_clk_0_IBUF
    BUFGCE_HDIO_X0Y8     BUFGCE (Prop_BUFCE_BUFGCE_HDIO_I_O)
                                                      0.024     5.447 r  axi_clk_0_IBUF_BUFG_inst/O
    X1Y3 (CLOCK_ROOT)    net (fo=39327, routed)       2.635     8.082    FSRCNN_CORE_i/FSRCNN_CORE/E_Layer_0/inst/Conv/kernel[12].PE_Array_inst/parallel_kernel_channel[5].Mult/DSP/U0/i_synth/i_synth_option.i_synth_model/opt_8series.i_uniwrap/i_primitive/CLK
    DSP48E2_X4Y136       DSP_M_DATA                                   r  FSRCNN_CORE_i/FSRCNN_CORE/E_Layer_0/inst/Conv/kernel[12].PE_Array_inst/parallel_kernel_channel[5].Mult/DSP/U0/i_synth/i_synth_option.i_synth_model/opt_8series.i_uniwrap/i_primitive/DSP_M_DATA_INST/CLK
                         clock pessimism              1.341     9.423    
                         clock uncertainty           -0.035     9.388    
    DSP48E2_X4Y136       DSP_M_DATA (Setup_DSP_M_DATA_DSP48E2_CLK_V[16])
                                                      0.014     9.402    FSRCNN_CORE_i/FSRCNN_CORE/E_Layer_0/inst/Conv/kernel[12].PE_Array_inst/parallel_kernel_channel[5].Mult/DSP/U0/i_synth/i_synth_option.i_synth_model/opt_8series.i_uniwrap/i_primitive/DSP_M_DATA_INST
  -------------------------------------------------------------------
                         required time                          9.402    
                         arrival time                          -9.008    
  -------------------------------------------------------------------
                         slack                                  0.394    

Slack (MET) :             0.394ns  (required time - arrival time)
  Source:                 FSRCNN_CORE_i/FSRCNN_CORE/M_Layer_0/inst/core_layer4/backBuffer/U0/inst_fifo_gen/gaxis_fifo.gaxisf.axisf/grf.rf/gntv_or_sync_fifo.mem/goreg_bm.dout_i_reg[46]/C
                            (rising edge-triggered cell FDRE clocked by ref_clk  {rise@0.000ns fall@1.666ns period=3.333ns})
  Destination:            FSRCNN_CORE_i/FSRCNN_CORE/E_Layer_0/inst/Conv/kernel[12].PE_Array_inst/parallel_kernel_channel[5].Mult/DSP/U0/i_synth/i_synth_option.i_synth_model/opt_8series.i_uniwrap/i_primitive/DSP_M_DATA_INST/V[17]
                            (rising edge-triggered cell DSP_M_DATA clocked by ref_clk  {rise@0.000ns fall@1.666ns period=3.333ns})
  Path Group:             ref_clk
  Path Type:              Setup (Max at Slow Process Corner)
  Requirement:            3.333ns  (ref_clk rise@3.333ns - ref_clk rise@0.000ns)
  Data Path Delay:        2.775ns  (logic 0.854ns (30.772%)  route 1.921ns (69.228%))
  Logic Levels:           3  (DSP_A_B_DATA=1 DSP_MULTIPLIER=1 DSP_PREADD_DATA=1)
  Clock Path Skew:        -0.142ns (DCD - SCD + CPR)
    Destination Clock Delay (DCD):    4.749ns = ( 8.082 - 3.333 ) 
    Source Clock Delay      (SCD):    6.232ns
    Clock Pessimism Removal (CPR):    1.341ns
  Clock Uncertainty:      0.035ns  ((TSJ^2 + TIJ^2)^1/2 + DJ) / 2 + PE
    Total System Jitter     (TSJ):    0.071ns
    Total Input Jitter      (TIJ):    0.000ns
    Discrete Jitter          (DJ):    0.000ns
    Phase Error              (PE):    0.000ns
  Clock Net Delay (Source):      2.912ns (routing 1.388ns, distribution 1.524ns)
  Clock Net Delay (Destination): 2.635ns (routing 1.261ns, distribution 1.374ns)

    Location             Delay type                Incr(ns)  Path(ns)    Netlist Resource(s)
  -------------------------------------------------------------------    -------------------
                         (clock ref_clk rise edge)    0.000     0.000 r  
    P10                                               0.000     0.000 r  axi_clk_0 (IN)
                         net (fo=0)                   0.000     0.000    axi_clk_0_IBUF_inst/I
    P10                  INBUF (Prop_INBUF_HPIOB_M_PAD_O)
                                                      0.545     0.545 r  axi_clk_0_IBUF_inst/INBUF_INST/O
                         net (fo=1, routed)           0.000     0.545    axi_clk_0_IBUF_inst/OUT
    P10                  IBUFCTRL (Prop_IBUFCTRL_HPIOB_M_I_O)
                                                      0.000     0.545 r  axi_clk_0_IBUF_inst/IBUFCTRL_INST/O
                         net (fo=1, routed)           2.747     3.292    axi_clk_0_IBUF
    BUFGCE_HDIO_X0Y8     BUFGCE (Prop_BUFCE_BUFGCE_HDIO_I_O)
                                                      0.028     3.320 r  axi_clk_0_IBUF_BUFG_inst/O
    X1Y3 (CLOCK_ROOT)    net (fo=39327, routed)       2.912     6.232    FSRCNN_CORE_i/FSRCNN_CORE/M_Layer_0/inst/core_layer4/backBuffer/U0/inst_fifo_gen/gaxis_fifo.gaxisf.axisf/grf.rf/gntv_or_sync_fifo.mem/s_aclk
    SLICE_X24Y297        FDRE                                         r  FSRCNN_CORE_i/FSRCNN_CORE/M_Layer_0/inst/core_layer4/backBuffer/U0/inst_fifo_gen/gaxis_fifo.gaxisf.axisf/grf.rf/gntv_or_sync_fifo.mem/goreg_bm.dout_i_reg[46]/C
  -------------------------------------------------------------------    -------------------
    SLICE_X24Y297        FDRE (Prop_EFF_SLICEL_C_Q)
                                                      0.079     6.311 f  FSRCNN_CORE_i/FSRCNN_CORE/M_Layer_0/inst/core_layer4/backBuffer/U0/inst_fifo_gen/gaxis_fifo.gaxisf.axisf/grf.rf/gntv_or_sync_fifo.mem/goreg_bm.dout_i_reg[46]/Q
                         net (fo=16, routed)          1.921     8.233    FSRCNN_CORE_i/FSRCNN_CORE/E_Layer_0/inst/Conv/kernel[12].PE_Array_inst/parallel_kernel_channel[5].Mult/DSP/U0/i_synth/i_synth_option.i_synth_model/opt_8series.i_uniwrap/i_primitive/A[2]
    DSP48E2_X4Y136       DSP_A_B_DATA (Prop_DSP_A_B_DATA_DSP48E2_A[2]_A2_DATA[2])
                                                      0.192     8.425 r  FSRCNN_CORE_i/FSRCNN_CORE/E_Layer_0/inst/Conv/kernel[12].PE_Array_inst/parallel_kernel_channel[5].Mult/DSP/U0/i_synth/i_synth_option.i_synth_model/opt_8series.i_uniwrap/i_primitive/DSP_A_B_DATA_INST/A2_DATA[2]
                         net (fo=1, routed)           0.000     8.425    FSRCNN_CORE_i/FSRCNN_CORE/E_Layer_0/inst/Conv/kernel[12].PE_Array_inst/parallel_kernel_channel[5].Mult/DSP/U0/i_synth/i_synth_option.i_synth_model/opt_8series.i_uniwrap/i_primitive/DSP_A_B_DATA.A2_DATA<2>
    DSP48E2_X4Y136       DSP_PREADD_DATA (Prop_DSP_PREADD_DATA_DSP48E2_A2_DATA[2]_A2A1[2])
                                                      0.076     8.501 r  FSRCNN_CORE_i/FSRCNN_CORE/E_Layer_0/inst/Conv/kernel[12].PE_Array_inst/parallel_kernel_channel[5].Mult/DSP/U0/i_synth/i_synth_option.i_synth_model/opt_8series.i_uniwrap/i_primitive/DSP_PREADD_DATA_INST/A2A1[2]
                         net (fo=1, routed)           0.000     8.501    FSRCNN_CORE_i/FSRCNN_CORE/E_Layer_0/inst/Conv/kernel[12].PE_Array_inst/parallel_kernel_channel[5].Mult/DSP/U0/i_synth/i_synth_option.i_synth_model/opt_8series.i_uniwrap/i_primitive/DSP_PREADD_DATA.A2A1<2>
    DSP48E2_X4Y136       DSP_MULTIPLIER (Prop_DSP_MULTIPLIER_DSP48E2_A2A1[2]_V[17])
                                                      0.507     9.008 r  FSRCNN_CORE_i/FSRCNN_CORE/E_Layer_0/inst/Conv/kernel[12].PE_Array_inst/parallel_kernel_channel[5].Mult/DSP/U0/i_synth/i_synth_option.i_synth_model/opt_8series.i_uniwrap/i_primitive/DSP_MULTIPLIER_INST/V[17]
                         net (fo=1, routed)           0.000     9.008    FSRCNN_CORE_i/FSRCNN_CORE/E_Layer_0/inst/Conv/kernel[12].PE_Array_inst/parallel_kernel_channel[5].Mult/DSP/U0/i_synth/i_synth_option.i_synth_model/opt_8series.i_uniwrap/i_primitive/DSP_MULTIPLIER.V<17>
    DSP48E2_X4Y136       DSP_M_DATA                                   r  FSRCNN_CORE_i/FSRCNN_CORE/E_Layer_0/inst/Conv/kernel[12].PE_Array_inst/parallel_kernel_channel[5].Mult/DSP/U0/i_synth/i_synth_option.i_synth_model/opt_8series.i_uniwrap/i_primitive/DSP_M_DATA_INST/V[17]
  -------------------------------------------------------------------    -------------------

                         (clock ref_clk rise edge)    3.333     3.333 r  
    P10                                               0.000     3.333 r  axi_clk_0 (IN)
                         net (fo=0)                   0.000     3.333    axi_clk_0_IBUF_inst/I
    P10                  INBUF (Prop_INBUF_HPIOB_M_PAD_O)
                                                      0.295     3.628 r  axi_clk_0_IBUF_inst/INBUF_INST/O
                         net (fo=1, routed)           0.000     3.628    axi_clk_0_IBUF_inst/OUT
    P10                  IBUFCTRL (Prop_IBUFCTRL_HPIOB_M_I_O)
                                                      0.000     3.628 r  axi_clk_0_IBUF_inst/IBUFCTRL_INST/O
                         net (fo=1, routed)           1.795     5.423    axi_clk_0_IBUF
    BUFGCE_HDIO_X0Y8     BUFGCE (Prop_BUFCE_BUFGCE_HDIO_I_O)
                                                      0.024     5.447 r  axi_clk_0_IBUF_BUFG_inst/O
    X1Y3 (CLOCK_ROOT)    net (fo=39327, routed)       2.635     8.082    FSRCNN_CORE_i/FSRCNN_CORE/E_Layer_0/inst/Conv/kernel[12].PE_Array_inst/parallel_kernel_channel[5].Mult/DSP/U0/i_synth/i_synth_option.i_synth_model/opt_8series.i_uniwrap/i_primitive/CLK
    DSP48E2_X4Y136       DSP_M_DATA                                   r  FSRCNN_CORE_i/FSRCNN_CORE/E_Layer_0/inst/Conv/kernel[12].PE_Array_inst/parallel_kernel_channel[5].Mult/DSP/U0/i_synth/i_synth_option.i_synth_model/opt_8series.i_uniwrap/i_primitive/DSP_M_DATA_INST/CLK
                         clock pessimism              1.341     9.423    
                         clock uncertainty           -0.035     9.388    
    DSP48E2_X4Y136       DSP_M_DATA (Setup_DSP_M_DATA_DSP48E2_CLK_V[17])
                                                      0.014     9.402    FSRCNN_CORE_i/FSRCNN_CORE/E_Layer_0/inst/Conv/kernel[12].PE_Array_inst/parallel_kernel_channel[5].Mult/DSP/U0/i_synth/i_synth_option.i_synth_model/opt_8series.i_uniwrap/i_primitive/DSP_M_DATA_INST
  -------------------------------------------------------------------
                         required time                          9.402    
                         arrival time                          -9.008    
  -------------------------------------------------------------------
                         slack                                  0.394    

Slack (MET) :             0.394ns  (required time - arrival time)
  Source:                 FSRCNN_CORE_i/FSRCNN_CORE/M_Layer_0/inst/core_layer4/backBuffer/U0/inst_fifo_gen/gaxis_fifo.gaxisf.axisf/grf.rf/gntv_or_sync_fifo.mem/goreg_bm.dout_i_reg[46]/C
                            (rising edge-triggered cell FDRE clocked by ref_clk  {rise@0.000ns fall@1.666ns period=3.333ns})
  Destination:            FSRCNN_CORE_i/FSRCNN_CORE/E_Layer_0/inst/Conv/kernel[12].PE_Array_inst/parallel_kernel_channel[5].Mult/DSP/U0/i_synth/i_synth_option.i_synth_model/opt_8series.i_uniwrap/i_primitive/DSP_M_DATA_INST/V[18]
                            (rising edge-triggered cell DSP_M_DATA clocked by ref_clk  {rise@0.000ns fall@1.666ns period=3.333ns})
  Path Group:             ref_clk
  Path Type:              Setup (Max at Slow Process Corner)
  Requirement:            3.333ns  (ref_clk rise@3.333ns - ref_clk rise@0.000ns)
  Data Path Delay:        2.775ns  (logic 0.854ns (30.772%)  route 1.921ns (69.228%))
  Logic Levels:           3  (DSP_A_B_DATA=1 DSP_MULTIPLIER=1 DSP_PREADD_DATA=1)
  Clock Path Skew:        -0.142ns (DCD - SCD + CPR)
    Destination Clock Delay (DCD):    4.749ns = ( 8.082 - 3.333 ) 
    Source Clock Delay      (SCD):    6.232ns
    Clock Pessimism Removal (CPR):    1.341ns
  Clock Uncertainty:      0.035ns  ((TSJ^2 + TIJ^2)^1/2 + DJ) / 2 + PE
    Total System Jitter     (TSJ):    0.071ns
    Total Input Jitter      (TIJ):    0.000ns
    Discrete Jitter          (DJ):    0.000ns
    Phase Error              (PE):    0.000ns
  Clock Net Delay (Source):      2.912ns (routing 1.388ns, distribution 1.524ns)
  Clock Net Delay (Destination): 2.635ns (routing 1.261ns, distribution 1.374ns)

    Location             Delay type                Incr(ns)  Path(ns)    Netlist Resource(s)
  -------------------------------------------------------------------    -------------------
                         (clock ref_clk rise edge)    0.000     0.000 r  
    P10                                               0.000     0.000 r  axi_clk_0 (IN)
                         net (fo=0)                   0.000     0.000    axi_clk_0_IBUF_inst/I
    P10                  INBUF (Prop_INBUF_HPIOB_M_PAD_O)
                                                      0.545     0.545 r  axi_clk_0_IBUF_inst/INBUF_INST/O
                         net (fo=1, routed)           0.000     0.545    axi_clk_0_IBUF_inst/OUT
    P10                  IBUFCTRL (Prop_IBUFCTRL_HPIOB_M_I_O)
                                                      0.000     0.545 r  axi_clk_0_IBUF_inst/IBUFCTRL_INST/O
                         net (fo=1, routed)           2.747     3.292    axi_clk_0_IBUF
    BUFGCE_HDIO_X0Y8     BUFGCE (Prop_BUFCE_BUFGCE_HDIO_I_O)
                                                      0.028     3.320 r  axi_clk_0_IBUF_BUFG_inst/O
    X1Y3 (CLOCK_ROOT)    net (fo=39327, routed)       2.912     6.232    FSRCNN_CORE_i/FSRCNN_CORE/M_Layer_0/inst/core_layer4/backBuffer/U0/inst_fifo_gen/gaxis_fifo.gaxisf.axisf/grf.rf/gntv_or_sync_fifo.mem/s_aclk
    SLICE_X24Y297        FDRE                                         r  FSRCNN_CORE_i/FSRCNN_CORE/M_Layer_0/inst/core_layer4/backBuffer/U0/inst_fifo_gen/gaxis_fifo.gaxisf.axisf/grf.rf/gntv_or_sync_fifo.mem/goreg_bm.dout_i_reg[46]/C
  -------------------------------------------------------------------    -------------------
    SLICE_X24Y297        FDRE (Prop_EFF_SLICEL_C_Q)
                                                      0.079     6.311 f  FSRCNN_CORE_i/FSRCNN_CORE/M_Layer_0/inst/core_layer4/backBuffer/U0/inst_fifo_gen/gaxis_fifo.gaxisf.axisf/grf.rf/gntv_or_sync_fifo.mem/goreg_bm.dout_i_reg[46]/Q
                         net (fo=16, routed)          1.921     8.233    FSRCNN_CORE_i/FSRCNN_CORE/E_Layer_0/inst/Conv/kernel[12].PE_Array_inst/parallel_kernel_channel[5].Mult/DSP/U0/i_synth/i_synth_option.i_synth_model/opt_8series.i_uniwrap/i_primitive/A[2]
    DSP48E2_X4Y136       DSP_A_B_DATA (Prop_DSP_A_B_DATA_DSP48E2_A[2]_A2_DATA[2])
                                                      0.192     8.425 r  FSRCNN_CORE_i/FSRCNN_CORE/E_Layer_0/inst/Conv/kernel[12].PE_Array_inst/parallel_kernel_channel[5].Mult/DSP/U0/i_synth/i_synth_option.i_synth_model/opt_8series.i_uniwrap/i_primitive/DSP_A_B_DATA_INST/A2_DATA[2]
                         net (fo=1, routed)           0.000     8.425    FSRCNN_CORE_i/FSRCNN_CORE/E_Layer_0/inst/Conv/kernel[12].PE_Array_inst/parallel_kernel_channel[5].Mult/DSP/U0/i_synth/i_synth_option.i_synth_model/opt_8series.i_uniwrap/i_primitive/DSP_A_B_DATA.A2_DATA<2>
    DSP48E2_X4Y136       DSP_PREADD_DATA (Prop_DSP_PREADD_DATA_DSP48E2_A2_DATA[2]_A2A1[2])
                                                      0.076     8.501 r  FSRCNN_CORE_i/FSRCNN_CORE/E_Layer_0/inst/Conv/kernel[12].PE_Array_inst/parallel_kernel_channel[5].Mult/DSP/U0/i_synth/i_synth_option.i_synth_model/opt_8series.i_uniwrap/i_primitive/DSP_PREADD_DATA_INST/A2A1[2]
                         net (fo=1, routed)           0.000     8.501    FSRCNN_CORE_i/FSRCNN_CORE/E_Layer_0/inst/Conv/kernel[12].PE_Array_inst/parallel_kernel_channel[5].Mult/DSP/U0/i_synth/i_synth_option.i_synth_model/opt_8series.i_uniwrap/i_primitive/DSP_PREADD_DATA.A2A1<2>
    DSP48E2_X4Y136       DSP_MULTIPLIER (Prop_DSP_MULTIPLIER_DSP48E2_A2A1[2]_V[18])
                                                      0.507     9.008 r  FSRCNN_CORE_i/FSRCNN_CORE/E_Layer_0/inst/Conv/kernel[12].PE_Array_inst/parallel_kernel_channel[5].Mult/DSP/U0/i_synth/i_synth_option.i_synth_model/opt_8series.i_uniwrap/i_primitive/DSP_MULTIPLIER_INST/V[18]
                         net (fo=1, routed)           0.000     9.008    FSRCNN_CORE_i/FSRCNN_CORE/E_Layer_0/inst/Conv/kernel[12].PE_Array_inst/parallel_kernel_channel[5].Mult/DSP/U0/i_synth/i_synth_option.i_synth_model/opt_8series.i_uniwrap/i_primitive/DSP_MULTIPLIER.V<18>
    DSP48E2_X4Y136       DSP_M_DATA                                   r  FSRCNN_CORE_i/FSRCNN_CORE/E_Layer_0/inst/Conv/kernel[12].PE_Array_inst/parallel_kernel_channel[5].Mult/DSP/U0/i_synth/i_synth_option.i_synth_model/opt_8series.i_uniwrap/i_primitive/DSP_M_DATA_INST/V[18]
  -------------------------------------------------------------------    -------------------

                         (clock ref_clk rise edge)    3.333     3.333 r  
    P10                                               0.000     3.333 r  axi_clk_0 (IN)
                         net (fo=0)                   0.000     3.333    axi_clk_0_IBUF_inst/I
    P10                  INBUF (Prop_INBUF_HPIOB_M_PAD_O)
                                                      0.295     3.628 r  axi_clk_0_IBUF_inst/INBUF_INST/O
                         net (fo=1, routed)           0.000     3.628    axi_clk_0_IBUF_inst/OUT
    P10                  IBUFCTRL (Prop_IBUFCTRL_HPIOB_M_I_O)
                                                      0.000     3.628 r  axi_clk_0_IBUF_inst/IBUFCTRL_INST/O
                         net (fo=1, routed)           1.795     5.423    axi_clk_0_IBUF
    BUFGCE_HDIO_X0Y8     BUFGCE (Prop_BUFCE_BUFGCE_HDIO_I_O)
                                                      0.024     5.447 r  axi_clk_0_IBUF_BUFG_inst/O
    X1Y3 (CLOCK_ROOT)    net (fo=39327, routed)       2.635     8.082    FSRCNN_CORE_i/FSRCNN_CORE/E_Layer_0/inst/Conv/kernel[12].PE_Array_inst/parallel_kernel_channel[5].Mult/DSP/U0/i_synth/i_synth_option.i_synth_model/opt_8series.i_uniwrap/i_primitive/CLK
    DSP48E2_X4Y136       DSP_M_DATA                                   r  FSRCNN_CORE_i/FSRCNN_CORE/E_Layer_0/inst/Conv/kernel[12].PE_Array_inst/parallel_kernel_channel[5].Mult/DSP/U0/i_synth/i_synth_option.i_synth_model/opt_8series.i_uniwrap/i_primitive/DSP_M_DATA_INST/CLK
                         clock pessimism              1.341     9.423    
                         clock uncertainty           -0.035     9.388    
    DSP48E2_X4Y136       DSP_M_DATA (Setup_DSP_M_DATA_DSP48E2_CLK_V[18])
                                                      0.014     9.402    FSRCNN_CORE_i/FSRCNN_CORE/E_Layer_0/inst/Conv/kernel[12].PE_Array_inst/parallel_kernel_channel[5].Mult/DSP/U0/i_synth/i_synth_option.i_synth_model/opt_8series.i_uniwrap/i_primitive/DSP_M_DATA_INST
  -------------------------------------------------------------------
                         required time                          9.402    
                         arrival time                          -9.008    
  -------------------------------------------------------------------
                         slack                                  0.394    





Min Delay Paths
--------------------------------------------------------------------------------------
Slack (MET) :             0.011ns  (arrival time - required time)
  Source:                 FSRCNN_CORE_i/FSRCNN_CORE/F_Layer_0/inst/backBuffer/U0/inst_fifo_gen/gaxis_fifo.gaxisf.axisf/grf.rf/gntv_or_sync_fifo.gl0.rd/rpntr/gc0.count_reg[7]/C
                            (rising edge-triggered cell FDRE clocked by ref_clk  {rise@0.000ns fall@1.666ns period=3.333ns})
  Destination:            FSRCNN_CORE_i/FSRCNN_CORE/F_Layer_0/inst/backBuffer/U0/inst_fifo_gen/gaxis_fifo.gaxisf.axisf/grf.rf/gntv_or_sync_fifo.gl0.rd/rpntr/gc0.count_d1_reg[7]/D
                            (rising edge-triggered cell FDRE clocked by ref_clk  {rise@0.000ns fall@1.666ns period=3.333ns})
  Path Group:             ref_clk
  Path Type:              Hold (Min at Slow Process Corner)
  Requirement:            0.000ns  (ref_clk rise@0.000ns - ref_clk rise@0.000ns)
  Data Path Delay:        0.126ns  (logic 0.059ns (46.676%)  route 0.067ns (53.324%))
  Logic Levels:           0  
  Clock Path Skew:        0.054ns (DCD - SCD - CPR)
    Destination Clock Delay (DCD):    6.104ns
    Source Clock Delay      (SCD):    4.591ns
    Clock Pessimism Removal (CPR):    1.460ns
  Clock Net Delay (Source):      2.477ns (routing 1.261ns, distribution 1.216ns)
  Clock Net Delay (Destination): 2.784ns (routing 1.388ns, distribution 1.396ns)

    Location             Delay type                Incr(ns)  Path(ns)    Netlist Resource(s)
  -------------------------------------------------------------------    -------------------
                         (clock ref_clk rise edge)    0.000     0.000 r  
    P10                                               0.000     0.000 r  axi_clk_0 (IN)
                         net (fo=0)                   0.000     0.000    axi_clk_0_IBUF_inst/I
    P10                  INBUF (Prop_INBUF_HPIOB_M_PAD_O)
                                                      0.295     0.295 r  axi_clk_0_IBUF_inst/INBUF_INST/O
                         net (fo=1, routed)           0.000     0.295    axi_clk_0_IBUF_inst/OUT
    P10                  IBUFCTRL (Prop_IBUFCTRL_HPIOB_M_I_O)
                                                      0.000     0.295 r  axi_clk_0_IBUF_inst/IBUFCTRL_INST/O
                         net (fo=1, routed)           1.795     2.090    axi_clk_0_IBUF
    BUFGCE_HDIO_X0Y8     BUFGCE (Prop_BUFCE_BUFGCE_HDIO_I_O)
                                                      0.024     2.114 r  axi_clk_0_IBUF_BUFG_inst/O
    X1Y3 (CLOCK_ROOT)    net (fo=39327, routed)       2.477     4.591    FSRCNN_CORE_i/FSRCNN_CORE/F_Layer_0/inst/backBuffer/U0/inst_fifo_gen/gaxis_fifo.gaxisf.axisf/grf.rf/gntv_or_sync_fifo.gl0.rd/rpntr/s_aclk
    SLICE_X39Y212        FDRE                                         r  FSRCNN_CORE_i/FSRCNN_CORE/F_Layer_0/inst/backBuffer/U0/inst_fifo_gen/gaxis_fifo.gaxisf.axisf/grf.rf/gntv_or_sync_fifo.gl0.rd/rpntr/gc0.count_reg[7]/C
  -------------------------------------------------------------------    -------------------
    SLICE_X39Y212        FDRE (Prop_GFF_SLICEL_C_Q)
                                                      0.059     4.650 r  FSRCNN_CORE_i/FSRCNN_CORE/F_Layer_0/inst/backBuffer/U0/inst_fifo_gen/gaxis_fifo.gaxisf.axisf/grf.rf/gntv_or_sync_fifo.gl0.rd/rpntr/gc0.count_reg[7]/Q
                         net (fo=3, routed)           0.067     4.717    FSRCNN_CORE_i/FSRCNN_CORE/F_Layer_0/inst/backBuffer/U0/inst_fifo_gen/gaxis_fifo.gaxisf.axisf/grf.rf/gntv_or_sync_fifo.gl0.rd/rpntr/rd_pntr_plus1[7]
    SLICE_X39Y213        FDRE                                         r  FSRCNN_CORE_i/FSRCNN_CORE/F_Layer_0/inst/backBuffer/U0/inst_fifo_gen/gaxis_fifo.gaxisf.axisf/grf.rf/gntv_or_sync_fifo.gl0.rd/rpntr/gc0.count_d1_reg[7]/D
  -------------------------------------------------------------------    -------------------

                         (clock ref_clk rise edge)    0.000     0.000 r  
    P10                                               0.000     0.000 r  axi_clk_0 (IN)
                         net (fo=0)                   0.000     0.000    axi_clk_0_IBUF_inst/I
    P10                  INBUF (Prop_INBUF_HPIOB_M_PAD_O)
                                                      0.545     0.545 r  axi_clk_0_IBUF_inst/INBUF_INST/O
                         net (fo=1, routed)           0.000     0.545    axi_clk_0_IBUF_inst/OUT
    P10                  IBUFCTRL (Prop_IBUFCTRL_HPIOB_M_I_O)
                                                      0.000     0.545 r  axi_clk_0_IBUF_inst/IBUFCTRL_INST/O
                         net (fo=1, routed)           2.747     3.292    axi_clk_0_IBUF
    BUFGCE_HDIO_X0Y8     BUFGCE (Prop_BUFCE_BUFGCE_HDIO_I_O)
                                                      0.028     3.320 r  axi_clk_0_IBUF_BUFG_inst/O
    X1Y3 (CLOCK_ROOT)    net (fo=39327, routed)       2.784     6.104    FSRCNN_CORE_i/FSRCNN_CORE/F_Layer_0/inst/backBuffer/U0/inst_fifo_gen/gaxis_fifo.gaxisf.axisf/grf.rf/gntv_or_sync_fifo.gl0.rd/rpntr/s_aclk
    SLICE_X39Y213        FDRE                                         r  FSRCNN_CORE_i/FSRCNN_CORE/F_Layer_0/inst/backBuffer/U0/inst_fifo_gen/gaxis_fifo.gaxisf.axisf/grf.rf/gntv_or_sync_fifo.gl0.rd/rpntr/gc0.count_d1_reg[7]/C
                         clock pessimism             -1.460     4.644    
    SLICE_X39Y213        FDRE (Hold_CFF2_SLICEL_C_D)
                                                      0.062     4.706    FSRCNN_CORE_i/FSRCNN_CORE/F_Layer_0/inst/backBuffer/U0/inst_fifo_gen/gaxis_fifo.gaxisf.axisf/grf.rf/gntv_or_sync_fifo.gl0.rd/rpntr/gc0.count_d1_reg[7]
  -------------------------------------------------------------------
                         required time                         -4.706    
                         arrival time                           4.717    
  -------------------------------------------------------------------
                         slack                                  0.011    

Slack (MET) :             0.012ns  (arrival time - required time)
  Source:                 FSRCNN_CORE_i/FSRCNN_CORE/D_top_0/inst/window_in_0_reg[14][6]/C
                            (rising edge-triggered cell FDCE clocked by ref_clk  {rise@0.000ns fall@1.666ns period=3.333ns})
  Destination:            FSRCNN_CORE_i/FSRCNN_CORE/D_top_0/inst/window_0_reg[14][6]/D
                            (rising edge-triggered cell FDCE clocked by ref_clk  {rise@0.000ns fall@1.666ns period=3.333ns})
  Path Group:             ref_clk
  Path Type:              Hold (Min at Slow Process Corner)
  Requirement:            0.000ns  (ref_clk rise@0.000ns - ref_clk rise@0.000ns)
  Data Path Delay:        0.311ns  (logic 0.058ns (18.650%)  route 0.253ns (81.351%))
  Logic Levels:           0  
  Clock Path Skew:        0.239ns (DCD - SCD - CPR)
    Destination Clock Delay (DCD):    6.278ns
    Source Clock Delay      (SCD):    4.678ns
    Clock Pessimism Removal (CPR):    1.360ns
  Clock Net Delay (Source):      2.564ns (routing 1.261ns, distribution 1.303ns)
  Clock Net Delay (Destination): 2.957ns (routing 1.388ns, distribution 1.569ns)

    Location             Delay type                Incr(ns)  Path(ns)    Netlist Resource(s)
  -------------------------------------------------------------------    -------------------
                         (clock ref_clk rise edge)    0.000     0.000 r  
    P10                                               0.000     0.000 r  axi_clk_0 (IN)
                         net (fo=0)                   0.000     0.000    axi_clk_0_IBUF_inst/I
    P10                  INBUF (Prop_INBUF_HPIOB_M_PAD_O)
                                                      0.295     0.295 r  axi_clk_0_IBUF_inst/INBUF_INST/O
                         net (fo=1, routed)           0.000     0.295    axi_clk_0_IBUF_inst/OUT
    P10                  IBUFCTRL (Prop_IBUFCTRL_HPIOB_M_I_O)
                                                      0.000     0.295 r  axi_clk_0_IBUF_inst/IBUFCTRL_INST/O
                         net (fo=1, routed)           1.795     2.090    axi_clk_0_IBUF
    BUFGCE_HDIO_X0Y8     BUFGCE (Prop_BUFCE_BUFGCE_HDIO_I_O)
                                                      0.024     2.114 r  axi_clk_0_IBUF_BUFG_inst/O
    X1Y3 (CLOCK_ROOT)    net (fo=39327, routed)       2.564     4.678    FSRCNN_CORE_i/FSRCNN_CORE/D_top_0/inst/axi_clk
    SLICE_X37Y359        FDCE                                         r  FSRCNN_CORE_i/FSRCNN_CORE/D_top_0/inst/window_in_0_reg[14][6]/C
  -------------------------------------------------------------------    -------------------
    SLICE_X37Y359        FDCE (Prop_DFF_SLICEM_C_Q)
                                                      0.058     4.736 r  FSRCNN_CORE_i/FSRCNN_CORE/D_top_0/inst/window_in_0_reg[14][6]/Q
                         net (fo=1, routed)           0.253     4.989    FSRCNN_CORE_i/FSRCNN_CORE/D_top_0/inst/p_101_out__0[6]
    SLICE_X27Y363        FDCE                                         r  FSRCNN_CORE_i/FSRCNN_CORE/D_top_0/inst/window_0_reg[14][6]/D
  -------------------------------------------------------------------    -------------------

                         (clock ref_clk rise edge)    0.000     0.000 r  
    P10                                               0.000     0.000 r  axi_clk_0 (IN)
                         net (fo=0)                   0.000     0.000    axi_clk_0_IBUF_inst/I
    P10                  INBUF (Prop_INBUF_HPIOB_M_PAD_O)
                                                      0.545     0.545 r  axi_clk_0_IBUF_inst/INBUF_INST/O
                         net (fo=1, routed)           0.000     0.545    axi_clk_0_IBUF_inst/OUT
    P10                  IBUFCTRL (Prop_IBUFCTRL_HPIOB_M_I_O)
                                                      0.000     0.545 r  axi_clk_0_IBUF_inst/IBUFCTRL_INST/O
                         net (fo=1, routed)           2.747     3.292    axi_clk_0_IBUF
    BUFGCE_HDIO_X0Y8     BUFGCE (Prop_BUFCE_BUFGCE_HDIO_I_O)
                                                      0.028     3.320 r  axi_clk_0_IBUF_BUFG_inst/O
    X1Y3 (CLOCK_ROOT)    net (fo=39327, routed)       2.957     6.278    FSRCNN_CORE_i/FSRCNN_CORE/D_top_0/inst/axi_clk
    SLICE_X27Y363        FDCE                                         r  FSRCNN_CORE_i/FSRCNN_CORE/D_top_0/inst/window_0_reg[14][6]/C
                         clock pessimism             -1.360     4.917    
    SLICE_X27Y363        FDCE (Hold_FFF_SLICEL_C_D)
                                                      0.060     4.977    FSRCNN_CORE_i/FSRCNN_CORE/D_top_0/inst/window_0_reg[14][6]
  -------------------------------------------------------------------
                         required time                         -4.977    
                         arrival time                           4.989    
  -------------------------------------------------------------------
                         slack                                  0.012    

Slack (MET) :             0.014ns  (arrival time - required time)
  Source:                 FSRCNN_CORE_i/FSRCNN_CORE/D_top_0/inst/window_0_reg[8][17]/C
                            (rising edge-triggered cell FDCE clocked by ref_clk  {rise@0.000ns fall@1.666ns period=3.333ns})
  Destination:            FSRCNN_CORE_i/FSRCNN_CORE/D_top_0/inst/genblk1[8].deconv/input_0_0_reg[1]/D
                            (rising edge-triggered cell FDCE clocked by ref_clk  {rise@0.000ns fall@1.666ns period=3.333ns})
  Path Group:             ref_clk
  Path Type:              Hold (Min at Slow Process Corner)
  Requirement:            0.000ns  (ref_clk rise@0.000ns - ref_clk rise@0.000ns)
  Data Path Delay:        0.172ns  (logic 0.060ns (34.884%)  route 0.112ns (65.116%))
  Logic Levels:           0  
  Clock Path Skew:        0.098ns (DCD - SCD - CPR)
    Destination Clock Delay (DCD):    6.181ns
    Source Clock Delay      (SCD):    4.659ns
    Clock Pessimism Removal (CPR):    1.424ns
  Clock Net Delay (Source):      2.545ns (routing 1.261ns, distribution 1.284ns)
  Clock Net Delay (Destination): 2.861ns (routing 1.388ns, distribution 1.473ns)

    Location             Delay type                Incr(ns)  Path(ns)    Netlist Resource(s)
  -------------------------------------------------------------------    -------------------
                         (clock ref_clk rise edge)    0.000     0.000 r  
    P10                                               0.000     0.000 r  axi_clk_0 (IN)
                         net (fo=0)                   0.000     0.000    axi_clk_0_IBUF_inst/I
    P10                  INBUF (Prop_INBUF_HPIOB_M_PAD_O)
                                                      0.295     0.295 r  axi_clk_0_IBUF_inst/INBUF_INST/O
                         net (fo=1, routed)           0.000     0.295    axi_clk_0_IBUF_inst/OUT
    P10                  IBUFCTRL (Prop_IBUFCTRL_HPIOB_M_I_O)
                                                      0.000     0.295 r  axi_clk_0_IBUF_inst/IBUFCTRL_INST/O
                         net (fo=1, routed)           1.795     2.090    axi_clk_0_IBUF
    BUFGCE_HDIO_X0Y8     BUFGCE (Prop_BUFCE_BUFGCE_HDIO_I_O)
                                                      0.024     2.114 r  axi_clk_0_IBUF_BUFG_inst/O
    X1Y3 (CLOCK_ROOT)    net (fo=39327, routed)       2.545     4.659    FSRCNN_CORE_i/FSRCNN_CORE/D_top_0/inst/axi_clk
    SLICE_X43Y387        FDCE                                         r  FSRCNN_CORE_i/FSRCNN_CORE/D_top_0/inst/window_0_reg[8][17]/C
  -------------------------------------------------------------------    -------------------
    SLICE_X43Y387        FDCE (Prop_FFF2_SLICEM_C_Q)
                                                      0.060     4.719 r  FSRCNN_CORE_i/FSRCNN_CORE/D_top_0/inst/window_0_reg[8][17]/Q
                         net (fo=1, routed)           0.112     4.831    FSRCNN_CORE_i/FSRCNN_CORE/D_top_0/inst/genblk1[8].deconv/input_0_0_reg[7]_0[17]
    SLICE_X42Y386        FDCE                                         r  FSRCNN_CORE_i/FSRCNN_CORE/D_top_0/inst/genblk1[8].deconv/input_0_0_reg[1]/D
  -------------------------------------------------------------------    -------------------

                         (clock ref_clk rise edge)    0.000     0.000 r  
    P10                                               0.000     0.000 r  axi_clk_0 (IN)
                         net (fo=0)                   0.000     0.000    axi_clk_0_IBUF_inst/I
    P10                  INBUF (Prop_INBUF_HPIOB_M_PAD_O)
                                                      0.545     0.545 r  axi_clk_0_IBUF_inst/INBUF_INST/O
                         net (fo=1, routed)           0.000     0.545    axi_clk_0_IBUF_inst/OUT
    P10                  IBUFCTRL (Prop_IBUFCTRL_HPIOB_M_I_O)
                                                      0.000     0.545 r  axi_clk_0_IBUF_inst/IBUFCTRL_INST/O
                         net (fo=1, routed)           2.747     3.292    axi_clk_0_IBUF
    BUFGCE_HDIO_X0Y8     BUFGCE (Prop_BUFCE_BUFGCE_HDIO_I_O)
                                                      0.028     3.320 r  axi_clk_0_IBUF_BUFG_inst/O
    X1Y3 (CLOCK_ROOT)    net (fo=39327, routed)       2.861     6.181    FSRCNN_CORE_i/FSRCNN_CORE/D_top_0/inst/genblk1[8].deconv/axi_clk
    SLICE_X42Y386        FDCE                                         r  FSRCNN_CORE_i/FSRCNN_CORE/D_top_0/inst/genblk1[8].deconv/input_0_0_reg[1]/C
                         clock pessimism             -1.424     4.756    
    SLICE_X42Y386        FDCE (Hold_HFF_SLICEL_C_D)
                                                      0.060     4.816    FSRCNN_CORE_i/FSRCNN_CORE/D_top_0/inst/genblk1[8].deconv/input_0_0_reg[1]
  -------------------------------------------------------------------
                         required time                         -4.816    
                         arrival time                           4.831    
  -------------------------------------------------------------------
                         slack                                  0.014    

Slack (MET) :             0.015ns  (arrival time - required time)
  Source:                 FSRCNN_CORE_i/FSRCNN_CORE/E_Layer_0/inst/Conv/kernel[3].Adder_Tree_inst/phase1[1].Adder_0/D_reg_reg[3]/C
                            (rising edge-triggered cell FDRE clocked by ref_clk  {rise@0.000ns fall@1.666ns period=3.333ns})
  Destination:            FSRCNN_CORE_i/FSRCNN_CORE/E_Layer_0/inst/Conv/kernel[3].Adder_Tree_inst/phase2[1].Adder_1/C_reg_reg[3]/D
                            (rising edge-triggered cell FDRE clocked by ref_clk  {rise@0.000ns fall@1.666ns period=3.333ns})
  Path Group:             ref_clk
  Path Type:              Hold (Min at Slow Process Corner)
  Requirement:            0.000ns  (ref_clk rise@0.000ns - ref_clk rise@0.000ns)
  Data Path Delay:        0.226ns  (logic 0.106ns (46.907%)  route 0.120ns (53.093%))
  Logic Levels:           2  (CARRY8=1 LUT2=1)
  Clock Path Skew:        0.151ns (DCD - SCD - CPR)
    Destination Clock Delay (DCD):    6.131ns
    Source Clock Delay      (SCD):    4.639ns
    Clock Pessimism Removal (CPR):    1.341ns
  Clock Net Delay (Source):      2.525ns (routing 1.261ns, distribution 1.264ns)
  Clock Net Delay (Destination): 2.811ns (routing 1.388ns, distribution 1.423ns)

    Location             Delay type                Incr(ns)  Path(ns)    Netlist Resource(s)
  -------------------------------------------------------------------    -------------------
                         (clock ref_clk rise edge)    0.000     0.000 r  
    P10                                               0.000     0.000 r  axi_clk_0 (IN)
                         net (fo=0)                   0.000     0.000    axi_clk_0_IBUF_inst/I
    P10                  INBUF (Prop_INBUF_HPIOB_M_PAD_O)
                                                      0.295     0.295 r  axi_clk_0_IBUF_inst/INBUF_INST/O
                         net (fo=1, routed)           0.000     0.295    axi_clk_0_IBUF_inst/OUT
    P10                  IBUFCTRL (Prop_IBUFCTRL_HPIOB_M_I_O)
                                                      0.000     0.295 r  axi_clk_0_IBUF_inst/IBUFCTRL_INST/O
                         net (fo=1, routed)           1.795     2.090    axi_clk_0_IBUF
    BUFGCE_HDIO_X0Y8     BUFGCE (Prop_BUFCE_BUFGCE_HDIO_I_O)
                                                      0.024     2.114 r  axi_clk_0_IBUF_BUFG_inst/O
    X1Y3 (CLOCK_ROOT)    net (fo=39327, routed)       2.525     4.639    FSRCNN_CORE_i/FSRCNN_CORE/E_Layer_0/inst/Conv/kernel[3].Adder_Tree_inst/phase1[1].Adder_0/axi_clk
    SLICE_X52Y300        FDRE                                         r  FSRCNN_CORE_i/FSRCNN_CORE/E_Layer_0/inst/Conv/kernel[3].Adder_Tree_inst/phase1[1].Adder_0/D_reg_reg[3]/C
  -------------------------------------------------------------------    -------------------
    SLICE_X52Y300        FDRE (Prop_DFF_SLICEM_C_Q)
                                                      0.058     4.697 r  FSRCNN_CORE_i/FSRCNN_CORE/E_Layer_0/inst/Conv/kernel[3].Adder_Tree_inst/phase1[1].Adder_0/D_reg_reg[3]/Q
                         net (fo=2, routed)           0.101     4.798    FSRCNN_CORE_i/FSRCNN_CORE/E_Layer_0/inst/Conv/kernel[3].Adder_Tree_inst/phase2[1].Adder_1/Q[3]
    SLICE_X51Y298        LUT2 (Prop_D6LUT_SLICEL_I0_O)
                                                      0.022     4.820 r  FSRCNN_CORE_i/FSRCNN_CORE/E_Layer_0/inst/Conv/kernel[3].Adder_Tree_inst/phase2[1].Adder_1/C_reg[7]_i_6/O
                         net (fo=1, routed)           0.009     4.829    FSRCNN_CORE_i/FSRCNN_CORE/E_Layer_0/inst/Conv/kernel[3].Adder_Tree_inst/phase2[1].Adder_1/C_reg[7]_i_6_n_0
    SLICE_X51Y298        CARRY8 (Prop_CARRY8_SLICEL_S[3]_O[3])
                                                      0.026     4.855 r  FSRCNN_CORE_i/FSRCNN_CORE/E_Layer_0/inst/Conv/kernel[3].Adder_Tree_inst/phase2[1].Adder_1/C_reg_reg[7]_i_1/O[3]
                         net (fo=1, routed)           0.010     4.865    FSRCNN_CORE_i/FSRCNN_CORE/E_Layer_0/inst/Conv/kernel[3].Adder_Tree_inst/phase2[1].Adder_1/C_reg_reg[7]_i_1_n_12
    SLICE_X51Y298        FDRE                                         r  FSRCNN_CORE_i/FSRCNN_CORE/E_Layer_0/inst/Conv/kernel[3].Adder_Tree_inst/phase2[1].Adder_1/C_reg_reg[3]/D
  -------------------------------------------------------------------    -------------------

                         (clock ref_clk rise edge)    0.000     0.000 r  
    P10                                               0.000     0.000 r  axi_clk_0 (IN)
                         net (fo=0)                   0.000     0.000    axi_clk_0_IBUF_inst/I
    P10                  INBUF (Prop_INBUF_HPIOB_M_PAD_O)
                                                      0.545     0.545 r  axi_clk_0_IBUF_inst/INBUF_INST/O
                         net (fo=1, routed)           0.000     0.545    axi_clk_0_IBUF_inst/OUT
    P10                  IBUFCTRL (Prop_IBUFCTRL_HPIOB_M_I_O)
                                                      0.000     0.545 r  axi_clk_0_IBUF_inst/IBUFCTRL_INST/O
                         net (fo=1, routed)           2.747     3.292    axi_clk_0_IBUF
    BUFGCE_HDIO_X0Y8     BUFGCE (Prop_BUFCE_BUFGCE_HDIO_I_O)
                                                      0.028     3.320 r  axi_clk_0_IBUF_BUFG_inst/O
    X1Y3 (CLOCK_ROOT)    net (fo=39327, routed)       2.811     6.131    FSRCNN_CORE_i/FSRCNN_CORE/E_Layer_0/inst/Conv/kernel[3].Adder_Tree_inst/phase2[1].Adder_1/axi_clk
    SLICE_X51Y298        FDRE                                         r  FSRCNN_CORE_i/FSRCNN_CORE/E_Layer_0/inst/Conv/kernel[3].Adder_Tree_inst/phase2[1].Adder_1/C_reg_reg[3]/C
                         clock pessimism             -1.341     4.790    
    SLICE_X51Y298        FDRE (Hold_DFF_SLICEL_C_D)
                                                      0.060     4.850    FSRCNN_CORE_i/FSRCNN_CORE/E_Layer_0/inst/Conv/kernel[3].Adder_Tree_inst/phase2[1].Adder_1/C_reg_reg[3]
  -------------------------------------------------------------------
                         required time                         -4.850    
                         arrival time                           4.865    
  -------------------------------------------------------------------
                         slack                                  0.015    

Slack (MET) :             0.016ns  (arrival time - required time)
  Source:                 FSRCNN_CORE_i/FSRCNN_CORE/D_top_0/inst/genblk1[4].deconv/tree_1_2_reg[13]/C
                            (rising edge-triggered cell FDCE clocked by ref_clk  {rise@0.000ns fall@1.666ns period=3.333ns})
  Destination:            FSRCNN_CORE_i/FSRCNN_CORE/D_top_0/inst/genblk1[4].deconv/tree_2_1_reg[13]/D
                            (rising edge-triggered cell FDRE clocked by ref_clk  {rise@0.000ns fall@1.666ns period=3.333ns})
  Path Group:             ref_clk
  Path Type:              Hold (Min at Slow Process Corner)
  Requirement:            0.000ns  (ref_clk rise@0.000ns - ref_clk rise@0.000ns)
  Data Path Delay:        0.169ns  (logic 0.060ns (35.503%)  route 0.109ns (64.497%))
  Logic Levels:           0  
  Clock Path Skew:        0.091ns (DCD - SCD - CPR)
    Destination Clock Delay (DCD):    6.195ns
    Source Clock Delay      (SCD):    4.679ns
    Clock Pessimism Removal (CPR):    1.424ns
  Clock Net Delay (Source):      2.565ns (routing 1.261ns, distribution 1.304ns)
  Clock Net Delay (Destination): 2.875ns (routing 1.388ns, distribution 1.487ns)

    Location             Delay type                Incr(ns)  Path(ns)    Netlist Resource(s)
  -------------------------------------------------------------------    -------------------
                         (clock ref_clk rise edge)    0.000     0.000 r  
    P10                                               0.000     0.000 r  axi_clk_0 (IN)
                         net (fo=0)                   0.000     0.000    axi_clk_0_IBUF_inst/I
    P10                  INBUF (Prop_INBUF_HPIOB_M_PAD_O)
                                                      0.295     0.295 r  axi_clk_0_IBUF_inst/INBUF_INST/O
                         net (fo=1, routed)           0.000     0.295    axi_clk_0_IBUF_inst/OUT
    P10                  IBUFCTRL (Prop_IBUFCTRL_HPIOB_M_I_O)
                                                      0.000     0.295 r  axi_clk_0_IBUF_inst/IBUFCTRL_INST/O
                         net (fo=1, routed)           1.795     2.090    axi_clk_0_IBUF
    BUFGCE_HDIO_X0Y8     BUFGCE (Prop_BUFCE_BUFGCE_HDIO_I_O)
                                                      0.024     2.114 r  axi_clk_0_IBUF_BUFG_inst/O
    X1Y3 (CLOCK_ROOT)    net (fo=39327, routed)       2.565     4.679    FSRCNN_CORE_i/FSRCNN_CORE/D_top_0/inst/genblk1[4].deconv/axi_clk
    SLICE_X38Y386        FDCE                                         r  FSRCNN_CORE_i/FSRCNN_CORE/D_top_0/inst/genblk1[4].deconv/tree_1_2_reg[13]/C
  -------------------------------------------------------------------    -------------------
    SLICE_X38Y386        FDCE (Prop_AFF2_SLICEL_C_Q)
                                                      0.060     4.739 r  FSRCNN_CORE_i/FSRCNN_CORE/D_top_0/inst/genblk1[4].deconv/tree_1_2_reg[13]/Q
                         net (fo=1, routed)           0.109     4.848    FSRCNN_CORE_i/FSRCNN_CORE/D_top_0/inst/genblk1[4].deconv/tree_1_2[13]
    SLICE_X36Y387        FDRE                                         r  FSRCNN_CORE_i/FSRCNN_CORE/D_top_0/inst/genblk1[4].deconv/tree_2_1_reg[13]/D
  -------------------------------------------------------------------    -------------------

                         (clock ref_clk rise edge)    0.000     0.000 r  
    P10                                               0.000     0.000 r  axi_clk_0 (IN)
                         net (fo=0)                   0.000     0.000    axi_clk_0_IBUF_inst/I
    P10                  INBUF (Prop_INBUF_HPIOB_M_PAD_O)
                                                      0.545     0.545 r  axi_clk_0_IBUF_inst/INBUF_INST/O
                         net (fo=1, routed)           0.000     0.545    axi_clk_0_IBUF_inst/OUT
    P10                  IBUFCTRL (Prop_IBUFCTRL_HPIOB_M_I_O)
                                                      0.000     0.545 r  axi_clk_0_IBUF_inst/IBUFCTRL_INST/O
                         net (fo=1, routed)           2.747     3.292    axi_clk_0_IBUF
    BUFGCE_HDIO_X0Y8     BUFGCE (Prop_BUFCE_BUFGCE_HDIO_I_O)
                                                      0.028     3.320 r  axi_clk_0_IBUF_BUFG_inst/O
    X1Y3 (CLOCK_ROOT)    net (fo=39327, routed)       2.875     6.195    FSRCNN_CORE_i/FSRCNN_CORE/D_top_0/inst/genblk1[4].deconv/axi_clk
    SLICE_X36Y387        FDRE                                         r  FSRCNN_CORE_i/FSRCNN_CORE/D_top_0/inst/genblk1[4].deconv/tree_2_1_reg[13]/C
                         clock pessimism             -1.424     4.771    
    SLICE_X36Y387        FDRE (Hold_EFF2_SLICEL_C_D)
                                                      0.062     4.833    FSRCNN_CORE_i/FSRCNN_CORE/D_top_0/inst/genblk1[4].deconv/tree_2_1_reg[13]
  -------------------------------------------------------------------
                         required time                         -4.833    
                         arrival time                           4.848    
  -------------------------------------------------------------------
                         slack                                  0.016    

Slack (MET) :             0.017ns  (arrival time - required time)
  Source:                 FSRCNN_CORE_i/FSRCNN_CORE/E_Layer_0/inst/Conv/kernel[13].Adder_Tree_inst/phase2[1].Adder_1/C_reg_reg[7]/C
                            (rising edge-triggered cell FDRE clocked by ref_clk  {rise@0.000ns fall@1.666ns period=3.333ns})
  Destination:            FSRCNN_CORE_i/FSRCNN_CORE/E_Layer_0/inst/Conv/kernel[13].Adder_Tree_inst/Adder_2/C_reg_reg[16]/D
                            (rising edge-triggered cell FDRE clocked by ref_clk  {rise@0.000ns fall@1.666ns period=3.333ns})
  Path Group:             ref_clk
  Path Type:              Hold (Min at Slow Process Corner)
  Requirement:            0.000ns  (ref_clk rise@0.000ns - ref_clk rise@0.000ns)
  Data Path Delay:        0.267ns  (logic 0.181ns (67.790%)  route 0.086ns (32.210%))
  Logic Levels:           4  (CARRY8=3 LUT2=1)
  Clock Path Skew:        0.190ns (DCD - SCD - CPR)
    Destination Clock Delay (DCD):    6.186ns
    Source Clock Delay      (SCD):    4.655ns
    Clock Pessimism Removal (CPR):    1.341ns
  Clock Net Delay (Source):      2.541ns (routing 1.261ns, distribution 1.280ns)
  Clock Net Delay (Destination): 2.866ns (routing 1.388ns, distribution 1.478ns)

    Location             Delay type                Incr(ns)  Path(ns)    Netlist Resource(s)
  -------------------------------------------------------------------    -------------------
                         (clock ref_clk rise edge)    0.000     0.000 r  
    P10                                               0.000     0.000 r  axi_clk_0 (IN)
                         net (fo=0)                   0.000     0.000    axi_clk_0_IBUF_inst/I
    P10                  INBUF (Prop_INBUF_HPIOB_M_PAD_O)
                                                      0.295     0.295 r  axi_clk_0_IBUF_inst/INBUF_INST/O
                         net (fo=1, routed)           0.000     0.295    axi_clk_0_IBUF_inst/OUT
    P10                  IBUFCTRL (Prop_IBUFCTRL_HPIOB_M_I_O)
                                                      0.000     0.295 r  axi_clk_0_IBUF_inst/IBUFCTRL_INST/O
                         net (fo=1, routed)           1.795     2.090    axi_clk_0_IBUF
    BUFGCE_HDIO_X0Y8     BUFGCE (Prop_BUFCE_BUFGCE_HDIO_I_O)
                                                      0.024     2.114 r  axi_clk_0_IBUF_BUFG_inst/O
    X1Y3 (CLOCK_ROOT)    net (fo=39327, routed)       2.541     4.655    FSRCNN_CORE_i/FSRCNN_CORE/E_Layer_0/inst/Conv/kernel[13].Adder_Tree_inst/phase2[1].Adder_1/axi_clk
    SLICE_X41Y298        FDRE                                         r  FSRCNN_CORE_i/FSRCNN_CORE/E_Layer_0/inst/Conv/kernel[13].Adder_Tree_inst/phase2[1].Adder_1/C_reg_reg[7]/C
  -------------------------------------------------------------------    -------------------
    SLICE_X41Y298        FDRE (Prop_HFF_SLICEM_C_Q)
                                                      0.058     4.713 r  FSRCNN_CORE_i/FSRCNN_CORE/E_Layer_0/inst/Conv/kernel[13].Adder_Tree_inst/phase2[1].Adder_1/C_reg_reg[7]/Q
                         net (fo=1, routed)           0.059     4.772    FSRCNN_CORE_i/FSRCNN_CORE/E_Layer_0/inst/Conv/kernel[13].Adder_Tree_inst/Adder_2/C_reg_reg[21]_3[7]
    SLICE_X42Y298        LUT2 (Prop_H6LUT_SLICEL_I1_O)
                                                      0.023     4.795 r  FSRCNN_CORE_i/FSRCNN_CORE/E_Layer_0/inst/Conv/kernel[13].Adder_Tree_inst/Adder_2/C_reg[7]_i_2/O
                         net (fo=1, routed)           0.010     4.805    FSRCNN_CORE_i/FSRCNN_CORE/E_Layer_0/inst/Conv/kernel[13].Adder_Tree_inst/Adder_2/C_reg[7]_i_2_n_0
    SLICE_X42Y298        CARRY8 (Prop_CARRY8_SLICEL_S[7]_CO[7])
                                                      0.044     4.849 r  FSRCNN_CORE_i/FSRCNN_CORE/E_Layer_0/inst/Conv/kernel[13].Adder_Tree_inst/Adder_2/C_reg_reg[7]_i_1/CO[7]
                         net (fo=1, routed)           0.004     4.853    FSRCNN_CORE_i/FSRCNN_CORE/E_Layer_0/inst/Conv/kernel[13].Adder_Tree_inst/Adder_2/C_reg_reg[7]_i_1_n_0
    SLICE_X42Y299        CARRY8 (Prop_CARRY8_SLICEL_CI_CO[7])
                                                      0.025     4.878 r  FSRCNN_CORE_i/FSRCNN_CORE/E_Layer_0/inst/Conv/kernel[13].Adder_Tree_inst/Adder_2/C_reg_reg[15]_i_1/CO[7]
                         net (fo=1, routed)           0.004     4.882    FSRCNN_CORE_i/FSRCNN_CORE/E_Layer_0/inst/Conv/kernel[13].Adder_Tree_inst/Adder_2/C_reg_reg[15]_i_1_n_0
    SLICE_X42Y300        CARRY8 (Prop_CARRY8_SLICEL_CI_O[0])
                                                      0.031     4.913 r  FSRCNN_CORE_i/FSRCNN_CORE/E_Layer_0/inst/Conv/kernel[13].Adder_Tree_inst/Adder_2/C_reg_reg[21]_i_1/O[0]
                         net (fo=1, routed)           0.009     4.922    FSRCNN_CORE_i/FSRCNN_CORE/E_Layer_0/inst/Conv/kernel[13].Adder_Tree_inst/Adder_2/C_reg_reg[21]_i_1_n_15
    SLICE_X42Y300        FDRE                                         r  FSRCNN_CORE_i/FSRCNN_CORE/E_Layer_0/inst/Conv/kernel[13].Adder_Tree_inst/Adder_2/C_reg_reg[16]/D
  -------------------------------------------------------------------    -------------------

                         (clock ref_clk rise edge)    0.000     0.000 r  
    P10                                               0.000     0.000 r  axi_clk_0 (IN)
                         net (fo=0)                   0.000     0.000    axi_clk_0_IBUF_inst/I
    P10                  INBUF (Prop_INBUF_HPIOB_M_PAD_O)
                                                      0.545     0.545 r  axi_clk_0_IBUF_inst/INBUF_INST/O
                         net (fo=1, routed)           0.000     0.545    axi_clk_0_IBUF_inst/OUT
    P10                  IBUFCTRL (Prop_IBUFCTRL_HPIOB_M_I_O)
                                                      0.000     0.545 r  axi_clk_0_IBUF_inst/IBUFCTRL_INST/O
                         net (fo=1, routed)           2.747     3.292    axi_clk_0_IBUF
    BUFGCE_HDIO_X0Y8     BUFGCE (Prop_BUFCE_BUFGCE_HDIO_I_O)
                                                      0.028     3.320 r  axi_clk_0_IBUF_BUFG_inst/O
    X1Y3 (CLOCK_ROOT)    net (fo=39327, routed)       2.866     6.186    FSRCNN_CORE_i/FSRCNN_CORE/E_Layer_0/inst/Conv/kernel[13].Adder_Tree_inst/Adder_2/axi_clk
    SLICE_X42Y300        FDRE                                         r  FSRCNN_CORE_i/FSRCNN_CORE/E_Layer_0/inst/Conv/kernel[13].Adder_Tree_inst/Adder_2/C_reg_reg[16]/C
                         clock pessimism             -1.341     4.845    
    SLICE_X42Y300        FDRE (Hold_AFF_SLICEL_C_D)
                                                      0.060     4.905    FSRCNN_CORE_i/FSRCNN_CORE/E_Layer_0/inst/Conv/kernel[13].Adder_Tree_inst/Adder_2/C_reg_reg[16]
  -------------------------------------------------------------------
                         required time                         -4.905    
                         arrival time                           4.922    
  -------------------------------------------------------------------
                         slack                                  0.017    

Slack (MET) :             0.017ns  (arrival time - required time)
  Source:                 FSRCNN_CORE_i/FSRCNN_CORE/M_Layer_0/inst/core_layer4/pe_array0/result_inter1_reg[1][15]/C
                            (rising edge-triggered cell FDRE clocked by ref_clk  {rise@0.000ns fall@1.666ns period=3.333ns})
  Destination:            FSRCNN_CORE_i/FSRCNN_CORE/M_Layer_0/inst/core_layer4/pe_array0/result_inter2_reg[0][15]/D
                            (rising edge-triggered cell FDRE clocked by ref_clk  {rise@0.000ns fall@1.666ns period=3.333ns})
  Path Group:             ref_clk
  Path Type:              Hold (Min at Slow Process Corner)
  Requirement:            0.000ns  (ref_clk rise@0.000ns - ref_clk rise@0.000ns)
  Data Path Delay:        0.190ns  (logic 0.108ns (56.842%)  route 0.082ns (43.158%))
  Logic Levels:           2  (CARRY8=1 LUT2=1)
  Clock Path Skew:        0.113ns (DCD - SCD - CPR)
    Destination Clock Delay (DCD):    6.325ns
    Source Clock Delay      (SCD):    4.790ns
    Clock Pessimism Removal (CPR):    1.423ns
  Clock Net Delay (Source):      2.676ns (routing 1.261ns, distribution 1.415ns)
  Clock Net Delay (Destination): 3.005ns (routing 1.388ns, distribution 1.617ns)

    Location             Delay type                Incr(ns)  Path(ns)    Netlist Resource(s)
  -------------------------------------------------------------------    -------------------
                         (clock ref_clk rise edge)    0.000     0.000 r  
    P10                                               0.000     0.000 r  axi_clk_0 (IN)
                         net (fo=0)                   0.000     0.000    axi_clk_0_IBUF_inst/I
    P10                  INBUF (Prop_INBUF_HPIOB_M_PAD_O)
                                                      0.295     0.295 r  axi_clk_0_IBUF_inst/INBUF_INST/O
                         net (fo=1, routed)           0.000     0.295    axi_clk_0_IBUF_inst/OUT
    P10                  IBUFCTRL (Prop_IBUFCTRL_HPIOB_M_I_O)
                                                      0.000     0.295 r  axi_clk_0_IBUF_inst/IBUFCTRL_INST/O
                         net (fo=1, routed)           1.795     2.090    axi_clk_0_IBUF
    BUFGCE_HDIO_X0Y8     BUFGCE (Prop_BUFCE_BUFGCE_HDIO_I_O)
                                                      0.024     2.114 r  axi_clk_0_IBUF_BUFG_inst/O
    X1Y3 (CLOCK_ROOT)    net (fo=39327, routed)       2.676     4.790    FSRCNN_CORE_i/FSRCNN_CORE/M_Layer_0/inst/core_layer4/pe_array0/axi_clk
    SLICE_X13Y247        FDRE                                         r  FSRCNN_CORE_i/FSRCNN_CORE/M_Layer_0/inst/core_layer4/pe_array0/result_inter1_reg[1][15]/C
  -------------------------------------------------------------------    -------------------
    SLICE_X13Y247        FDRE (Prop_HFF_SLICEM_C_Q)
                                                      0.058     4.848 r  FSRCNN_CORE_i/FSRCNN_CORE/M_Layer_0/inst/core_layer4/pe_array0/result_inter1_reg[1][15]/Q
                         net (fo=1, routed)           0.062     4.910    FSRCNN_CORE_i/FSRCNN_CORE/M_Layer_0/inst/core_layer4/pe_array0/result_inter1_reg[1]_15[15]
    SLICE_X12Y247        LUT2 (Prop_H6LUT_SLICEL_I1_O)
                                                      0.023     4.933 r  FSRCNN_CORE_i/FSRCNN_CORE/M_Layer_0/inst/core_layer4/pe_array0/result_inter2[0][15]_i_2/O
                         net (fo=1, routed)           0.010     4.943    FSRCNN_CORE_i/FSRCNN_CORE/M_Layer_0/inst/core_layer4/pe_array0/result_inter2[0][15]_i_2_n_0
    SLICE_X12Y247        CARRY8 (Prop_CARRY8_SLICEL_S[7]_O[7])
                                                      0.027     4.970 r  FSRCNN_CORE_i/FSRCNN_CORE/M_Layer_0/inst/core_layer4/pe_array0/result_inter2_reg[0][15]_i_1/O[7]
                         net (fo=1, routed)           0.010     4.980    FSRCNN_CORE_i/FSRCNN_CORE/M_Layer_0/inst/core_layer4/pe_array0/result_inter2_reg[0][15]_i_1_n_8
    SLICE_X12Y247        FDRE                                         r  FSRCNN_CORE_i/FSRCNN_CORE/M_Layer_0/inst/core_layer4/pe_array0/result_inter2_reg[0][15]/D
  -------------------------------------------------------------------    -------------------

                         (clock ref_clk rise edge)    0.000     0.000 r  
    P10                                               0.000     0.000 r  axi_clk_0 (IN)
                         net (fo=0)                   0.000     0.000    axi_clk_0_IBUF_inst/I
    P10                  INBUF (Prop_INBUF_HPIOB_M_PAD_O)
                                                      0.545     0.545 r  axi_clk_0_IBUF_inst/INBUF_INST/O
                         net (fo=1, routed)           0.000     0.545    axi_clk_0_IBUF_inst/OUT
    P10                  IBUFCTRL (Prop_IBUFCTRL_HPIOB_M_I_O)
                                                      0.000     0.545 r  axi_clk_0_IBUF_inst/IBUFCTRL_INST/O
                         net (fo=1, routed)           2.747     3.292    axi_clk_0_IBUF
    BUFGCE_HDIO_X0Y8     BUFGCE (Prop_BUFCE_BUFGCE_HDIO_I_O)
                                                      0.028     3.320 r  axi_clk_0_IBUF_BUFG_inst/O
    X1Y3 (CLOCK_ROOT)    net (fo=39327, routed)       3.005     6.325    FSRCNN_CORE_i/FSRCNN_CORE/M_Layer_0/inst/core_layer4/pe_array0/axi_clk
    SLICE_X12Y247        FDRE                                         r  FSRCNN_CORE_i/FSRCNN_CORE/M_Layer_0/inst/core_layer4/pe_array0/result_inter2_reg[0][15]/C
                         clock pessimism             -1.423     4.902    
    SLICE_X12Y247        FDRE (Hold_HFF_SLICEL_C_D)
                                                      0.060     4.962    FSRCNN_CORE_i/FSRCNN_CORE/M_Layer_0/inst/core_layer4/pe_array0/result_inter2_reg[0][15]
  -------------------------------------------------------------------
                         required time                         -4.962    
                         arrival time                           4.980    
  -------------------------------------------------------------------
                         slack                                  0.017    

Slack (MET) :             0.018ns  (arrival time - required time)
  Source:                 FSRCNN_CORE_i/FSRCNN_CORE/F_Layer_0/inst/core_calculator/pe13/adder_stage1_reg[19]/C
                            (rising edge-triggered cell FDRE clocked by ref_clk  {rise@0.000ns fall@1.666ns period=3.333ns})
  Destination:            FSRCNN_CORE_i/FSRCNN_CORE/F_Layer_0/inst/core_calculator/pe13/adderReg_pipe0_reg[19]/D
                            (rising edge-triggered cell FDRE clocked by ref_clk  {rise@0.000ns fall@1.666ns period=3.333ns})
  Path Group:             ref_clk
  Path Type:              Hold (Min at Slow Process Corner)
  Requirement:            0.000ns  (ref_clk rise@0.000ns - ref_clk rise@0.000ns)
  Data Path Delay:        0.235ns  (logic 0.111ns (47.238%)  route 0.124ns (52.762%))
  Logic Levels:           2  (CARRY8=1 LUT2=1)
  Clock Path Skew:        0.157ns (DCD - SCD - CPR)
    Destination Clock Delay (DCD):    6.109ns
    Source Clock Delay      (SCD):    4.615ns
    Clock Pessimism Removal (CPR):    1.337ns
  Clock Net Delay (Source):      2.501ns (routing 1.261ns, distribution 1.240ns)
  Clock Net Delay (Destination): 2.789ns (routing 1.388ns, distribution 1.401ns)

    Location             Delay type                Incr(ns)  Path(ns)    Netlist Resource(s)
  -------------------------------------------------------------------    -------------------
                         (clock ref_clk rise edge)    0.000     0.000 r  
    P10                                               0.000     0.000 r  axi_clk_0 (IN)
                         net (fo=0)                   0.000     0.000    axi_clk_0_IBUF_inst/I
    P10                  INBUF (Prop_INBUF_HPIOB_M_PAD_O)
                                                      0.295     0.295 r  axi_clk_0_IBUF_inst/INBUF_INST/O
                         net (fo=1, routed)           0.000     0.295    axi_clk_0_IBUF_inst/OUT
    P10                  IBUFCTRL (Prop_IBUFCTRL_HPIOB_M_I_O)
                                                      0.000     0.295 r  axi_clk_0_IBUF_inst/IBUFCTRL_INST/O
                         net (fo=1, routed)           1.795     2.090    axi_clk_0_IBUF
    BUFGCE_HDIO_X0Y8     BUFGCE (Prop_BUFCE_BUFGCE_HDIO_I_O)
                                                      0.024     2.114 r  axi_clk_0_IBUF_BUFG_inst/O
    X1Y3 (CLOCK_ROOT)    net (fo=39327, routed)       2.501     4.615    FSRCNN_CORE_i/FSRCNN_CORE/F_Layer_0/inst/core_calculator/pe13/axi_clk
    SLICE_X43Y181        FDRE                                         r  FSRCNN_CORE_i/FSRCNN_CORE/F_Layer_0/inst/core_calculator/pe13/adder_stage1_reg[19]/C
  -------------------------------------------------------------------    -------------------
    SLICE_X43Y181        FDRE (Prop_DFF_SLICEM_C_Q)
                                                      0.058     4.673 r  FSRCNN_CORE_i/FSRCNN_CORE/F_Layer_0/inst/core_calculator/pe13/adder_stage1_reg[19]/Q
                         net (fo=2, routed)           0.094     4.767    FSRCNN_CORE_i/FSRCNN_CORE/F_Layer_0/inst/core_calculator/pe13/adder_stage1_reg_n_0_[19]
    SLICE_X43Y178        LUT2 (Prop_D6LUT_SLICEM_I0_O)
                                                      0.022     4.789 r  FSRCNN_CORE_i/FSRCNN_CORE/F_Layer_0/inst/core_calculator/pe13/adderReg_pipe0[23]_i_6/O
                         net (fo=1, routed)           0.020     4.809    FSRCNN_CORE_i/FSRCNN_CORE/F_Layer_0/inst/core_calculator/pe13/adderReg_pipe0[23]_i_6_n_0
    SLICE_X43Y178        CARRY8 (Prop_CARRY8_SLICEM_S[3]_O[3])
                                                      0.031     4.840 r  FSRCNN_CORE_i/FSRCNN_CORE/F_Layer_0/inst/core_calculator/pe13/adderReg_pipe0_reg[23]_i_1/O[3]
                         net (fo=1, routed)           0.010     4.850    FSRCNN_CORE_i/FSRCNN_CORE/F_Layer_0/inst/core_calculator/pe13/adderReg_pipe0_reg[23]_i_1_n_12
    SLICE_X43Y178        FDRE                                         r  FSRCNN_CORE_i/FSRCNN_CORE/F_Layer_0/inst/core_calculator/pe13/adderReg_pipe0_reg[19]/D
  -------------------------------------------------------------------    -------------------

                         (clock ref_clk rise edge)    0.000     0.000 r  
    P10                                               0.000     0.000 r  axi_clk_0 (IN)
                         net (fo=0)                   0.000     0.000    axi_clk_0_IBUF_inst/I
    P10                  INBUF (Prop_INBUF_HPIOB_M_PAD_O)
                                                      0.545     0.545 r  axi_clk_0_IBUF_inst/INBUF_INST/O
                         net (fo=1, routed)           0.000     0.545    axi_clk_0_IBUF_inst/OUT
    P10                  IBUFCTRL (Prop_IBUFCTRL_HPIOB_M_I_O)
                                                      0.000     0.545 r  axi_clk_0_IBUF_inst/IBUFCTRL_INST/O
                         net (fo=1, routed)           2.747     3.292    axi_clk_0_IBUF
    BUFGCE_HDIO_X0Y8     BUFGCE (Prop_BUFCE_BUFGCE_HDIO_I_O)
                                                      0.028     3.320 r  axi_clk_0_IBUF_BUFG_inst/O
    X1Y3 (CLOCK_ROOT)    net (fo=39327, routed)       2.789     6.109    FSRCNN_CORE_i/FSRCNN_CORE/F_Layer_0/inst/core_calculator/pe13/axi_clk
    SLICE_X43Y178        FDRE                                         r  FSRCNN_CORE_i/FSRCNN_CORE/F_Layer_0/inst/core_calculator/pe13/adderReg_pipe0_reg[19]/C
                         clock pessimism             -1.337     4.772    
    SLICE_X43Y178        FDRE (Hold_DFF_SLICEM_C_D)
                                                      0.060     4.832    FSRCNN_CORE_i/FSRCNN_CORE/F_Layer_0/inst/core_calculator/pe13/adderReg_pipe0_reg[19]
  -------------------------------------------------------------------
                         required time                         -4.832    
                         arrival time                           4.850    
  -------------------------------------------------------------------
                         slack                                  0.018    

Slack (MET) :             0.018ns  (arrival time - required time)
  Source:                 FSRCNN_CORE_i/FSRCNN_CORE/E_Layer_0/inst/Conv/kernel[11].Adder_Tree_inst/phase2[1].Adder_1/C_reg_reg[13]/C
                            (rising edge-triggered cell FDRE clocked by ref_clk  {rise@0.000ns fall@1.666ns period=3.333ns})
  Destination:            FSRCNN_CORE_i/FSRCNN_CORE/E_Layer_0/inst/Conv/kernel[11].Adder_Tree_inst/Adder_2/C_reg_reg[13]/D
                            (rising edge-triggered cell FDRE clocked by ref_clk  {rise@0.000ns fall@1.666ns period=3.333ns})
  Path Group:             ref_clk
  Path Type:              Hold (Min at Slow Process Corner)
  Requirement:            0.000ns  (ref_clk rise@0.000ns - ref_clk rise@0.000ns)
  Data Path Delay:        0.188ns  (logic 0.105ns (55.851%)  route 0.083ns (44.149%))
  Logic Levels:           2  (CARRY8=1 LUT2=1)
  Clock Path Skew:        0.110ns (DCD - SCD - CPR)
    Destination Clock Delay (DCD):    6.296ns
    Source Clock Delay      (SCD):    4.759ns
    Clock Pessimism Removal (CPR):    1.427ns
  Clock Net Delay (Source):      2.645ns (routing 1.261ns, distribution 1.384ns)
  Clock Net Delay (Destination): 2.976ns (routing 1.388ns, distribution 1.588ns)

    Location             Delay type                Incr(ns)  Path(ns)    Netlist Resource(s)
  -------------------------------------------------------------------    -------------------
                         (clock ref_clk rise edge)    0.000     0.000 r  
    P10                                               0.000     0.000 r  axi_clk_0 (IN)
                         net (fo=0)                   0.000     0.000    axi_clk_0_IBUF_inst/I
    P10                  INBUF (Prop_INBUF_HPIOB_M_PAD_O)
                                                      0.295     0.295 r  axi_clk_0_IBUF_inst/INBUF_INST/O
                         net (fo=1, routed)           0.000     0.295    axi_clk_0_IBUF_inst/OUT
    P10                  IBUFCTRL (Prop_IBUFCTRL_HPIOB_M_I_O)
                                                      0.000     0.295 r  axi_clk_0_IBUF_inst/IBUFCTRL_INST/O
                         net (fo=1, routed)           1.795     2.090    axi_clk_0_IBUF
    BUFGCE_HDIO_X0Y8     BUFGCE (Prop_BUFCE_BUFGCE_HDIO_I_O)
                                                      0.024     2.114 r  axi_clk_0_IBUF_BUFG_inst/O
    X1Y3 (CLOCK_ROOT)    net (fo=39327, routed)       2.645     4.759    FSRCNN_CORE_i/FSRCNN_CORE/E_Layer_0/inst/Conv/kernel[11].Adder_Tree_inst/phase2[1].Adder_1/axi_clk
    SLICE_X22Y320        FDRE                                         r  FSRCNN_CORE_i/FSRCNN_CORE/E_Layer_0/inst/Conv/kernel[11].Adder_Tree_inst/phase2[1].Adder_1/C_reg_reg[13]/C
  -------------------------------------------------------------------    -------------------
    SLICE_X22Y320        FDRE (Prop_FFF_SLICEM_C_Q)
                                                      0.057     4.816 r  FSRCNN_CORE_i/FSRCNN_CORE/E_Layer_0/inst/Conv/kernel[11].Adder_Tree_inst/phase2[1].Adder_1/C_reg_reg[13]/Q
                         net (fo=1, routed)           0.062     4.878    FSRCNN_CORE_i/FSRCNN_CORE/E_Layer_0/inst/Conv/kernel[11].Adder_Tree_inst/Adder_2/C_reg_reg[21]_3[13]
    SLICE_X21Y320        LUT2 (Prop_F6LUT_SLICEL_I1_O)
                                                      0.022     4.900 r  FSRCNN_CORE_i/FSRCNN_CORE/E_Layer_0/inst/Conv/kernel[11].Adder_Tree_inst/Adder_2/C_reg[15]_i_4/O
                         net (fo=1, routed)           0.011     4.911    FSRCNN_CORE_i/FSRCNN_CORE/E_Layer_0/inst/Conv/kernel[11].Adder_Tree_inst/Adder_2/C_reg[15]_i_4_n_0
    SLICE_X21Y320        CARRY8 (Prop_CARRY8_SLICEL_S[5]_O[5])
                                                      0.026     4.937 r  FSRCNN_CORE_i/FSRCNN_CORE/E_Layer_0/inst/Conv/kernel[11].Adder_Tree_inst/Adder_2/C_reg_reg[15]_i_1/O[5]
                         net (fo=1, routed)           0.010     4.947    FSRCNN_CORE_i/FSRCNN_CORE/E_Layer_0/inst/Conv/kernel[11].Adder_Tree_inst/Adder_2/C_reg_reg[15]_i_1_n_10
    SLICE_X21Y320        FDRE                                         r  FSRCNN_CORE_i/FSRCNN_CORE/E_Layer_0/inst/Conv/kernel[11].Adder_Tree_inst/Adder_2/C_reg_reg[13]/D
  -------------------------------------------------------------------    -------------------

                         (clock ref_clk rise edge)    0.000     0.000 r  
    P10                                               0.000     0.000 r  axi_clk_0 (IN)
                         net (fo=0)                   0.000     0.000    axi_clk_0_IBUF_inst/I
    P10                  INBUF (Prop_INBUF_HPIOB_M_PAD_O)
                                                      0.545     0.545 r  axi_clk_0_IBUF_inst/INBUF_INST/O
                         net (fo=1, routed)           0.000     0.545    axi_clk_0_IBUF_inst/OUT
    P10                  IBUFCTRL (Prop_IBUFCTRL_HPIOB_M_I_O)
                                                      0.000     0.545 r  axi_clk_0_IBUF_inst/IBUFCTRL_INST/O
                         net (fo=1, routed)           2.747     3.292    axi_clk_0_IBUF
    BUFGCE_HDIO_X0Y8     BUFGCE (Prop_BUFCE_BUFGCE_HDIO_I_O)
                                                      0.028     3.320 r  axi_clk_0_IBUF_BUFG_inst/O
    X1Y3 (CLOCK_ROOT)    net (fo=39327, routed)       2.976     6.296    FSRCNN_CORE_i/FSRCNN_CORE/E_Layer_0/inst/Conv/kernel[11].Adder_Tree_inst/Adder_2/axi_clk
    SLICE_X21Y320        FDRE                                         r  FSRCNN_CORE_i/FSRCNN_CORE/E_Layer_0/inst/Conv/kernel[11].Adder_Tree_inst/Adder_2/C_reg_reg[13]/C
                         clock pessimism             -1.427     4.869    
    SLICE_X21Y320        FDRE (Hold_FFF_SLICEL_C_D)
                                                      0.060     4.929    FSRCNN_CORE_i/FSRCNN_CORE/E_Layer_0/inst/Conv/kernel[11].Adder_Tree_inst/Adder_2/C_reg_reg[13]
  -------------------------------------------------------------------
                         required time                         -4.929    
                         arrival time                           4.947    
  -------------------------------------------------------------------
                         slack                                  0.018    

Slack (MET) :             0.018ns  (arrival time - required time)
  Source:                 FSRCNN_CORE_i/FSRCNN_CORE/E_Layer_0/inst/Conv/kernel[8].Adder_Tree_inst/phase2[1].Adder_1/C_reg_reg[2]/C
                            (rising edge-triggered cell FDRE clocked by ref_clk  {rise@0.000ns fall@1.666ns period=3.333ns})
  Destination:            FSRCNN_CORE_i/FSRCNN_CORE/E_Layer_0/inst/Conv/kernel[8].Adder_Tree_inst/Adder_2/C_reg_reg[2]/D
                            (rising edge-triggered cell FDRE clocked by ref_clk  {rise@0.000ns fall@1.666ns period=3.333ns})
  Path Group:             ref_clk
  Path Type:              Hold (Min at Slow Process Corner)
  Requirement:            0.000ns  (ref_clk rise@0.000ns - ref_clk rise@0.000ns)
  Data Path Delay:        0.250ns  (logic 0.106ns (42.400%)  route 0.144ns (57.600%))
  Logic Levels:           2  (CARRY8=1 LUT2=1)
  Clock Path Skew:        0.172ns (DCD - SCD - CPR)
    Destination Clock Delay (DCD):    6.130ns
    Source Clock Delay      (SCD):    4.616ns
    Clock Pessimism Removal (CPR):    1.341ns
  Clock Net Delay (Source):      2.502ns (routing 1.261ns, distribution 1.241ns)
  Clock Net Delay (Destination): 2.809ns (routing 1.388ns, distribution 1.421ns)

    Location             Delay type                Incr(ns)  Path(ns)    Netlist Resource(s)
  -------------------------------------------------------------------    -------------------
                         (clock ref_clk rise edge)    0.000     0.000 r  
    P10                                               0.000     0.000 r  axi_clk_0 (IN)
                         net (fo=0)                   0.000     0.000    axi_clk_0_IBUF_inst/I
    P10                  INBUF (Prop_INBUF_HPIOB_M_PAD_O)
                                                      0.295     0.295 r  axi_clk_0_IBUF_inst/INBUF_INST/O
                         net (fo=1, routed)           0.000     0.295    axi_clk_0_IBUF_inst/OUT
    P10                  IBUFCTRL (Prop_IBUFCTRL_HPIOB_M_I_O)
                                                      0.000     0.295 r  axi_clk_0_IBUF_inst/IBUFCTRL_INST/O
                         net (fo=1, routed)           1.795     2.090    axi_clk_0_IBUF
    BUFGCE_HDIO_X0Y8     BUFGCE (Prop_BUFCE_BUFGCE_HDIO_I_O)
                                                      0.024     2.114 r  axi_clk_0_IBUF_BUFG_inst/O
    X1Y3 (CLOCK_ROOT)    net (fo=39327, routed)       2.502     4.616    FSRCNN_CORE_i/FSRCNN_CORE/E_Layer_0/inst/Conv/kernel[8].Adder_Tree_inst/phase2[1].Adder_1/axi_clk
    SLICE_X54Y298        FDRE                                         r  FSRCNN_CORE_i/FSRCNN_CORE/E_Layer_0/inst/Conv/kernel[8].Adder_Tree_inst/phase2[1].Adder_1/C_reg_reg[2]/C
  -------------------------------------------------------------------    -------------------
    SLICE_X54Y298        FDRE (Prop_CFF_SLICEL_C_Q)
                                                      0.058     4.674 r  FSRCNN_CORE_i/FSRCNN_CORE/E_Layer_0/inst/Conv/kernel[8].Adder_Tree_inst/phase2[1].Adder_1/C_reg_reg[2]/Q
                         net (fo=1, routed)           0.124     4.798    FSRCNN_CORE_i/FSRCNN_CORE/E_Layer_0/inst/Conv/kernel[8].Adder_Tree_inst/Adder_2/C_reg_reg[21]_3[2]
    SLICE_X54Y302        LUT2 (Prop_C6LUT_SLICEL_I1_O)
                                                      0.022     4.820 r  FSRCNN_CORE_i/FSRCNN_CORE/E_Layer_0/inst/Conv/kernel[8].Adder_Tree_inst/Adder_2/C_reg[7]_i_7/O
                         net (fo=1, routed)           0.010     4.830    FSRCNN_CORE_i/FSRCNN_CORE/E_Layer_0/inst/Conv/kernel[8].Adder_Tree_inst/Adder_2/C_reg[7]_i_7_n_0
    SLICE_X54Y302        CARRY8 (Prop_CARRY8_SLICEL_S[2]_O[2])
                                                      0.026     4.856 r  FSRCNN_CORE_i/FSRCNN_CORE/E_Layer_0/inst/Conv/kernel[8].Adder_Tree_inst/Adder_2/C_reg_reg[7]_i_1/O[2]
                         net (fo=1, routed)           0.010     4.866    FSRCNN_CORE_i/FSRCNN_CORE/E_Layer_0/inst/Conv/kernel[8].Adder_Tree_inst/Adder_2/C_reg_reg[7]_i_1_n_13
    SLICE_X54Y302        FDRE                                         r  FSRCNN_CORE_i/FSRCNN_CORE/E_Layer_0/inst/Conv/kernel[8].Adder_Tree_inst/Adder_2/C_reg_reg[2]/D
  -------------------------------------------------------------------    -------------------

                         (clock ref_clk rise edge)    0.000     0.000 r  
    P10                                               0.000     0.000 r  axi_clk_0 (IN)
                         net (fo=0)                   0.000     0.000    axi_clk_0_IBUF_inst/I
    P10                  INBUF (Prop_INBUF_HPIOB_M_PAD_O)
                                                      0.545     0.545 r  axi_clk_0_IBUF_inst/INBUF_INST/O
                         net (fo=1, routed)           0.000     0.545    axi_clk_0_IBUF_inst/OUT
    P10                  IBUFCTRL (Prop_IBUFCTRL_HPIOB_M_I_O)
                                                      0.000     0.545 r  axi_clk_0_IBUF_inst/IBUFCTRL_INST/O
                         net (fo=1, routed)           2.747     3.292    axi_clk_0_IBUF
    BUFGCE_HDIO_X0Y8     BUFGCE (Prop_BUFCE_BUFGCE_HDIO_I_O)
                                                      0.028     3.320 r  axi_clk_0_IBUF_BUFG_inst/O
    X1Y3 (CLOCK_ROOT)    net (fo=39327, routed)       2.809     6.130    FSRCNN_CORE_i/FSRCNN_CORE/E_Layer_0/inst/Conv/kernel[8].Adder_Tree_inst/Adder_2/axi_clk
    SLICE_X54Y302        FDRE                                         r  FSRCNN_CORE_i/FSRCNN_CORE/E_Layer_0/inst/Conv/kernel[8].Adder_Tree_inst/Adder_2/C_reg_reg[2]/C
                         clock pessimism             -1.341     4.788    
    SLICE_X54Y302        FDRE (Hold_CFF_SLICEL_C_D)
                                                      0.060     4.848    FSRCNN_CORE_i/FSRCNN_CORE/E_Layer_0/inst/Conv/kernel[8].Adder_Tree_inst/Adder_2/C_reg_reg[2]
  -------------------------------------------------------------------
                         required time                         -4.848    
                         arrival time                           4.866    
  -------------------------------------------------------------------
                         slack                                  0.018    





Pulse Width Checks
--------------------------------------------------------------------------------------
Clock Name:         ref_clk
Waveform(ns):       { 0.000 1.666 }
Period(ns):         3.333
Sources:            { axi_clk_0 }

Check Type        Corner  Lib Pin             Reference Pin  Required(ns)  Actual(ns)  Slack(ns)  Location      Pin
Min Period        n/a     RAMB36E2/CLKARDCLK  n/a            1.569         3.333       1.764      RAMB36_X5Y74  FSRCNN_CORE_i/FSRCNN_CORE/D_top_0/inst/LB_0/BRAM_reg_0/CLKARDCLK
Min Period        n/a     RAMB36E2/CLKBWRCLK  n/a            1.569         3.333       1.764      RAMB36_X5Y74  FSRCNN_CORE_i/FSRCNN_CORE/D_top_0/inst/LB_0/BRAM_reg_0/CLKBWRCLK
Min Period        n/a     RAMB36E2/CLKARDCLK  n/a            1.569         3.333       1.764      RAMB36_X5Y71  FSRCNN_CORE_i/FSRCNN_CORE/D_top_0/inst/LB_0/BRAM_reg_1/CLKARDCLK
Min Period        n/a     RAMB36E2/CLKBWRCLK  n/a            1.569         3.333       1.764      RAMB36_X5Y71  FSRCNN_CORE_i/FSRCNN_CORE/D_top_0/inst/LB_0/BRAM_reg_1/CLKBWRCLK
Min Period        n/a     RAMB36E2/CLKARDCLK  n/a            1.569         3.333       1.764      RAMB36_X5Y76  FSRCNN_CORE_i/FSRCNN_CORE/D_top_0/inst/LB_1/BRAM_reg_0/CLKARDCLK
Min Period        n/a     RAMB36E2/CLKBWRCLK  n/a            1.569         3.333       1.764      RAMB36_X5Y76  FSRCNN_CORE_i/FSRCNN_CORE/D_top_0/inst/LB_1/BRAM_reg_0/CLKBWRCLK
Min Period        n/a     RAMB36E2/CLKARDCLK  n/a            1.569         3.333       1.764      RAMB36_X5Y72  FSRCNN_CORE_i/FSRCNN_CORE/D_top_0/inst/LB_1/BRAM_reg_1/CLKARDCLK
Min Period        n/a     RAMB36E2/CLKBWRCLK  n/a            1.569         3.333       1.764      RAMB36_X5Y72  FSRCNN_CORE_i/FSRCNN_CORE/D_top_0/inst/LB_1/BRAM_reg_1/CLKBWRCLK
Min Period        n/a     RAMB36E2/CLKARDCLK  n/a            1.569         3.333       1.764      RAMB36_X5Y75  FSRCNN_CORE_i/FSRCNN_CORE/D_top_0/inst/LB_2/BRAM_reg_0/CLKARDCLK
Min Period        n/a     RAMB36E2/CLKBWRCLK  n/a            1.569         3.333       1.764      RAMB36_X5Y75  FSRCNN_CORE_i/FSRCNN_CORE/D_top_0/inst/LB_2/BRAM_reg_0/CLKBWRCLK
Low Pulse Width   Slow    RAMB36E2/CLKARDCLK  n/a            0.542         1.666       1.124      RAMB36_X5Y74  FSRCNN_CORE_i/FSRCNN_CORE/D_top_0/inst/LB_0/BRAM_reg_0/CLKARDCLK
Low Pulse Width   Fast    RAMB36E2/CLKARDCLK  n/a            0.542         1.667       1.125      RAMB36_X5Y74  FSRCNN_CORE_i/FSRCNN_CORE/D_top_0/inst/LB_0/BRAM_reg_0/CLKARDCLK
Low Pulse Width   Slow    RAMB36E2/CLKBWRCLK  n/a            0.542         1.667       1.125      RAMB36_X5Y74  FSRCNN_CORE_i/FSRCNN_CORE/D_top_0/inst/LB_0/BRAM_reg_0/CLKBWRCLK
Low Pulse Width   Fast    RAMB36E2/CLKBWRCLK  n/a            0.542         1.666       1.124      RAMB36_X5Y74  FSRCNN_CORE_i/FSRCNN_CORE/D_top_0/inst/LB_0/BRAM_reg_0/CLKBWRCLK
Low Pulse Width   Slow    RAMB36E2/CLKARDCLK  n/a            0.542         1.667       1.125      RAMB36_X5Y71  FSRCNN_CORE_i/FSRCNN_CORE/D_top_0/inst/LB_0/BRAM_reg_1/CLKARDCLK
Low Pulse Width   Fast    RAMB36E2/CLKARDCLK  n/a            0.542         1.667       1.125      RAMB36_X5Y71  FSRCNN_CORE_i/FSRCNN_CORE/D_top_0/inst/LB_0/BRAM_reg_1/CLKARDCLK
Low Pulse Width   Slow    RAMB36E2/CLKBWRCLK  n/a            0.542         1.666       1.124      RAMB36_X5Y71  FSRCNN_CORE_i/FSRCNN_CORE/D_top_0/inst/LB_0/BRAM_reg_1/CLKBWRCLK
Low Pulse Width   Fast    RAMB36E2/CLKBWRCLK  n/a            0.542         1.667       1.125      RAMB36_X5Y71  FSRCNN_CORE_i/FSRCNN_CORE/D_top_0/inst/LB_0/BRAM_reg_1/CLKBWRCLK
Low Pulse Width   Slow    RAMB36E2/CLKARDCLK  n/a            0.542         1.667       1.125      RAMB36_X5Y76  FSRCNN_CORE_i/FSRCNN_CORE/D_top_0/inst/LB_1/BRAM_reg_0/CLKARDCLK
Low Pulse Width   Fast    RAMB36E2/CLKARDCLK  n/a            0.542         1.667       1.125      RAMB36_X5Y76  FSRCNN_CORE_i/FSRCNN_CORE/D_top_0/inst/LB_1/BRAM_reg_0/CLKARDCLK
High Pulse Width  Slow    RAMB36E2/CLKARDCLK  n/a            0.542         1.666       1.124      RAMB36_X5Y74  FSRCNN_CORE_i/FSRCNN_CORE/D_top_0/inst/LB_0/BRAM_reg_0/CLKARDCLK
High Pulse Width  Fast    RAMB36E2/CLKARDCLK  n/a            0.542         1.666       1.124      RAMB36_X5Y74  FSRCNN_CORE_i/FSRCNN_CORE/D_top_0/inst/LB_0/BRAM_reg_0/CLKARDCLK
High Pulse Width  Slow    RAMB36E2/CLKBWRCLK  n/a            0.542         1.666       1.124      RAMB36_X5Y74  FSRCNN_CORE_i/FSRCNN_CORE/D_top_0/inst/LB_0/BRAM_reg_0/CLKBWRCLK
High Pulse Width  Fast    RAMB36E2/CLKBWRCLK  n/a            0.542         1.666       1.124      RAMB36_X5Y74  FSRCNN_CORE_i/FSRCNN_CORE/D_top_0/inst/LB_0/BRAM_reg_0/CLKBWRCLK
High Pulse Width  Slow    RAMB36E2/CLKARDCLK  n/a            0.542         1.666       1.124      RAMB36_X5Y71  FSRCNN_CORE_i/FSRCNN_CORE/D_top_0/inst/LB_0/BRAM_reg_1/CLKARDCLK
High Pulse Width  Fast    RAMB36E2/CLKARDCLK  n/a            0.542         1.666       1.124      RAMB36_X5Y71  FSRCNN_CORE_i/FSRCNN_CORE/D_top_0/inst/LB_0/BRAM_reg_1/CLKARDCLK
High Pulse Width  Slow    RAMB36E2/CLKBWRCLK  n/a            0.542         1.666       1.124      RAMB36_X5Y71  FSRCNN_CORE_i/FSRCNN_CORE/D_top_0/inst/LB_0/BRAM_reg_1/CLKBWRCLK
High Pulse Width  Fast    RAMB36E2/CLKBWRCLK  n/a            0.542         1.666       1.124      RAMB36_X5Y71  FSRCNN_CORE_i/FSRCNN_CORE/D_top_0/inst/LB_0/BRAM_reg_1/CLKBWRCLK
High Pulse Width  Slow    RAMB36E2/CLKARDCLK  n/a            0.542         1.666       1.124      RAMB36_X5Y76  FSRCNN_CORE_i/FSRCNN_CORE/D_top_0/inst/LB_1/BRAM_reg_0/CLKARDCLK
High Pulse Width  Fast    RAMB36E2/CLKARDCLK  n/a            0.542         1.666       1.124      RAMB36_X5Y76  FSRCNN_CORE_i/FSRCNN_CORE/D_top_0/inst/LB_1/BRAM_reg_0/CLKARDCLK



---------------------------------------------------------------------------------------------------
Path Group:  **async_default**
From Clock:  ref_clk
  To Clock:  ref_clk

Setup :            0  Failing Endpoints,  Worst Slack        2.127ns,  Total Violation        0.000ns
Hold  :            0  Failing Endpoints,  Worst Slack        0.183ns,  Total Violation        0.000ns
---------------------------------------------------------------------------------------------------


Max Delay Paths
--------------------------------------------------------------------------------------
Slack (MET) :             2.127ns  (required time - arrival time)
  Source:                 FSRCNN_CORE_i/FSRCNN_CORE/Y_Converter_0/inst/out_buffer/U0/inst_fifo_gen/gaxis_fifo.gaxisf.axisf/grf.rf/rstblk/ngwrdrst.grst.g7serrst.gnsckt_wrst.rst_wr_reg2_inst/arststages_ff_reg[1]/C
                            (rising edge-triggered cell FDPE clocked by ref_clk  {rise@0.000ns fall@1.666ns period=3.333ns})
  Destination:            FSRCNN_CORE_i/FSRCNN_CORE/Y_Converter_0/inst/out_buffer/U0/inst_fifo_gen/gaxis_fifo.gaxisf.axisf/grf.rf/gntv_or_sync_fifo.gl0.wr/gwss.gpf.wrpf/gdiff.gcry_1_sym.diff_pntr_pad_reg[1]/CLR
                            (recovery check against rising-edge clock ref_clk  {rise@0.000ns fall@1.666ns period=3.333ns})
  Path Group:             **async_default**
  Path Type:              Recovery (Max at Slow Process Corner)
  Requirement:            3.333ns  (ref_clk rise@3.333ns - ref_clk rise@0.000ns)
  Data Path Delay:        1.024ns  (logic 0.227ns (22.158%)  route 0.797ns (77.842%))
  Logic Levels:           1  (LUT3=1)
  Clock Path Skew:        -0.080ns (DCD - SCD + CPR)
    Destination Clock Delay (DCD):    4.594ns = ( 7.927 - 3.333 ) 
    Source Clock Delay      (SCD):    6.087ns
    Clock Pessimism Removal (CPR):    1.414ns
  Clock Uncertainty:      0.035ns  ((TSJ^2 + TIJ^2)^1/2 + DJ) / 2 + PE
    Total System Jitter     (TSJ):    0.071ns
    Total Input Jitter      (TIJ):    0.000ns
    Discrete Jitter          (DJ):    0.000ns
    Phase Error              (PE):    0.000ns
  Clock Net Delay (Source):      2.767ns (routing 1.388ns, distribution 1.379ns)
  Clock Net Delay (Destination): 2.480ns (routing 1.261ns, distribution 1.219ns)

    Location             Delay type                Incr(ns)  Path(ns)    Netlist Resource(s)
  -------------------------------------------------------------------    -------------------
                         (clock ref_clk rise edge)    0.000     0.000 r  
    P10                                               0.000     0.000 r  axi_clk_0 (IN)
                         net (fo=0)                   0.000     0.000    axi_clk_0_IBUF_inst/I
    P10                  INBUF (Prop_INBUF_HPIOB_M_PAD_O)
                                                      0.545     0.545 r  axi_clk_0_IBUF_inst/INBUF_INST/O
                         net (fo=1, routed)           0.000     0.545    axi_clk_0_IBUF_inst/OUT
    P10                  IBUFCTRL (Prop_IBUFCTRL_HPIOB_M_I_O)
                                                      0.000     0.545 r  axi_clk_0_IBUF_inst/IBUFCTRL_INST/O
                         net (fo=1, routed)           2.747     3.292    axi_clk_0_IBUF
    BUFGCE_HDIO_X0Y8     BUFGCE (Prop_BUFCE_BUFGCE_HDIO_I_O)
                                                      0.028     3.320 r  axi_clk_0_IBUF_BUFG_inst/O
    X1Y3 (CLOCK_ROOT)    net (fo=39327, routed)       2.767     6.087    FSRCNN_CORE_i/FSRCNN_CORE/Y_Converter_0/inst/out_buffer/U0/inst_fifo_gen/gaxis_fifo.gaxisf.axisf/grf.rf/rstblk/ngwrdrst.grst.g7serrst.gnsckt_wrst.rst_wr_reg2_inst/dest_clk
    SLICE_X42Y165        FDPE                                         r  FSRCNN_CORE_i/FSRCNN_CORE/Y_Converter_0/inst/out_buffer/U0/inst_fifo_gen/gaxis_fifo.gaxisf.axisf/grf.rf/rstblk/ngwrdrst.grst.g7serrst.gnsckt_wrst.rst_wr_reg2_inst/arststages_ff_reg[1]/C
  -------------------------------------------------------------------    -------------------
    SLICE_X42Y165        FDPE (Prop_AFF2_SLICEL_C_Q)
                                                      0.081     6.168 f  FSRCNN_CORE_i/FSRCNN_CORE/Y_Converter_0/inst/out_buffer/U0/inst_fifo_gen/gaxis_fifo.gaxisf.axisf/grf.rf/rstblk/ngwrdrst.grst.g7serrst.gnsckt_wrst.rst_wr_reg2_inst/arststages_ff_reg[1]/Q
                         net (fo=8, routed)           0.343     6.511    FSRCNN_CORE_i/FSRCNN_CORE/Y_Converter_0/inst/out_buffer/U0/inst_fifo_gen/gaxis_fifo.gaxisf.axisf/grf.rf/rstblk/ngwrdrst.rst_wr_reg2
    SLICE_X42Y166        LUT3 (Prop_C6LUT_SLICEL_I2_O)
                                                      0.146     6.657 f  FSRCNN_CORE_i/FSRCNN_CORE/Y_Converter_0/inst/out_buffer/U0/inst_fifo_gen/gaxis_fifo.gaxisf.axisf/grf.rf/rstblk/gpregsm1.curr_fwft_state[1]_i_2/O
                         net (fo=32, routed)          0.455     7.112    FSRCNN_CORE_i/FSRCNN_CORE/Y_Converter_0/inst/out_buffer/U0/inst_fifo_gen/gaxis_fifo.gaxisf.axisf/grf.rf/gntv_or_sync_fifo.gl0.wr/gwss.gpf.wrpf/AR[0]
    SLICE_X44Y167        FDCE                                         f  FSRCNN_CORE_i/FSRCNN_CORE/Y_Converter_0/inst/out_buffer/U0/inst_fifo_gen/gaxis_fifo.gaxisf.axisf/grf.rf/gntv_or_sync_fifo.gl0.wr/gwss.gpf.wrpf/gdiff.gcry_1_sym.diff_pntr_pad_reg[1]/CLR
  -------------------------------------------------------------------    -------------------

                         (clock ref_clk rise edge)    3.333     3.333 r  
    P10                                               0.000     3.333 r  axi_clk_0 (IN)
                         net (fo=0)                   0.000     3.333    axi_clk_0_IBUF_inst/I
    P10                  INBUF (Prop_INBUF_HPIOB_M_PAD_O)
                                                      0.295     3.628 r  axi_clk_0_IBUF_inst/INBUF_INST/O
                         net (fo=1, routed)           0.000     3.628    axi_clk_0_IBUF_inst/OUT
    P10                  IBUFCTRL (Prop_IBUFCTRL_HPIOB_M_I_O)
                                                      0.000     3.628 r  axi_clk_0_IBUF_inst/IBUFCTRL_INST/O
                         net (fo=1, routed)           1.795     5.423    axi_clk_0_IBUF
    BUFGCE_HDIO_X0Y8     BUFGCE (Prop_BUFCE_BUFGCE_HDIO_I_O)
                                                      0.024     5.447 r  axi_clk_0_IBUF_BUFG_inst/O
    X1Y3 (CLOCK_ROOT)    net (fo=39327, routed)       2.480     7.927    FSRCNN_CORE_i/FSRCNN_CORE/Y_Converter_0/inst/out_buffer/U0/inst_fifo_gen/gaxis_fifo.gaxisf.axisf/grf.rf/gntv_or_sync_fifo.gl0.wr/gwss.gpf.wrpf/s_aclk
    SLICE_X44Y167        FDCE                                         r  FSRCNN_CORE_i/FSRCNN_CORE/Y_Converter_0/inst/out_buffer/U0/inst_fifo_gen/gaxis_fifo.gaxisf.axisf/grf.rf/gntv_or_sync_fifo.gl0.wr/gwss.gpf.wrpf/gdiff.gcry_1_sym.diff_pntr_pad_reg[1]/C
                         clock pessimism              1.414     9.340    
                         clock uncertainty           -0.035     9.305    
    SLICE_X44Y167        FDCE (Recov_DFF_SLICEM_C_CLR)
                                                     -0.066     9.239    FSRCNN_CORE_i/FSRCNN_CORE/Y_Converter_0/inst/out_buffer/U0/inst_fifo_gen/gaxis_fifo.gaxisf.axisf/grf.rf/gntv_or_sync_fifo.gl0.wr/gwss.gpf.wrpf/gdiff.gcry_1_sym.diff_pntr_pad_reg[1]
  -------------------------------------------------------------------
                         required time                          9.239    
                         arrival time                          -7.112    
  -------------------------------------------------------------------
                         slack                                  2.127    

Slack (MET) :             2.127ns  (required time - arrival time)
  Source:                 FSRCNN_CORE_i/FSRCNN_CORE/Y_Converter_0/inst/out_buffer/U0/inst_fifo_gen/gaxis_fifo.gaxisf.axisf/grf.rf/rstblk/ngwrdrst.grst.g7serrst.gnsckt_wrst.rst_wr_reg2_inst/arststages_ff_reg[1]/C
                            (rising edge-triggered cell FDPE clocked by ref_clk  {rise@0.000ns fall@1.666ns period=3.333ns})
  Destination:            FSRCNN_CORE_i/FSRCNN_CORE/Y_Converter_0/inst/out_buffer/U0/inst_fifo_gen/gaxis_fifo.gaxisf.axisf/grf.rf/gntv_or_sync_fifo.gl0.wr/gwss.gpf.wrpf/gdiff.gcry_1_sym.diff_pntr_pad_reg[3]/CLR
                            (recovery check against rising-edge clock ref_clk  {rise@0.000ns fall@1.666ns period=3.333ns})
  Path Group:             **async_default**
  Path Type:              Recovery (Max at Slow Process Corner)
  Requirement:            3.333ns  (ref_clk rise@3.333ns - ref_clk rise@0.000ns)
  Data Path Delay:        1.024ns  (logic 0.227ns (22.158%)  route 0.797ns (77.842%))
  Logic Levels:           1  (LUT3=1)
  Clock Path Skew:        -0.080ns (DCD - SCD + CPR)
    Destination Clock Delay (DCD):    4.594ns = ( 7.927 - 3.333 ) 
    Source Clock Delay      (SCD):    6.087ns
    Clock Pessimism Removal (CPR):    1.414ns
  Clock Uncertainty:      0.035ns  ((TSJ^2 + TIJ^2)^1/2 + DJ) / 2 + PE
    Total System Jitter     (TSJ):    0.071ns
    Total Input Jitter      (TIJ):    0.000ns
    Discrete Jitter          (DJ):    0.000ns
    Phase Error              (PE):    0.000ns
  Clock Net Delay (Source):      2.767ns (routing 1.388ns, distribution 1.379ns)
  Clock Net Delay (Destination): 2.480ns (routing 1.261ns, distribution 1.219ns)

    Location             Delay type                Incr(ns)  Path(ns)    Netlist Resource(s)
  -------------------------------------------------------------------    -------------------
                         (clock ref_clk rise edge)    0.000     0.000 r  
    P10                                               0.000     0.000 r  axi_clk_0 (IN)
                         net (fo=0)                   0.000     0.000    axi_clk_0_IBUF_inst/I
    P10                  INBUF (Prop_INBUF_HPIOB_M_PAD_O)
                                                      0.545     0.545 r  axi_clk_0_IBUF_inst/INBUF_INST/O
                         net (fo=1, routed)           0.000     0.545    axi_clk_0_IBUF_inst/OUT
    P10                  IBUFCTRL (Prop_IBUFCTRL_HPIOB_M_I_O)
                                                      0.000     0.545 r  axi_clk_0_IBUF_inst/IBUFCTRL_INST/O
                         net (fo=1, routed)           2.747     3.292    axi_clk_0_IBUF
    BUFGCE_HDIO_X0Y8     BUFGCE (Prop_BUFCE_BUFGCE_HDIO_I_O)
                                                      0.028     3.320 r  axi_clk_0_IBUF_BUFG_inst/O
    X1Y3 (CLOCK_ROOT)    net (fo=39327, routed)       2.767     6.087    FSRCNN_CORE_i/FSRCNN_CORE/Y_Converter_0/inst/out_buffer/U0/inst_fifo_gen/gaxis_fifo.gaxisf.axisf/grf.rf/rstblk/ngwrdrst.grst.g7serrst.gnsckt_wrst.rst_wr_reg2_inst/dest_clk
    SLICE_X42Y165        FDPE                                         r  FSRCNN_CORE_i/FSRCNN_CORE/Y_Converter_0/inst/out_buffer/U0/inst_fifo_gen/gaxis_fifo.gaxisf.axisf/grf.rf/rstblk/ngwrdrst.grst.g7serrst.gnsckt_wrst.rst_wr_reg2_inst/arststages_ff_reg[1]/C
  -------------------------------------------------------------------    -------------------
    SLICE_X42Y165        FDPE (Prop_AFF2_SLICEL_C_Q)
                                                      0.081     6.168 f  FSRCNN_CORE_i/FSRCNN_CORE/Y_Converter_0/inst/out_buffer/U0/inst_fifo_gen/gaxis_fifo.gaxisf.axisf/grf.rf/rstblk/ngwrdrst.grst.g7serrst.gnsckt_wrst.rst_wr_reg2_inst/arststages_ff_reg[1]/Q
                         net (fo=8, routed)           0.343     6.511    FSRCNN_CORE_i/FSRCNN_CORE/Y_Converter_0/inst/out_buffer/U0/inst_fifo_gen/gaxis_fifo.gaxisf.axisf/grf.rf/rstblk/ngwrdrst.rst_wr_reg2
    SLICE_X42Y166        LUT3 (Prop_C6LUT_SLICEL_I2_O)
                                                      0.146     6.657 f  FSRCNN_CORE_i/FSRCNN_CORE/Y_Converter_0/inst/out_buffer/U0/inst_fifo_gen/gaxis_fifo.gaxisf.axisf/grf.rf/rstblk/gpregsm1.curr_fwft_state[1]_i_2/O
                         net (fo=32, routed)          0.455     7.112    FSRCNN_CORE_i/FSRCNN_CORE/Y_Converter_0/inst/out_buffer/U0/inst_fifo_gen/gaxis_fifo.gaxisf.axisf/grf.rf/gntv_or_sync_fifo.gl0.wr/gwss.gpf.wrpf/AR[0]
    SLICE_X44Y167        FDCE                                         f  FSRCNN_CORE_i/FSRCNN_CORE/Y_Converter_0/inst/out_buffer/U0/inst_fifo_gen/gaxis_fifo.gaxisf.axisf/grf.rf/gntv_or_sync_fifo.gl0.wr/gwss.gpf.wrpf/gdiff.gcry_1_sym.diff_pntr_pad_reg[3]/CLR
  -------------------------------------------------------------------    -------------------

                         (clock ref_clk rise edge)    3.333     3.333 r  
    P10                                               0.000     3.333 r  axi_clk_0 (IN)
                         net (fo=0)                   0.000     3.333    axi_clk_0_IBUF_inst/I
    P10                  INBUF (Prop_INBUF_HPIOB_M_PAD_O)
                                                      0.295     3.628 r  axi_clk_0_IBUF_inst/INBUF_INST/O
                         net (fo=1, routed)           0.000     3.628    axi_clk_0_IBUF_inst/OUT
    P10                  IBUFCTRL (Prop_IBUFCTRL_HPIOB_M_I_O)
                                                      0.000     3.628 r  axi_clk_0_IBUF_inst/IBUFCTRL_INST/O
                         net (fo=1, routed)           1.795     5.423    axi_clk_0_IBUF
    BUFGCE_HDIO_X0Y8     BUFGCE (Prop_BUFCE_BUFGCE_HDIO_I_O)
                                                      0.024     5.447 r  axi_clk_0_IBUF_BUFG_inst/O
    X1Y3 (CLOCK_ROOT)    net (fo=39327, routed)       2.480     7.927    FSRCNN_CORE_i/FSRCNN_CORE/Y_Converter_0/inst/out_buffer/U0/inst_fifo_gen/gaxis_fifo.gaxisf.axisf/grf.rf/gntv_or_sync_fifo.gl0.wr/gwss.gpf.wrpf/s_aclk
    SLICE_X44Y167        FDCE                                         r  FSRCNN_CORE_i/FSRCNN_CORE/Y_Converter_0/inst/out_buffer/U0/inst_fifo_gen/gaxis_fifo.gaxisf.axisf/grf.rf/gntv_or_sync_fifo.gl0.wr/gwss.gpf.wrpf/gdiff.gcry_1_sym.diff_pntr_pad_reg[3]/C
                         clock pessimism              1.414     9.340    
                         clock uncertainty           -0.035     9.305    
    SLICE_X44Y167        FDCE (Recov_CFF2_SLICEM_C_CLR)
                                                     -0.066     9.239    FSRCNN_CORE_i/FSRCNN_CORE/Y_Converter_0/inst/out_buffer/U0/inst_fifo_gen/gaxis_fifo.gaxisf.axisf/grf.rf/gntv_or_sync_fifo.gl0.wr/gwss.gpf.wrpf/gdiff.gcry_1_sym.diff_pntr_pad_reg[3]
  -------------------------------------------------------------------
                         required time                          9.239    
                         arrival time                          -7.112    
  -------------------------------------------------------------------
                         slack                                  2.127    

Slack (MET) :             2.127ns  (required time - arrival time)
  Source:                 FSRCNN_CORE_i/FSRCNN_CORE/Y_Converter_0/inst/out_buffer/U0/inst_fifo_gen/gaxis_fifo.gaxisf.axisf/grf.rf/rstblk/ngwrdrst.grst.g7serrst.gnsckt_wrst.rst_wr_reg2_inst/arststages_ff_reg[1]/C
                            (rising edge-triggered cell FDPE clocked by ref_clk  {rise@0.000ns fall@1.666ns period=3.333ns})
  Destination:            FSRCNN_CORE_i/FSRCNN_CORE/Y_Converter_0/inst/out_buffer/U0/inst_fifo_gen/gaxis_fifo.gaxisf.axisf/grf.rf/gntv_or_sync_fifo.gl0.wr/gwss.gpf.wrpf/greg.ram_wr_en_i_reg/CLR
                            (recovery check against rising-edge clock ref_clk  {rise@0.000ns fall@1.666ns period=3.333ns})
  Path Group:             **async_default**
  Path Type:              Recovery (Max at Slow Process Corner)
  Requirement:            3.333ns  (ref_clk rise@3.333ns - ref_clk rise@0.000ns)
  Data Path Delay:        1.024ns  (logic 0.227ns (22.158%)  route 0.797ns (77.842%))
  Logic Levels:           1  (LUT3=1)
  Clock Path Skew:        -0.080ns (DCD - SCD + CPR)
    Destination Clock Delay (DCD):    4.594ns = ( 7.927 - 3.333 ) 
    Source Clock Delay      (SCD):    6.087ns
    Clock Pessimism Removal (CPR):    1.414ns
  Clock Uncertainty:      0.035ns  ((TSJ^2 + TIJ^2)^1/2 + DJ) / 2 + PE
    Total System Jitter     (TSJ):    0.071ns
    Total Input Jitter      (TIJ):    0.000ns
    Discrete Jitter          (DJ):    0.000ns
    Phase Error              (PE):    0.000ns
  Clock Net Delay (Source):      2.767ns (routing 1.388ns, distribution 1.379ns)
  Clock Net Delay (Destination): 2.480ns (routing 1.261ns, distribution 1.219ns)

    Location             Delay type                Incr(ns)  Path(ns)    Netlist Resource(s)
  -------------------------------------------------------------------    -------------------
                         (clock ref_clk rise edge)    0.000     0.000 r  
    P10                                               0.000     0.000 r  axi_clk_0 (IN)
                         net (fo=0)                   0.000     0.000    axi_clk_0_IBUF_inst/I
    P10                  INBUF (Prop_INBUF_HPIOB_M_PAD_O)
                                                      0.545     0.545 r  axi_clk_0_IBUF_inst/INBUF_INST/O
                         net (fo=1, routed)           0.000     0.545    axi_clk_0_IBUF_inst/OUT
    P10                  IBUFCTRL (Prop_IBUFCTRL_HPIOB_M_I_O)
                                                      0.000     0.545 r  axi_clk_0_IBUF_inst/IBUFCTRL_INST/O
                         net (fo=1, routed)           2.747     3.292    axi_clk_0_IBUF
    BUFGCE_HDIO_X0Y8     BUFGCE (Prop_BUFCE_BUFGCE_HDIO_I_O)
                                                      0.028     3.320 r  axi_clk_0_IBUF_BUFG_inst/O
    X1Y3 (CLOCK_ROOT)    net (fo=39327, routed)       2.767     6.087    FSRCNN_CORE_i/FSRCNN_CORE/Y_Converter_0/inst/out_buffer/U0/inst_fifo_gen/gaxis_fifo.gaxisf.axisf/grf.rf/rstblk/ngwrdrst.grst.g7serrst.gnsckt_wrst.rst_wr_reg2_inst/dest_clk
    SLICE_X42Y165        FDPE                                         r  FSRCNN_CORE_i/FSRCNN_CORE/Y_Converter_0/inst/out_buffer/U0/inst_fifo_gen/gaxis_fifo.gaxisf.axisf/grf.rf/rstblk/ngwrdrst.grst.g7serrst.gnsckt_wrst.rst_wr_reg2_inst/arststages_ff_reg[1]/C
  -------------------------------------------------------------------    -------------------
    SLICE_X42Y165        FDPE (Prop_AFF2_SLICEL_C_Q)
                                                      0.081     6.168 f  FSRCNN_CORE_i/FSRCNN_CORE/Y_Converter_0/inst/out_buffer/U0/inst_fifo_gen/gaxis_fifo.gaxisf.axisf/grf.rf/rstblk/ngwrdrst.grst.g7serrst.gnsckt_wrst.rst_wr_reg2_inst/arststages_ff_reg[1]/Q
                         net (fo=8, routed)           0.343     6.511    FSRCNN_CORE_i/FSRCNN_CORE/Y_Converter_0/inst/out_buffer/U0/inst_fifo_gen/gaxis_fifo.gaxisf.axisf/grf.rf/rstblk/ngwrdrst.rst_wr_reg2
    SLICE_X42Y166        LUT3 (Prop_C6LUT_SLICEL_I2_O)
                                                      0.146     6.657 f  FSRCNN_CORE_i/FSRCNN_CORE/Y_Converter_0/inst/out_buffer/U0/inst_fifo_gen/gaxis_fifo.gaxisf.axisf/grf.rf/rstblk/gpregsm1.curr_fwft_state[1]_i_2/O
                         net (fo=32, routed)          0.455     7.112    FSRCNN_CORE_i/FSRCNN_CORE/Y_Converter_0/inst/out_buffer/U0/inst_fifo_gen/gaxis_fifo.gaxisf.axisf/grf.rf/gntv_or_sync_fifo.gl0.wr/gwss.gpf.wrpf/AR[0]
    SLICE_X44Y167        FDCE                                         f  FSRCNN_CORE_i/FSRCNN_CORE/Y_Converter_0/inst/out_buffer/U0/inst_fifo_gen/gaxis_fifo.gaxisf.axisf/grf.rf/gntv_or_sync_fifo.gl0.wr/gwss.gpf.wrpf/greg.ram_wr_en_i_reg/CLR
  -------------------------------------------------------------------    -------------------

                         (clock ref_clk rise edge)    3.333     3.333 r  
    P10                                               0.000     3.333 r  axi_clk_0 (IN)
                         net (fo=0)                   0.000     3.333    axi_clk_0_IBUF_inst/I
    P10                  INBUF (Prop_INBUF_HPIOB_M_PAD_O)
                                                      0.295     3.628 r  axi_clk_0_IBUF_inst/INBUF_INST/O
                         net (fo=1, routed)           0.000     3.628    axi_clk_0_IBUF_inst/OUT
    P10                  IBUFCTRL (Prop_IBUFCTRL_HPIOB_M_I_O)
                                                      0.000     3.628 r  axi_clk_0_IBUF_inst/IBUFCTRL_INST/O
                         net (fo=1, routed)           1.795     5.423    axi_clk_0_IBUF
    BUFGCE_HDIO_X0Y8     BUFGCE (Prop_BUFCE_BUFGCE_HDIO_I_O)
                                                      0.024     5.447 r  axi_clk_0_IBUF_BUFG_inst/O
    X1Y3 (CLOCK_ROOT)    net (fo=39327, routed)       2.480     7.927    FSRCNN_CORE_i/FSRCNN_CORE/Y_Converter_0/inst/out_buffer/U0/inst_fifo_gen/gaxis_fifo.gaxisf.axisf/grf.rf/gntv_or_sync_fifo.gl0.wr/gwss.gpf.wrpf/s_aclk
    SLICE_X44Y167        FDCE                                         r  FSRCNN_CORE_i/FSRCNN_CORE/Y_Converter_0/inst/out_buffer/U0/inst_fifo_gen/gaxis_fifo.gaxisf.axisf/grf.rf/gntv_or_sync_fifo.gl0.wr/gwss.gpf.wrpf/greg.ram_wr_en_i_reg/C
                         clock pessimism              1.414     9.340    
                         clock uncertainty           -0.035     9.305    
    SLICE_X44Y167        FDCE (Recov_AFF_SLICEM_C_CLR)
                                                     -0.066     9.239    FSRCNN_CORE_i/FSRCNN_CORE/Y_Converter_0/inst/out_buffer/U0/inst_fifo_gen/gaxis_fifo.gaxisf.axisf/grf.rf/gntv_or_sync_fifo.gl0.wr/gwss.gpf.wrpf/greg.ram_wr_en_i_reg
  -------------------------------------------------------------------
                         required time                          9.239    
                         arrival time                          -7.112    
  -------------------------------------------------------------------
                         slack                                  2.127    

Slack (MET) :             2.183ns  (required time - arrival time)
  Source:                 FSRCNN_CORE_i/FSRCNN_CORE/Y_Converter_0/inst/out_buffer/U0/inst_fifo_gen/gaxis_fifo.gaxisf.axisf/grf.rf/rstblk/ngwrdrst.grst.g7serrst.gnsckt_wrst.rst_wr_reg2_inst/arststages_ff_reg[1]/C
                            (rising edge-triggered cell FDPE clocked by ref_clk  {rise@0.000ns fall@1.666ns period=3.333ns})
  Destination:            FSRCNN_CORE_i/FSRCNN_CORE/Y_Converter_0/inst/out_buffer/U0/inst_fifo_gen/gaxis_fifo.gaxisf.axisf/grf.rf/gntv_or_sync_fifo.gl0.rd/rpntr/gc0.count_reg[2]/CLR
                            (recovery check against rising-edge clock ref_clk  {rise@0.000ns fall@1.666ns period=3.333ns})
  Path Group:             **async_default**
  Path Type:              Recovery (Max at Slow Process Corner)
  Requirement:            3.333ns  (ref_clk rise@3.333ns - ref_clk rise@0.000ns)
  Data Path Delay:        1.014ns  (logic 0.227ns (22.392%)  route 0.787ns (77.608%))
  Logic Levels:           1  (LUT3=1)
  Clock Path Skew:        -0.035ns (DCD - SCD + CPR)
    Destination Clock Delay (DCD):    4.590ns = ( 7.923 - 3.333 ) 
    Source Clock Delay      (SCD):    6.087ns
    Clock Pessimism Removal (CPR):    1.462ns
  Clock Uncertainty:      0.035ns  ((TSJ^2 + TIJ^2)^1/2 + DJ) / 2 + PE
    Total System Jitter     (TSJ):    0.071ns
    Total Input Jitter      (TIJ):    0.000ns
    Discrete Jitter          (DJ):    0.000ns
    Phase Error              (PE):    0.000ns
  Clock Net Delay (Source):      2.767ns (routing 1.388ns, distribution 1.379ns)
  Clock Net Delay (Destination): 2.476ns (routing 1.261ns, distribution 1.215ns)

    Location             Delay type                Incr(ns)  Path(ns)    Netlist Resource(s)
  -------------------------------------------------------------------    -------------------
                         (clock ref_clk rise edge)    0.000     0.000 r  
    P10                                               0.000     0.000 r  axi_clk_0 (IN)
                         net (fo=0)                   0.000     0.000    axi_clk_0_IBUF_inst/I
    P10                  INBUF (Prop_INBUF_HPIOB_M_PAD_O)
                                                      0.545     0.545 r  axi_clk_0_IBUF_inst/INBUF_INST/O
                         net (fo=1, routed)           0.000     0.545    axi_clk_0_IBUF_inst/OUT
    P10                  IBUFCTRL (Prop_IBUFCTRL_HPIOB_M_I_O)
                                                      0.000     0.545 r  axi_clk_0_IBUF_inst/IBUFCTRL_INST/O
                         net (fo=1, routed)           2.747     3.292    axi_clk_0_IBUF
    BUFGCE_HDIO_X0Y8     BUFGCE (Prop_BUFCE_BUFGCE_HDIO_I_O)
                                                      0.028     3.320 r  axi_clk_0_IBUF_BUFG_inst/O
    X1Y3 (CLOCK_ROOT)    net (fo=39327, routed)       2.767     6.087    FSRCNN_CORE_i/FSRCNN_CORE/Y_Converter_0/inst/out_buffer/U0/inst_fifo_gen/gaxis_fifo.gaxisf.axisf/grf.rf/rstblk/ngwrdrst.grst.g7serrst.gnsckt_wrst.rst_wr_reg2_inst/dest_clk
    SLICE_X42Y165        FDPE                                         r  FSRCNN_CORE_i/FSRCNN_CORE/Y_Converter_0/inst/out_buffer/U0/inst_fifo_gen/gaxis_fifo.gaxisf.axisf/grf.rf/rstblk/ngwrdrst.grst.g7serrst.gnsckt_wrst.rst_wr_reg2_inst/arststages_ff_reg[1]/C
  -------------------------------------------------------------------    -------------------
    SLICE_X42Y165        FDPE (Prop_AFF2_SLICEL_C_Q)
                                                      0.081     6.168 f  FSRCNN_CORE_i/FSRCNN_CORE/Y_Converter_0/inst/out_buffer/U0/inst_fifo_gen/gaxis_fifo.gaxisf.axisf/grf.rf/rstblk/ngwrdrst.grst.g7serrst.gnsckt_wrst.rst_wr_reg2_inst/arststages_ff_reg[1]/Q
                         net (fo=8, routed)           0.343     6.511    FSRCNN_CORE_i/FSRCNN_CORE/Y_Converter_0/inst/out_buffer/U0/inst_fifo_gen/gaxis_fifo.gaxisf.axisf/grf.rf/rstblk/ngwrdrst.rst_wr_reg2
    SLICE_X42Y166        LUT3 (Prop_C6LUT_SLICEL_I2_O)
                                                      0.146     6.657 f  FSRCNN_CORE_i/FSRCNN_CORE/Y_Converter_0/inst/out_buffer/U0/inst_fifo_gen/gaxis_fifo.gaxisf.axisf/grf.rf/rstblk/gpregsm1.curr_fwft_state[1]_i_2/O
                         net (fo=32, routed)          0.444     7.101    FSRCNN_CORE_i/FSRCNN_CORE/Y_Converter_0/inst/out_buffer/U0/inst_fifo_gen/gaxis_fifo.gaxisf.axisf/grf.rf/gntv_or_sync_fifo.gl0.rd/rpntr/gc0.count_d1_reg[3]_0
    SLICE_X42Y168        FDCE                                         f  FSRCNN_CORE_i/FSRCNN_CORE/Y_Converter_0/inst/out_buffer/U0/inst_fifo_gen/gaxis_fifo.gaxisf.axisf/grf.rf/gntv_or_sync_fifo.gl0.rd/rpntr/gc0.count_reg[2]/CLR
  -------------------------------------------------------------------    -------------------

                         (clock ref_clk rise edge)    3.333     3.333 r  
    P10                                               0.000     3.333 r  axi_clk_0 (IN)
                         net (fo=0)                   0.000     3.333    axi_clk_0_IBUF_inst/I
    P10                  INBUF (Prop_INBUF_HPIOB_M_PAD_O)
                                                      0.295     3.628 r  axi_clk_0_IBUF_inst/INBUF_INST/O
                         net (fo=1, routed)           0.000     3.628    axi_clk_0_IBUF_inst/OUT
    P10                  IBUFCTRL (Prop_IBUFCTRL_HPIOB_M_I_O)
                                                      0.000     3.628 r  axi_clk_0_IBUF_inst/IBUFCTRL_INST/O
                         net (fo=1, routed)           1.795     5.423    axi_clk_0_IBUF
    BUFGCE_HDIO_X0Y8     BUFGCE (Prop_BUFCE_BUFGCE_HDIO_I_O)
                                                      0.024     5.447 r  axi_clk_0_IBUF_BUFG_inst/O
    X1Y3 (CLOCK_ROOT)    net (fo=39327, routed)       2.476     7.923    FSRCNN_CORE_i/FSRCNN_CORE/Y_Converter_0/inst/out_buffer/U0/inst_fifo_gen/gaxis_fifo.gaxisf.axisf/grf.rf/gntv_or_sync_fifo.gl0.rd/rpntr/s_aclk
    SLICE_X42Y168        FDCE                                         r  FSRCNN_CORE_i/FSRCNN_CORE/Y_Converter_0/inst/out_buffer/U0/inst_fifo_gen/gaxis_fifo.gaxisf.axisf/grf.rf/gntv_or_sync_fifo.gl0.rd/rpntr/gc0.count_reg[2]/C
                         clock pessimism              1.462     9.385    
                         clock uncertainty           -0.035     9.350    
    SLICE_X42Y168        FDCE (Recov_DFF_SLICEL_C_CLR)
                                                     -0.066     9.284    FSRCNN_CORE_i/FSRCNN_CORE/Y_Converter_0/inst/out_buffer/U0/inst_fifo_gen/gaxis_fifo.gaxisf.axisf/grf.rf/gntv_or_sync_fifo.gl0.rd/rpntr/gc0.count_reg[2]
  -------------------------------------------------------------------
                         required time                          9.284    
                         arrival time                          -7.101    
  -------------------------------------------------------------------
                         slack                                  2.183    

Slack (MET) :             2.183ns  (required time - arrival time)
  Source:                 FSRCNN_CORE_i/FSRCNN_CORE/Y_Converter_0/inst/out_buffer/U0/inst_fifo_gen/gaxis_fifo.gaxisf.axisf/grf.rf/rstblk/ngwrdrst.grst.g7serrst.gnsckt_wrst.rst_wr_reg2_inst/arststages_ff_reg[1]/C
                            (rising edge-triggered cell FDPE clocked by ref_clk  {rise@0.000ns fall@1.666ns period=3.333ns})
  Destination:            FSRCNN_CORE_i/FSRCNN_CORE/Y_Converter_0/inst/out_buffer/U0/inst_fifo_gen/gaxis_fifo.gaxisf.axisf/grf.rf/gntv_or_sync_fifo.gl0.rd/rpntr/gc0.count_reg[3]/CLR
                            (recovery check against rising-edge clock ref_clk  {rise@0.000ns fall@1.666ns period=3.333ns})
  Path Group:             **async_default**
  Path Type:              Recovery (Max at Slow Process Corner)
  Requirement:            3.333ns  (ref_clk rise@3.333ns - ref_clk rise@0.000ns)
  Data Path Delay:        1.014ns  (logic 0.227ns (22.392%)  route 0.787ns (77.608%))
  Logic Levels:           1  (LUT3=1)
  Clock Path Skew:        -0.035ns (DCD - SCD + CPR)
    Destination Clock Delay (DCD):    4.590ns = ( 7.923 - 3.333 ) 
    Source Clock Delay      (SCD):    6.087ns
    Clock Pessimism Removal (CPR):    1.462ns
  Clock Uncertainty:      0.035ns  ((TSJ^2 + TIJ^2)^1/2 + DJ) / 2 + PE
    Total System Jitter     (TSJ):    0.071ns
    Total Input Jitter      (TIJ):    0.000ns
    Discrete Jitter          (DJ):    0.000ns
    Phase Error              (PE):    0.000ns
  Clock Net Delay (Source):      2.767ns (routing 1.388ns, distribution 1.379ns)
  Clock Net Delay (Destination): 2.476ns (routing 1.261ns, distribution 1.215ns)

    Location             Delay type                Incr(ns)  Path(ns)    Netlist Resource(s)
  -------------------------------------------------------------------    -------------------
                         (clock ref_clk rise edge)    0.000     0.000 r  
    P10                                               0.000     0.000 r  axi_clk_0 (IN)
                         net (fo=0)                   0.000     0.000    axi_clk_0_IBUF_inst/I
    P10                  INBUF (Prop_INBUF_HPIOB_M_PAD_O)
                                                      0.545     0.545 r  axi_clk_0_IBUF_inst/INBUF_INST/O
                         net (fo=1, routed)           0.000     0.545    axi_clk_0_IBUF_inst/OUT
    P10                  IBUFCTRL (Prop_IBUFCTRL_HPIOB_M_I_O)
                                                      0.000     0.545 r  axi_clk_0_IBUF_inst/IBUFCTRL_INST/O
                         net (fo=1, routed)           2.747     3.292    axi_clk_0_IBUF
    BUFGCE_HDIO_X0Y8     BUFGCE (Prop_BUFCE_BUFGCE_HDIO_I_O)
                                                      0.028     3.320 r  axi_clk_0_IBUF_BUFG_inst/O
    X1Y3 (CLOCK_ROOT)    net (fo=39327, routed)       2.767     6.087    FSRCNN_CORE_i/FSRCNN_CORE/Y_Converter_0/inst/out_buffer/U0/inst_fifo_gen/gaxis_fifo.gaxisf.axisf/grf.rf/rstblk/ngwrdrst.grst.g7serrst.gnsckt_wrst.rst_wr_reg2_inst/dest_clk
    SLICE_X42Y165        FDPE                                         r  FSRCNN_CORE_i/FSRCNN_CORE/Y_Converter_0/inst/out_buffer/U0/inst_fifo_gen/gaxis_fifo.gaxisf.axisf/grf.rf/rstblk/ngwrdrst.grst.g7serrst.gnsckt_wrst.rst_wr_reg2_inst/arststages_ff_reg[1]/C
  -------------------------------------------------------------------    -------------------
    SLICE_X42Y165        FDPE (Prop_AFF2_SLICEL_C_Q)
                                                      0.081     6.168 f  FSRCNN_CORE_i/FSRCNN_CORE/Y_Converter_0/inst/out_buffer/U0/inst_fifo_gen/gaxis_fifo.gaxisf.axisf/grf.rf/rstblk/ngwrdrst.grst.g7serrst.gnsckt_wrst.rst_wr_reg2_inst/arststages_ff_reg[1]/Q
                         net (fo=8, routed)           0.343     6.511    FSRCNN_CORE_i/FSRCNN_CORE/Y_Converter_0/inst/out_buffer/U0/inst_fifo_gen/gaxis_fifo.gaxisf.axisf/grf.rf/rstblk/ngwrdrst.rst_wr_reg2
    SLICE_X42Y166        LUT3 (Prop_C6LUT_SLICEL_I2_O)
                                                      0.146     6.657 f  FSRCNN_CORE_i/FSRCNN_CORE/Y_Converter_0/inst/out_buffer/U0/inst_fifo_gen/gaxis_fifo.gaxisf.axisf/grf.rf/rstblk/gpregsm1.curr_fwft_state[1]_i_2/O
                         net (fo=32, routed)          0.444     7.101    FSRCNN_CORE_i/FSRCNN_CORE/Y_Converter_0/inst/out_buffer/U0/inst_fifo_gen/gaxis_fifo.gaxisf.axisf/grf.rf/gntv_or_sync_fifo.gl0.rd/rpntr/gc0.count_d1_reg[3]_0
    SLICE_X42Y168        FDCE                                         f  FSRCNN_CORE_i/FSRCNN_CORE/Y_Converter_0/inst/out_buffer/U0/inst_fifo_gen/gaxis_fifo.gaxisf.axisf/grf.rf/gntv_or_sync_fifo.gl0.rd/rpntr/gc0.count_reg[3]/CLR
  -------------------------------------------------------------------    -------------------

                         (clock ref_clk rise edge)    3.333     3.333 r  
    P10                                               0.000     3.333 r  axi_clk_0 (IN)
                         net (fo=0)                   0.000     3.333    axi_clk_0_IBUF_inst/I
    P10                  INBUF (Prop_INBUF_HPIOB_M_PAD_O)
                                                      0.295     3.628 r  axi_clk_0_IBUF_inst/INBUF_INST/O
                         net (fo=1, routed)           0.000     3.628    axi_clk_0_IBUF_inst/OUT
    P10                  IBUFCTRL (Prop_IBUFCTRL_HPIOB_M_I_O)
                                                      0.000     3.628 r  axi_clk_0_IBUF_inst/IBUFCTRL_INST/O
                         net (fo=1, routed)           1.795     5.423    axi_clk_0_IBUF
    BUFGCE_HDIO_X0Y8     BUFGCE (Prop_BUFCE_BUFGCE_HDIO_I_O)
                                                      0.024     5.447 r  axi_clk_0_IBUF_BUFG_inst/O
    X1Y3 (CLOCK_ROOT)    net (fo=39327, routed)       2.476     7.923    FSRCNN_CORE_i/FSRCNN_CORE/Y_Converter_0/inst/out_buffer/U0/inst_fifo_gen/gaxis_fifo.gaxisf.axisf/grf.rf/gntv_or_sync_fifo.gl0.rd/rpntr/s_aclk
    SLICE_X42Y168        FDCE                                         r  FSRCNN_CORE_i/FSRCNN_CORE/Y_Converter_0/inst/out_buffer/U0/inst_fifo_gen/gaxis_fifo.gaxisf.axisf/grf.rf/gntv_or_sync_fifo.gl0.rd/rpntr/gc0.count_reg[3]/C
                         clock pessimism              1.462     9.385    
                         clock uncertainty           -0.035     9.350    
    SLICE_X42Y168        FDCE (Recov_DFF2_SLICEL_C_CLR)
                                                     -0.066     9.284    FSRCNN_CORE_i/FSRCNN_CORE/Y_Converter_0/inst/out_buffer/U0/inst_fifo_gen/gaxis_fifo.gaxisf.axisf/grf.rf/gntv_or_sync_fifo.gl0.rd/rpntr/gc0.count_reg[3]
  -------------------------------------------------------------------
                         required time                          9.284    
                         arrival time                          -7.101    
  -------------------------------------------------------------------
                         slack                                  2.183    

Slack (MET) :             2.198ns  (required time - arrival time)
  Source:                 FSRCNN_CORE_i/FSRCNN_CORE/Y_Converter_0/inst/out_buffer/U0/inst_fifo_gen/gaxis_fifo.gaxisf.axisf/grf.rf/rstblk/ngwrdrst.grst.g7serrst.gnsckt_wrst.rst_wr_reg2_inst/arststages_ff_reg[1]/C
                            (rising edge-triggered cell FDPE clocked by ref_clk  {rise@0.000ns fall@1.666ns period=3.333ns})
  Destination:            FSRCNN_CORE_i/FSRCNN_CORE/Y_Converter_0/inst/out_buffer/U0/inst_fifo_gen/gaxis_fifo.gaxisf.axisf/grf.rf/gntv_or_sync_fifo.gl0.wr/wpntr/gcc0.gc0.count_d1_reg[0]/CLR
                            (recovery check against rising-edge clock ref_clk  {rise@0.000ns fall@1.666ns period=3.333ns})
  Path Group:             **async_default**
  Path Type:              Recovery (Max at Slow Process Corner)
  Requirement:            3.333ns  (ref_clk rise@3.333ns - ref_clk rise@0.000ns)
  Data Path Delay:        0.955ns  (logic 0.227ns (23.764%)  route 0.728ns (76.236%))
  Logic Levels:           1  (LUT3=1)
  Clock Path Skew:        -0.078ns (DCD - SCD + CPR)
    Destination Clock Delay (DCD):    4.596ns = ( 7.929 - 3.333 ) 
    Source Clock Delay      (SCD):    6.087ns
    Clock Pessimism Removal (CPR):    1.414ns
  Clock Uncertainty:      0.035ns  ((TSJ^2 + TIJ^2)^1/2 + DJ) / 2 + PE
    Total System Jitter     (TSJ):    0.071ns
    Total Input Jitter      (TIJ):    0.000ns
    Discrete Jitter          (DJ):    0.000ns
    Phase Error              (PE):    0.000ns
  Clock Net Delay (Source):      2.767ns (routing 1.388ns, distribution 1.379ns)
  Clock Net Delay (Destination): 2.482ns (routing 1.261ns, distribution 1.221ns)

    Location             Delay type                Incr(ns)  Path(ns)    Netlist Resource(s)
  -------------------------------------------------------------------    -------------------
                         (clock ref_clk rise edge)    0.000     0.000 r  
    P10                                               0.000     0.000 r  axi_clk_0 (IN)
                         net (fo=0)                   0.000     0.000    axi_clk_0_IBUF_inst/I
    P10                  INBUF (Prop_INBUF_HPIOB_M_PAD_O)
                                                      0.545     0.545 r  axi_clk_0_IBUF_inst/INBUF_INST/O
                         net (fo=1, routed)           0.000     0.545    axi_clk_0_IBUF_inst/OUT
    P10                  IBUFCTRL (Prop_IBUFCTRL_HPIOB_M_I_O)
                                                      0.000     0.545 r  axi_clk_0_IBUF_inst/IBUFCTRL_INST/O
                         net (fo=1, routed)           2.747     3.292    axi_clk_0_IBUF
    BUFGCE_HDIO_X0Y8     BUFGCE (Prop_BUFCE_BUFGCE_HDIO_I_O)
                                                      0.028     3.320 r  axi_clk_0_IBUF_BUFG_inst/O
    X1Y3 (CLOCK_ROOT)    net (fo=39327, routed)       2.767     6.087    FSRCNN_CORE_i/FSRCNN_CORE/Y_Converter_0/inst/out_buffer/U0/inst_fifo_gen/gaxis_fifo.gaxisf.axisf/grf.rf/rstblk/ngwrdrst.grst.g7serrst.gnsckt_wrst.rst_wr_reg2_inst/dest_clk
    SLICE_X42Y165        FDPE                                         r  FSRCNN_CORE_i/FSRCNN_CORE/Y_Converter_0/inst/out_buffer/U0/inst_fifo_gen/gaxis_fifo.gaxisf.axisf/grf.rf/rstblk/ngwrdrst.grst.g7serrst.gnsckt_wrst.rst_wr_reg2_inst/arststages_ff_reg[1]/C
  -------------------------------------------------------------------    -------------------
    SLICE_X42Y165        FDPE (Prop_AFF2_SLICEL_C_Q)
                                                      0.081     6.168 f  FSRCNN_CORE_i/FSRCNN_CORE/Y_Converter_0/inst/out_buffer/U0/inst_fifo_gen/gaxis_fifo.gaxisf.axisf/grf.rf/rstblk/ngwrdrst.grst.g7serrst.gnsckt_wrst.rst_wr_reg2_inst/arststages_ff_reg[1]/Q
                         net (fo=8, routed)           0.343     6.511    FSRCNN_CORE_i/FSRCNN_CORE/Y_Converter_0/inst/out_buffer/U0/inst_fifo_gen/gaxis_fifo.gaxisf.axisf/grf.rf/rstblk/ngwrdrst.rst_wr_reg2
    SLICE_X42Y166        LUT3 (Prop_C6LUT_SLICEL_I2_O)
                                                      0.146     6.657 f  FSRCNN_CORE_i/FSRCNN_CORE/Y_Converter_0/inst/out_buffer/U0/inst_fifo_gen/gaxis_fifo.gaxisf.axisf/grf.rf/rstblk/gpregsm1.curr_fwft_state[1]_i_2/O
                         net (fo=32, routed)          0.385     7.043    FSRCNN_CORE_i/FSRCNN_CORE/Y_Converter_0/inst/out_buffer/U0/inst_fifo_gen/gaxis_fifo.gaxisf.axisf/grf.rf/gntv_or_sync_fifo.gl0.wr/wpntr/AR[0]
    SLICE_X43Y167        FDCE                                         f  FSRCNN_CORE_i/FSRCNN_CORE/Y_Converter_0/inst/out_buffer/U0/inst_fifo_gen/gaxis_fifo.gaxisf.axisf/grf.rf/gntv_or_sync_fifo.gl0.wr/wpntr/gcc0.gc0.count_d1_reg[0]/CLR
  -------------------------------------------------------------------    -------------------

                         (clock ref_clk rise edge)    3.333     3.333 r  
    P10                                               0.000     3.333 r  axi_clk_0 (IN)
                         net (fo=0)                   0.000     3.333    axi_clk_0_IBUF_inst/I
    P10                  INBUF (Prop_INBUF_HPIOB_M_PAD_O)
                                                      0.295     3.628 r  axi_clk_0_IBUF_inst/INBUF_INST/O
                         net (fo=1, routed)           0.000     3.628    axi_clk_0_IBUF_inst/OUT
    P10                  IBUFCTRL (Prop_IBUFCTRL_HPIOB_M_I_O)
                                                      0.000     3.628 r  axi_clk_0_IBUF_inst/IBUFCTRL_INST/O
                         net (fo=1, routed)           1.795     5.423    axi_clk_0_IBUF
    BUFGCE_HDIO_X0Y8     BUFGCE (Prop_BUFCE_BUFGCE_HDIO_I_O)
                                                      0.024     5.447 r  axi_clk_0_IBUF_BUFG_inst/O
    X1Y3 (CLOCK_ROOT)    net (fo=39327, routed)       2.482     7.929    FSRCNN_CORE_i/FSRCNN_CORE/Y_Converter_0/inst/out_buffer/U0/inst_fifo_gen/gaxis_fifo.gaxisf.axisf/grf.rf/gntv_or_sync_fifo.gl0.wr/wpntr/s_aclk
    SLICE_X43Y167        FDCE                                         r  FSRCNN_CORE_i/FSRCNN_CORE/Y_Converter_0/inst/out_buffer/U0/inst_fifo_gen/gaxis_fifo.gaxisf.axisf/grf.rf/gntv_or_sync_fifo.gl0.wr/wpntr/gcc0.gc0.count_d1_reg[0]/C
                         clock pessimism              1.414     9.342    
                         clock uncertainty           -0.035     9.307    
    SLICE_X43Y167        FDCE (Recov_AFF_SLICEM_C_CLR)
                                                     -0.066     9.241    FSRCNN_CORE_i/FSRCNN_CORE/Y_Converter_0/inst/out_buffer/U0/inst_fifo_gen/gaxis_fifo.gaxisf.axisf/grf.rf/gntv_or_sync_fifo.gl0.wr/wpntr/gcc0.gc0.count_d1_reg[0]
  -------------------------------------------------------------------
                         required time                          9.241    
                         arrival time                          -7.043    
  -------------------------------------------------------------------
                         slack                                  2.198    

Slack (MET) :             2.198ns  (required time - arrival time)
  Source:                 FSRCNN_CORE_i/FSRCNN_CORE/Y_Converter_0/inst/out_buffer/U0/inst_fifo_gen/gaxis_fifo.gaxisf.axisf/grf.rf/rstblk/ngwrdrst.grst.g7serrst.gnsckt_wrst.rst_wr_reg2_inst/arststages_ff_reg[1]/C
                            (rising edge-triggered cell FDPE clocked by ref_clk  {rise@0.000ns fall@1.666ns period=3.333ns})
  Destination:            FSRCNN_CORE_i/FSRCNN_CORE/Y_Converter_0/inst/out_buffer/U0/inst_fifo_gen/gaxis_fifo.gaxisf.axisf/grf.rf/gntv_or_sync_fifo.gl0.wr/wpntr/gcc0.gc0.count_reg[0]/PRE
                            (recovery check against rising-edge clock ref_clk  {rise@0.000ns fall@1.666ns period=3.333ns})
  Path Group:             **async_default**
  Path Type:              Recovery (Max at Slow Process Corner)
  Requirement:            3.333ns  (ref_clk rise@3.333ns - ref_clk rise@0.000ns)
  Data Path Delay:        0.955ns  (logic 0.227ns (23.764%)  route 0.728ns (76.236%))
  Logic Levels:           1  (LUT3=1)
  Clock Path Skew:        -0.078ns (DCD - SCD + CPR)
    Destination Clock Delay (DCD):    4.596ns = ( 7.929 - 3.333 ) 
    Source Clock Delay      (SCD):    6.087ns
    Clock Pessimism Removal (CPR):    1.414ns
  Clock Uncertainty:      0.035ns  ((TSJ^2 + TIJ^2)^1/2 + DJ) / 2 + PE
    Total System Jitter     (TSJ):    0.071ns
    Total Input Jitter      (TIJ):    0.000ns
    Discrete Jitter          (DJ):    0.000ns
    Phase Error              (PE):    0.000ns
  Clock Net Delay (Source):      2.767ns (routing 1.388ns, distribution 1.379ns)
  Clock Net Delay (Destination): 2.482ns (routing 1.261ns, distribution 1.221ns)

    Location             Delay type                Incr(ns)  Path(ns)    Netlist Resource(s)
  -------------------------------------------------------------------    -------------------
                         (clock ref_clk rise edge)    0.000     0.000 r  
    P10                                               0.000     0.000 r  axi_clk_0 (IN)
                         net (fo=0)                   0.000     0.000    axi_clk_0_IBUF_inst/I
    P10                  INBUF (Prop_INBUF_HPIOB_M_PAD_O)
                                                      0.545     0.545 r  axi_clk_0_IBUF_inst/INBUF_INST/O
                         net (fo=1, routed)           0.000     0.545    axi_clk_0_IBUF_inst/OUT
    P10                  IBUFCTRL (Prop_IBUFCTRL_HPIOB_M_I_O)
                                                      0.000     0.545 r  axi_clk_0_IBUF_inst/IBUFCTRL_INST/O
                         net (fo=1, routed)           2.747     3.292    axi_clk_0_IBUF
    BUFGCE_HDIO_X0Y8     BUFGCE (Prop_BUFCE_BUFGCE_HDIO_I_O)
                                                      0.028     3.320 r  axi_clk_0_IBUF_BUFG_inst/O
    X1Y3 (CLOCK_ROOT)    net (fo=39327, routed)       2.767     6.087    FSRCNN_CORE_i/FSRCNN_CORE/Y_Converter_0/inst/out_buffer/U0/inst_fifo_gen/gaxis_fifo.gaxisf.axisf/grf.rf/rstblk/ngwrdrst.grst.g7serrst.gnsckt_wrst.rst_wr_reg2_inst/dest_clk
    SLICE_X42Y165        FDPE                                         r  FSRCNN_CORE_i/FSRCNN_CORE/Y_Converter_0/inst/out_buffer/U0/inst_fifo_gen/gaxis_fifo.gaxisf.axisf/grf.rf/rstblk/ngwrdrst.grst.g7serrst.gnsckt_wrst.rst_wr_reg2_inst/arststages_ff_reg[1]/C
  -------------------------------------------------------------------    -------------------
    SLICE_X42Y165        FDPE (Prop_AFF2_SLICEL_C_Q)
                                                      0.081     6.168 f  FSRCNN_CORE_i/FSRCNN_CORE/Y_Converter_0/inst/out_buffer/U0/inst_fifo_gen/gaxis_fifo.gaxisf.axisf/grf.rf/rstblk/ngwrdrst.grst.g7serrst.gnsckt_wrst.rst_wr_reg2_inst/arststages_ff_reg[1]/Q
                         net (fo=8, routed)           0.343     6.511    FSRCNN_CORE_i/FSRCNN_CORE/Y_Converter_0/inst/out_buffer/U0/inst_fifo_gen/gaxis_fifo.gaxisf.axisf/grf.rf/rstblk/ngwrdrst.rst_wr_reg2
    SLICE_X42Y166        LUT3 (Prop_C6LUT_SLICEL_I2_O)
                                                      0.146     6.657 f  FSRCNN_CORE_i/FSRCNN_CORE/Y_Converter_0/inst/out_buffer/U0/inst_fifo_gen/gaxis_fifo.gaxisf.axisf/grf.rf/rstblk/gpregsm1.curr_fwft_state[1]_i_2/O
                         net (fo=32, routed)          0.385     7.043    FSRCNN_CORE_i/FSRCNN_CORE/Y_Converter_0/inst/out_buffer/U0/inst_fifo_gen/gaxis_fifo.gaxisf.axisf/grf.rf/gntv_or_sync_fifo.gl0.wr/wpntr/AR[0]
    SLICE_X43Y167        FDPE                                         f  FSRCNN_CORE_i/FSRCNN_CORE/Y_Converter_0/inst/out_buffer/U0/inst_fifo_gen/gaxis_fifo.gaxisf.axisf/grf.rf/gntv_or_sync_fifo.gl0.wr/wpntr/gcc0.gc0.count_reg[0]/PRE
  -------------------------------------------------------------------    -------------------

                         (clock ref_clk rise edge)    3.333     3.333 r  
    P10                                               0.000     3.333 r  axi_clk_0 (IN)
                         net (fo=0)                   0.000     3.333    axi_clk_0_IBUF_inst/I
    P10                  INBUF (Prop_INBUF_HPIOB_M_PAD_O)
                                                      0.295     3.628 r  axi_clk_0_IBUF_inst/INBUF_INST/O
                         net (fo=1, routed)           0.000     3.628    axi_clk_0_IBUF_inst/OUT
    P10                  IBUFCTRL (Prop_IBUFCTRL_HPIOB_M_I_O)
                                                      0.000     3.628 r  axi_clk_0_IBUF_inst/IBUFCTRL_INST/O
                         net (fo=1, routed)           1.795     5.423    axi_clk_0_IBUF
    BUFGCE_HDIO_X0Y8     BUFGCE (Prop_BUFCE_BUFGCE_HDIO_I_O)
                                                      0.024     5.447 r  axi_clk_0_IBUF_BUFG_inst/O
    X1Y3 (CLOCK_ROOT)    net (fo=39327, routed)       2.482     7.929    FSRCNN_CORE_i/FSRCNN_CORE/Y_Converter_0/inst/out_buffer/U0/inst_fifo_gen/gaxis_fifo.gaxisf.axisf/grf.rf/gntv_or_sync_fifo.gl0.wr/wpntr/s_aclk
    SLICE_X43Y167        FDPE                                         r  FSRCNN_CORE_i/FSRCNN_CORE/Y_Converter_0/inst/out_buffer/U0/inst_fifo_gen/gaxis_fifo.gaxisf.axisf/grf.rf/gntv_or_sync_fifo.gl0.wr/wpntr/gcc0.gc0.count_reg[0]/C
                         clock pessimism              1.414     9.342    
                         clock uncertainty           -0.035     9.307    
    SLICE_X43Y167        FDPE (Recov_CFF2_SLICEM_C_PRE)
                                                     -0.066     9.241    FSRCNN_CORE_i/FSRCNN_CORE/Y_Converter_0/inst/out_buffer/U0/inst_fifo_gen/gaxis_fifo.gaxisf.axisf/grf.rf/gntv_or_sync_fifo.gl0.wr/wpntr/gcc0.gc0.count_reg[0]
  -------------------------------------------------------------------
                         required time                          9.241    
                         arrival time                          -7.043    
  -------------------------------------------------------------------
                         slack                                  2.198    

Slack (MET) :             2.198ns  (required time - arrival time)
  Source:                 FSRCNN_CORE_i/FSRCNN_CORE/Y_Converter_0/inst/out_buffer/U0/inst_fifo_gen/gaxis_fifo.gaxisf.axisf/grf.rf/rstblk/ngwrdrst.grst.g7serrst.gnsckt_wrst.rst_wr_reg2_inst/arststages_ff_reg[1]/C
                            (rising edge-triggered cell FDPE clocked by ref_clk  {rise@0.000ns fall@1.666ns period=3.333ns})
  Destination:            FSRCNN_CORE_i/FSRCNN_CORE/Y_Converter_0/inst/out_buffer/U0/inst_fifo_gen/gaxis_fifo.gaxisf.axisf/grf.rf/gntv_or_sync_fifo.gl0.wr/wpntr/gcc0.gc0.count_reg[2]/CLR
                            (recovery check against rising-edge clock ref_clk  {rise@0.000ns fall@1.666ns period=3.333ns})
  Path Group:             **async_default**
  Path Type:              Recovery (Max at Slow Process Corner)
  Requirement:            3.333ns  (ref_clk rise@3.333ns - ref_clk rise@0.000ns)
  Data Path Delay:        0.955ns  (logic 0.227ns (23.764%)  route 0.728ns (76.236%))
  Logic Levels:           1  (LUT3=1)
  Clock Path Skew:        -0.078ns (DCD - SCD + CPR)
    Destination Clock Delay (DCD):    4.596ns = ( 7.929 - 3.333 ) 
    Source Clock Delay      (SCD):    6.087ns
    Clock Pessimism Removal (CPR):    1.414ns
  Clock Uncertainty:      0.035ns  ((TSJ^2 + TIJ^2)^1/2 + DJ) / 2 + PE
    Total System Jitter     (TSJ):    0.071ns
    Total Input Jitter      (TIJ):    0.000ns
    Discrete Jitter          (DJ):    0.000ns
    Phase Error              (PE):    0.000ns
  Clock Net Delay (Source):      2.767ns (routing 1.388ns, distribution 1.379ns)
  Clock Net Delay (Destination): 2.482ns (routing 1.261ns, distribution 1.221ns)

    Location             Delay type                Incr(ns)  Path(ns)    Netlist Resource(s)
  -------------------------------------------------------------------    -------------------
                         (clock ref_clk rise edge)    0.000     0.000 r  
    P10                                               0.000     0.000 r  axi_clk_0 (IN)
                         net (fo=0)                   0.000     0.000    axi_clk_0_IBUF_inst/I
    P10                  INBUF (Prop_INBUF_HPIOB_M_PAD_O)
                                                      0.545     0.545 r  axi_clk_0_IBUF_inst/INBUF_INST/O
                         net (fo=1, routed)           0.000     0.545    axi_clk_0_IBUF_inst/OUT
    P10                  IBUFCTRL (Prop_IBUFCTRL_HPIOB_M_I_O)
                                                      0.000     0.545 r  axi_clk_0_IBUF_inst/IBUFCTRL_INST/O
                         net (fo=1, routed)           2.747     3.292    axi_clk_0_IBUF
    BUFGCE_HDIO_X0Y8     BUFGCE (Prop_BUFCE_BUFGCE_HDIO_I_O)
                                                      0.028     3.320 r  axi_clk_0_IBUF_BUFG_inst/O
    X1Y3 (CLOCK_ROOT)    net (fo=39327, routed)       2.767     6.087    FSRCNN_CORE_i/FSRCNN_CORE/Y_Converter_0/inst/out_buffer/U0/inst_fifo_gen/gaxis_fifo.gaxisf.axisf/grf.rf/rstblk/ngwrdrst.grst.g7serrst.gnsckt_wrst.rst_wr_reg2_inst/dest_clk
    SLICE_X42Y165        FDPE                                         r  FSRCNN_CORE_i/FSRCNN_CORE/Y_Converter_0/inst/out_buffer/U0/inst_fifo_gen/gaxis_fifo.gaxisf.axisf/grf.rf/rstblk/ngwrdrst.grst.g7serrst.gnsckt_wrst.rst_wr_reg2_inst/arststages_ff_reg[1]/C
  -------------------------------------------------------------------    -------------------
    SLICE_X42Y165        FDPE (Prop_AFF2_SLICEL_C_Q)
                                                      0.081     6.168 f  FSRCNN_CORE_i/FSRCNN_CORE/Y_Converter_0/inst/out_buffer/U0/inst_fifo_gen/gaxis_fifo.gaxisf.axisf/grf.rf/rstblk/ngwrdrst.grst.g7serrst.gnsckt_wrst.rst_wr_reg2_inst/arststages_ff_reg[1]/Q
                         net (fo=8, routed)           0.343     6.511    FSRCNN_CORE_i/FSRCNN_CORE/Y_Converter_0/inst/out_buffer/U0/inst_fifo_gen/gaxis_fifo.gaxisf.axisf/grf.rf/rstblk/ngwrdrst.rst_wr_reg2
    SLICE_X42Y166        LUT3 (Prop_C6LUT_SLICEL_I2_O)
                                                      0.146     6.657 f  FSRCNN_CORE_i/FSRCNN_CORE/Y_Converter_0/inst/out_buffer/U0/inst_fifo_gen/gaxis_fifo.gaxisf.axisf/grf.rf/rstblk/gpregsm1.curr_fwft_state[1]_i_2/O
                         net (fo=32, routed)          0.385     7.043    FSRCNN_CORE_i/FSRCNN_CORE/Y_Converter_0/inst/out_buffer/U0/inst_fifo_gen/gaxis_fifo.gaxisf.axisf/grf.rf/gntv_or_sync_fifo.gl0.wr/wpntr/AR[0]
    SLICE_X43Y167        FDCE                                         f  FSRCNN_CORE_i/FSRCNN_CORE/Y_Converter_0/inst/out_buffer/U0/inst_fifo_gen/gaxis_fifo.gaxisf.axisf/grf.rf/gntv_or_sync_fifo.gl0.wr/wpntr/gcc0.gc0.count_reg[2]/CLR
  -------------------------------------------------------------------    -------------------

                         (clock ref_clk rise edge)    3.333     3.333 r  
    P10                                               0.000     3.333 r  axi_clk_0 (IN)
                         net (fo=0)                   0.000     3.333    axi_clk_0_IBUF_inst/I
    P10                  INBUF (Prop_INBUF_HPIOB_M_PAD_O)
                                                      0.295     3.628 r  axi_clk_0_IBUF_inst/INBUF_INST/O
                         net (fo=1, routed)           0.000     3.628    axi_clk_0_IBUF_inst/OUT
    P10                  IBUFCTRL (Prop_IBUFCTRL_HPIOB_M_I_O)
                                                      0.000     3.628 r  axi_clk_0_IBUF_inst/IBUFCTRL_INST/O
                         net (fo=1, routed)           1.795     5.423    axi_clk_0_IBUF
    BUFGCE_HDIO_X0Y8     BUFGCE (Prop_BUFCE_BUFGCE_HDIO_I_O)
                                                      0.024     5.447 r  axi_clk_0_IBUF_BUFG_inst/O
    X1Y3 (CLOCK_ROOT)    net (fo=39327, routed)       2.482     7.929    FSRCNN_CORE_i/FSRCNN_CORE/Y_Converter_0/inst/out_buffer/U0/inst_fifo_gen/gaxis_fifo.gaxisf.axisf/grf.rf/gntv_or_sync_fifo.gl0.wr/wpntr/s_aclk
    SLICE_X43Y167        FDCE                                         r  FSRCNN_CORE_i/FSRCNN_CORE/Y_Converter_0/inst/out_buffer/U0/inst_fifo_gen/gaxis_fifo.gaxisf.axisf/grf.rf/gntv_or_sync_fifo.gl0.wr/wpntr/gcc0.gc0.count_reg[2]/C
                         clock pessimism              1.414     9.342    
                         clock uncertainty           -0.035     9.307    
    SLICE_X43Y167        FDCE (Recov_DFF_SLICEM_C_CLR)
                                                     -0.066     9.241    FSRCNN_CORE_i/FSRCNN_CORE/Y_Converter_0/inst/out_buffer/U0/inst_fifo_gen/gaxis_fifo.gaxisf.axisf/grf.rf/gntv_or_sync_fifo.gl0.wr/wpntr/gcc0.gc0.count_reg[2]
  -------------------------------------------------------------------
                         required time                          9.241    
                         arrival time                          -7.043    
  -------------------------------------------------------------------
                         slack                                  2.198    

Slack (MET) :             2.198ns  (required time - arrival time)
  Source:                 FSRCNN_CORE_i/FSRCNN_CORE/Y_Converter_0/inst/out_buffer/U0/inst_fifo_gen/gaxis_fifo.gaxisf.axisf/grf.rf/rstblk/ngwrdrst.grst.g7serrst.gnsckt_wrst.rst_wr_reg2_inst/arststages_ff_reg[1]/C
                            (rising edge-triggered cell FDPE clocked by ref_clk  {rise@0.000ns fall@1.666ns period=3.333ns})
  Destination:            FSRCNN_CORE_i/FSRCNN_CORE/Y_Converter_0/inst/out_buffer/U0/inst_fifo_gen/gaxis_fifo.gaxisf.axisf/grf.rf/gntv_or_sync_fifo.gl0.wr/wpntr/gcc0.gc0.count_reg[3]/CLR
                            (recovery check against rising-edge clock ref_clk  {rise@0.000ns fall@1.666ns period=3.333ns})
  Path Group:             **async_default**
  Path Type:              Recovery (Max at Slow Process Corner)
  Requirement:            3.333ns  (ref_clk rise@3.333ns - ref_clk rise@0.000ns)
  Data Path Delay:        0.955ns  (logic 0.227ns (23.764%)  route 0.728ns (76.236%))
  Logic Levels:           1  (LUT3=1)
  Clock Path Skew:        -0.078ns (DCD - SCD + CPR)
    Destination Clock Delay (DCD):    4.596ns = ( 7.929 - 3.333 ) 
    Source Clock Delay      (SCD):    6.087ns
    Clock Pessimism Removal (CPR):    1.414ns
  Clock Uncertainty:      0.035ns  ((TSJ^2 + TIJ^2)^1/2 + DJ) / 2 + PE
    Total System Jitter     (TSJ):    0.071ns
    Total Input Jitter      (TIJ):    0.000ns
    Discrete Jitter          (DJ):    0.000ns
    Phase Error              (PE):    0.000ns
  Clock Net Delay (Source):      2.767ns (routing 1.388ns, distribution 1.379ns)
  Clock Net Delay (Destination): 2.482ns (routing 1.261ns, distribution 1.221ns)

    Location             Delay type                Incr(ns)  Path(ns)    Netlist Resource(s)
  -------------------------------------------------------------------    -------------------
                         (clock ref_clk rise edge)    0.000     0.000 r  
    P10                                               0.000     0.000 r  axi_clk_0 (IN)
                         net (fo=0)                   0.000     0.000    axi_clk_0_IBUF_inst/I
    P10                  INBUF (Prop_INBUF_HPIOB_M_PAD_O)
                                                      0.545     0.545 r  axi_clk_0_IBUF_inst/INBUF_INST/O
                         net (fo=1, routed)           0.000     0.545    axi_clk_0_IBUF_inst/OUT
    P10                  IBUFCTRL (Prop_IBUFCTRL_HPIOB_M_I_O)
                                                      0.000     0.545 r  axi_clk_0_IBUF_inst/IBUFCTRL_INST/O
                         net (fo=1, routed)           2.747     3.292    axi_clk_0_IBUF
    BUFGCE_HDIO_X0Y8     BUFGCE (Prop_BUFCE_BUFGCE_HDIO_I_O)
                                                      0.028     3.320 r  axi_clk_0_IBUF_BUFG_inst/O
    X1Y3 (CLOCK_ROOT)    net (fo=39327, routed)       2.767     6.087    FSRCNN_CORE_i/FSRCNN_CORE/Y_Converter_0/inst/out_buffer/U0/inst_fifo_gen/gaxis_fifo.gaxisf.axisf/grf.rf/rstblk/ngwrdrst.grst.g7serrst.gnsckt_wrst.rst_wr_reg2_inst/dest_clk
    SLICE_X42Y165        FDPE                                         r  FSRCNN_CORE_i/FSRCNN_CORE/Y_Converter_0/inst/out_buffer/U0/inst_fifo_gen/gaxis_fifo.gaxisf.axisf/grf.rf/rstblk/ngwrdrst.grst.g7serrst.gnsckt_wrst.rst_wr_reg2_inst/arststages_ff_reg[1]/C
  -------------------------------------------------------------------    -------------------
    SLICE_X42Y165        FDPE (Prop_AFF2_SLICEL_C_Q)
                                                      0.081     6.168 f  FSRCNN_CORE_i/FSRCNN_CORE/Y_Converter_0/inst/out_buffer/U0/inst_fifo_gen/gaxis_fifo.gaxisf.axisf/grf.rf/rstblk/ngwrdrst.grst.g7serrst.gnsckt_wrst.rst_wr_reg2_inst/arststages_ff_reg[1]/Q
                         net (fo=8, routed)           0.343     6.511    FSRCNN_CORE_i/FSRCNN_CORE/Y_Converter_0/inst/out_buffer/U0/inst_fifo_gen/gaxis_fifo.gaxisf.axisf/grf.rf/rstblk/ngwrdrst.rst_wr_reg2
    SLICE_X42Y166        LUT3 (Prop_C6LUT_SLICEL_I2_O)
                                                      0.146     6.657 f  FSRCNN_CORE_i/FSRCNN_CORE/Y_Converter_0/inst/out_buffer/U0/inst_fifo_gen/gaxis_fifo.gaxisf.axisf/grf.rf/rstblk/gpregsm1.curr_fwft_state[1]_i_2/O
                         net (fo=32, routed)          0.385     7.043    FSRCNN_CORE_i/FSRCNN_CORE/Y_Converter_0/inst/out_buffer/U0/inst_fifo_gen/gaxis_fifo.gaxisf.axisf/grf.rf/gntv_or_sync_fifo.gl0.wr/wpntr/AR[0]
    SLICE_X43Y167        FDCE                                         f  FSRCNN_CORE_i/FSRCNN_CORE/Y_Converter_0/inst/out_buffer/U0/inst_fifo_gen/gaxis_fifo.gaxisf.axisf/grf.rf/gntv_or_sync_fifo.gl0.wr/wpntr/gcc0.gc0.count_reg[3]/CLR
  -------------------------------------------------------------------    -------------------

                         (clock ref_clk rise edge)    3.333     3.333 r  
    P10                                               0.000     3.333 r  axi_clk_0 (IN)
                         net (fo=0)                   0.000     3.333    axi_clk_0_IBUF_inst/I
    P10                  INBUF (Prop_INBUF_HPIOB_M_PAD_O)
                                                      0.295     3.628 r  axi_clk_0_IBUF_inst/INBUF_INST/O
                         net (fo=1, routed)           0.000     3.628    axi_clk_0_IBUF_inst/OUT
    P10                  IBUFCTRL (Prop_IBUFCTRL_HPIOB_M_I_O)
                                                      0.000     3.628 r  axi_clk_0_IBUF_inst/IBUFCTRL_INST/O
                         net (fo=1, routed)           1.795     5.423    axi_clk_0_IBUF
    BUFGCE_HDIO_X0Y8     BUFGCE (Prop_BUFCE_BUFGCE_HDIO_I_O)
                                                      0.024     5.447 r  axi_clk_0_IBUF_BUFG_inst/O
    X1Y3 (CLOCK_ROOT)    net (fo=39327, routed)       2.482     7.929    FSRCNN_CORE_i/FSRCNN_CORE/Y_Converter_0/inst/out_buffer/U0/inst_fifo_gen/gaxis_fifo.gaxisf.axisf/grf.rf/gntv_or_sync_fifo.gl0.wr/wpntr/s_aclk
    SLICE_X43Y167        FDCE                                         r  FSRCNN_CORE_i/FSRCNN_CORE/Y_Converter_0/inst/out_buffer/U0/inst_fifo_gen/gaxis_fifo.gaxisf.axisf/grf.rf/gntv_or_sync_fifo.gl0.wr/wpntr/gcc0.gc0.count_reg[3]/C
                         clock pessimism              1.414     9.342    
                         clock uncertainty           -0.035     9.307    
    SLICE_X43Y167        FDCE (Recov_DFF2_SLICEM_C_CLR)
                                                     -0.066     9.241    FSRCNN_CORE_i/FSRCNN_CORE/Y_Converter_0/inst/out_buffer/U0/inst_fifo_gen/gaxis_fifo.gaxisf.axisf/grf.rf/gntv_or_sync_fifo.gl0.wr/wpntr/gcc0.gc0.count_reg[3]
  -------------------------------------------------------------------
                         required time                          9.241    
                         arrival time                          -7.043    
  -------------------------------------------------------------------
                         slack                                  2.198    

Slack (MET) :             2.200ns  (required time - arrival time)
  Source:                 FSRCNN_CORE_i/FSRCNN_CORE/Y_Converter_0/inst/out_buffer/U0/inst_fifo_gen/gaxis_fifo.gaxisf.axisf/grf.rf/rstblk/ngwrdrst.grst.g7serrst.gnsckt_wrst.rst_wr_reg2_inst/arststages_ff_reg[1]/C
                            (rising edge-triggered cell FDPE clocked by ref_clk  {rise@0.000ns fall@1.666ns period=3.333ns})
  Destination:            FSRCNN_CORE_i/FSRCNN_CORE/Y_Converter_0/inst/out_buffer/U0/inst_fifo_gen/gaxis_fifo.gaxisf.axisf/grf.rf/gntv_or_sync_fifo.gl0.wr/gwss.gpf.wrpf/gdiff.gcry_1_sym.diff_pntr_pad_reg[2]/CLR
                            (recovery check against rising-edge clock ref_clk  {rise@0.000ns fall@1.666ns period=3.333ns})
  Path Group:             **async_default**
  Path Type:              Recovery (Max at Slow Process Corner)
  Requirement:            3.333ns  (ref_clk rise@3.333ns - ref_clk rise@0.000ns)
  Data Path Delay:        0.952ns  (logic 0.227ns (23.838%)  route 0.725ns (76.162%))
  Logic Levels:           1  (LUT3=1)
  Clock Path Skew:        -0.079ns (DCD - SCD + CPR)
    Destination Clock Delay (DCD):    4.595ns = ( 7.928 - 3.333 ) 
    Source Clock Delay      (SCD):    6.087ns
    Clock Pessimism Removal (CPR):    1.414ns
  Clock Uncertainty:      0.035ns  ((TSJ^2 + TIJ^2)^1/2 + DJ) / 2 + PE
    Total System Jitter     (TSJ):    0.071ns
    Total Input Jitter      (TIJ):    0.000ns
    Discrete Jitter          (DJ):    0.000ns
    Phase Error              (PE):    0.000ns
  Clock Net Delay (Source):      2.767ns (routing 1.388ns, distribution 1.379ns)
  Clock Net Delay (Destination): 2.481ns (routing 1.261ns, distribution 1.220ns)

    Location             Delay type                Incr(ns)  Path(ns)    Netlist Resource(s)
  -------------------------------------------------------------------    -------------------
                         (clock ref_clk rise edge)    0.000     0.000 r  
    P10                                               0.000     0.000 r  axi_clk_0 (IN)
                         net (fo=0)                   0.000     0.000    axi_clk_0_IBUF_inst/I
    P10                  INBUF (Prop_INBUF_HPIOB_M_PAD_O)
                                                      0.545     0.545 r  axi_clk_0_IBUF_inst/INBUF_INST/O
                         net (fo=1, routed)           0.000     0.545    axi_clk_0_IBUF_inst/OUT
    P10                  IBUFCTRL (Prop_IBUFCTRL_HPIOB_M_I_O)
                                                      0.000     0.545 r  axi_clk_0_IBUF_inst/IBUFCTRL_INST/O
                         net (fo=1, routed)           2.747     3.292    axi_clk_0_IBUF
    BUFGCE_HDIO_X0Y8     BUFGCE (Prop_BUFCE_BUFGCE_HDIO_I_O)
                                                      0.028     3.320 r  axi_clk_0_IBUF_BUFG_inst/O
    X1Y3 (CLOCK_ROOT)    net (fo=39327, routed)       2.767     6.087    FSRCNN_CORE_i/FSRCNN_CORE/Y_Converter_0/inst/out_buffer/U0/inst_fifo_gen/gaxis_fifo.gaxisf.axisf/grf.rf/rstblk/ngwrdrst.grst.g7serrst.gnsckt_wrst.rst_wr_reg2_inst/dest_clk
    SLICE_X42Y165        FDPE                                         r  FSRCNN_CORE_i/FSRCNN_CORE/Y_Converter_0/inst/out_buffer/U0/inst_fifo_gen/gaxis_fifo.gaxisf.axisf/grf.rf/rstblk/ngwrdrst.grst.g7serrst.gnsckt_wrst.rst_wr_reg2_inst/arststages_ff_reg[1]/C
  -------------------------------------------------------------------    -------------------
    SLICE_X42Y165        FDPE (Prop_AFF2_SLICEL_C_Q)
                                                      0.081     6.168 f  FSRCNN_CORE_i/FSRCNN_CORE/Y_Converter_0/inst/out_buffer/U0/inst_fifo_gen/gaxis_fifo.gaxisf.axisf/grf.rf/rstblk/ngwrdrst.grst.g7serrst.gnsckt_wrst.rst_wr_reg2_inst/arststages_ff_reg[1]/Q
                         net (fo=8, routed)           0.343     6.511    FSRCNN_CORE_i/FSRCNN_CORE/Y_Converter_0/inst/out_buffer/U0/inst_fifo_gen/gaxis_fifo.gaxisf.axisf/grf.rf/rstblk/ngwrdrst.rst_wr_reg2
    SLICE_X42Y166        LUT3 (Prop_C6LUT_SLICEL_I2_O)
                                                      0.146     6.657 f  FSRCNN_CORE_i/FSRCNN_CORE/Y_Converter_0/inst/out_buffer/U0/inst_fifo_gen/gaxis_fifo.gaxisf.axisf/grf.rf/rstblk/gpregsm1.curr_fwft_state[1]_i_2/O
                         net (fo=32, routed)          0.382     7.040    FSRCNN_CORE_i/FSRCNN_CORE/Y_Converter_0/inst/out_buffer/U0/inst_fifo_gen/gaxis_fifo.gaxisf.axisf/grf.rf/gntv_or_sync_fifo.gl0.wr/gwss.gpf.wrpf/AR[0]
    SLICE_X43Y167        FDCE                                         f  FSRCNN_CORE_i/FSRCNN_CORE/Y_Converter_0/inst/out_buffer/U0/inst_fifo_gen/gaxis_fifo.gaxisf.axisf/grf.rf/gntv_or_sync_fifo.gl0.wr/gwss.gpf.wrpf/gdiff.gcry_1_sym.diff_pntr_pad_reg[2]/CLR
  -------------------------------------------------------------------    -------------------

                         (clock ref_clk rise edge)    3.333     3.333 r  
    P10                                               0.000     3.333 r  axi_clk_0 (IN)
                         net (fo=0)                   0.000     3.333    axi_clk_0_IBUF_inst/I
    P10                  INBUF (Prop_INBUF_HPIOB_M_PAD_O)
                                                      0.295     3.628 r  axi_clk_0_IBUF_inst/INBUF_INST/O
                         net (fo=1, routed)           0.000     3.628    axi_clk_0_IBUF_inst/OUT
    P10                  IBUFCTRL (Prop_IBUFCTRL_HPIOB_M_I_O)
                                                      0.000     3.628 r  axi_clk_0_IBUF_inst/IBUFCTRL_INST/O
                         net (fo=1, routed)           1.795     5.423    axi_clk_0_IBUF
    BUFGCE_HDIO_X0Y8     BUFGCE (Prop_BUFCE_BUFGCE_HDIO_I_O)
                                                      0.024     5.447 r  axi_clk_0_IBUF_BUFG_inst/O
    X1Y3 (CLOCK_ROOT)    net (fo=39327, routed)       2.481     7.928    FSRCNN_CORE_i/FSRCNN_CORE/Y_Converter_0/inst/out_buffer/U0/inst_fifo_gen/gaxis_fifo.gaxisf.axisf/grf.rf/gntv_or_sync_fifo.gl0.wr/gwss.gpf.wrpf/s_aclk
    SLICE_X43Y167        FDCE                                         r  FSRCNN_CORE_i/FSRCNN_CORE/Y_Converter_0/inst/out_buffer/U0/inst_fifo_gen/gaxis_fifo.gaxisf.axisf/grf.rf/gntv_or_sync_fifo.gl0.wr/gwss.gpf.wrpf/gdiff.gcry_1_sym.diff_pntr_pad_reg[2]/C
                         clock pessimism              1.414     9.341    
                         clock uncertainty           -0.035     9.306    
    SLICE_X43Y167        FDCE (Recov_HFF_SLICEM_C_CLR)
                                                     -0.066     9.240    FSRCNN_CORE_i/FSRCNN_CORE/Y_Converter_0/inst/out_buffer/U0/inst_fifo_gen/gaxis_fifo.gaxisf.axisf/grf.rf/gntv_or_sync_fifo.gl0.wr/gwss.gpf.wrpf/gdiff.gcry_1_sym.diff_pntr_pad_reg[2]
  -------------------------------------------------------------------
                         required time                          9.240    
                         arrival time                          -7.040    
  -------------------------------------------------------------------
                         slack                                  2.200    





Min Delay Paths
--------------------------------------------------------------------------------------
Slack (MET) :             0.183ns  (arrival time - required time)
  Source:                 FSRCNN_CORE_i/FSRCNN_CORE/Y_Converter_0/inst/out_buffer/U0/inst_fifo_gen/gaxis_fifo.gaxisf.axisf/grf.rf/rstblk/grstd1.grst_full.grst_f.rst_d2_reg/C
                            (rising edge-triggered cell FDPE clocked by ref_clk  {rise@0.000ns fall@1.666ns period=3.333ns})
  Destination:            FSRCNN_CORE_i/FSRCNN_CORE/Y_Converter_0/inst/out_buffer/U0/inst_fifo_gen/gaxis_fifo.gaxisf.axisf/grf.rf/gntv_or_sync_fifo.gl0.wr/gwss.wsts/ram_full_fb_i_reg/PRE
                            (removal check against rising-edge clock ref_clk  {rise@0.000ns fall@1.666ns period=3.333ns})
  Path Group:             **async_default**
  Path Type:              Removal (Min at Fast Process Corner)
  Requirement:            0.000ns  (ref_clk rise@0.000ns - ref_clk rise@0.000ns)
  Data Path Delay:        0.205ns  (logic 0.040ns (19.535%)  route 0.165ns (80.465%))
  Logic Levels:           0  
  Clock Path Skew:        0.042ns (DCD - SCD - CPR)
    Destination Clock Delay (DCD):    3.892ns
    Source Clock Delay      (SCD):    3.031ns
    Clock Pessimism Removal (CPR):    0.819ns
  Clock Net Delay (Source):      1.532ns (routing 0.763ns, distribution 0.769ns)
  Clock Net Delay (Destination): 1.712ns (routing 0.853ns, distribution 0.859ns)

    Location             Delay type                Incr(ns)  Path(ns)    Netlist Resource(s)
  -------------------------------------------------------------------    -------------------
                         (clock ref_clk rise edge)    0.000     0.000 r  
    P10                                               0.000     0.000 r  axi_clk_0 (IN)
                         net (fo=0)                   0.000     0.000    axi_clk_0_IBUF_inst/I
    P10                  INBUF (Prop_INBUF_HPIOB_M_PAD_O)
                                                      0.180     0.180 r  axi_clk_0_IBUF_inst/INBUF_INST/O
                         net (fo=1, routed)           0.000     0.180    axi_clk_0_IBUF_inst/OUT
    P10                  IBUFCTRL (Prop_IBUFCTRL_HPIOB_M_I_O)
                                                      0.000     0.180 r  axi_clk_0_IBUF_inst/IBUFCTRL_INST/O
                         net (fo=1, routed)           1.302     1.482    axi_clk_0_IBUF
    BUFGCE_HDIO_X0Y8     BUFGCE (Prop_BUFCE_BUFGCE_HDIO_I_O)
                                                      0.017     1.499 r  axi_clk_0_IBUF_BUFG_inst/O
    X1Y3 (CLOCK_ROOT)    net (fo=39327, routed)       1.532     3.031    FSRCNN_CORE_i/FSRCNN_CORE/Y_Converter_0/inst/out_buffer/U0/inst_fifo_gen/gaxis_fifo.gaxisf.axisf/grf.rf/rstblk/s_aclk
    SLICE_X42Y166        FDPE                                         r  FSRCNN_CORE_i/FSRCNN_CORE/Y_Converter_0/inst/out_buffer/U0/inst_fifo_gen/gaxis_fifo.gaxisf.axisf/grf.rf/rstblk/grstd1.grst_full.grst_f.rst_d2_reg/C
  -------------------------------------------------------------------    -------------------
    SLICE_X42Y166        FDPE (Prop_AFF2_SLICEL_C_Q)
                                                      0.040     3.071 f  FSRCNN_CORE_i/FSRCNN_CORE/Y_Converter_0/inst/out_buffer/U0/inst_fifo_gen/gaxis_fifo.gaxisf.axisf/grf.rf/rstblk/grstd1.grst_full.grst_f.rst_d2_reg/Q
                         net (fo=4, routed)           0.165     3.235    FSRCNN_CORE_i/FSRCNN_CORE/Y_Converter_0/inst/out_buffer/U0/inst_fifo_gen/gaxis_fifo.gaxisf.axisf/grf.rf/gntv_or_sync_fifo.gl0.wr/gwss.wsts/out
    SLICE_X43Y166        FDPE                                         f  FSRCNN_CORE_i/FSRCNN_CORE/Y_Converter_0/inst/out_buffer/U0/inst_fifo_gen/gaxis_fifo.gaxisf.axisf/grf.rf/gntv_or_sync_fifo.gl0.wr/gwss.wsts/ram_full_fb_i_reg/PRE
  -------------------------------------------------------------------    -------------------

                         (clock ref_clk rise edge)    0.000     0.000 r  
    P10                                               0.000     0.000 r  axi_clk_0 (IN)
                         net (fo=0)                   0.000     0.000    axi_clk_0_IBUF_inst/I
    P10                  INBUF (Prop_INBUF_HPIOB_M_PAD_O)
                                                      0.365     0.365 r  axi_clk_0_IBUF_inst/INBUF_INST/O
                         net (fo=1, routed)           0.000     0.365    axi_clk_0_IBUF_inst/OUT
    P10                  IBUFCTRL (Prop_IBUFCTRL_HPIOB_M_I_O)
                                                      0.000     0.365 r  axi_clk_0_IBUF_inst/IBUFCTRL_INST/O
                         net (fo=1, routed)           1.795     2.160    axi_clk_0_IBUF
    BUFGCE_HDIO_X0Y8     BUFGCE (Prop_BUFCE_BUFGCE_HDIO_I_O)
                                                      0.019     2.179 r  axi_clk_0_IBUF_BUFG_inst/O
    X1Y3 (CLOCK_ROOT)    net (fo=39327, routed)       1.712     3.892    FSRCNN_CORE_i/FSRCNN_CORE/Y_Converter_0/inst/out_buffer/U0/inst_fifo_gen/gaxis_fifo.gaxisf.axisf/grf.rf/gntv_or_sync_fifo.gl0.wr/gwss.wsts/s_aclk
    SLICE_X43Y166        FDPE                                         r  FSRCNN_CORE_i/FSRCNN_CORE/Y_Converter_0/inst/out_buffer/U0/inst_fifo_gen/gaxis_fifo.gaxisf.axisf/grf.rf/gntv_or_sync_fifo.gl0.wr/gwss.wsts/ram_full_fb_i_reg/C
                         clock pessimism             -0.819     3.072    
    SLICE_X43Y166        FDPE (Remov_EFF_SLICEM_C_PRE)
                                                     -0.020     3.052    FSRCNN_CORE_i/FSRCNN_CORE/Y_Converter_0/inst/out_buffer/U0/inst_fifo_gen/gaxis_fifo.gaxisf.axisf/grf.rf/gntv_or_sync_fifo.gl0.wr/gwss.wsts/ram_full_fb_i_reg
  -------------------------------------------------------------------
                         required time                         -3.052    
                         arrival time                           3.235    
  -------------------------------------------------------------------
                         slack                                  0.183    

Slack (MET) :             0.183ns  (arrival time - required time)
  Source:                 FSRCNN_CORE_i/FSRCNN_CORE/Y_Converter_0/inst/out_buffer/U0/inst_fifo_gen/gaxis_fifo.gaxisf.axisf/grf.rf/rstblk/grstd1.grst_full.grst_f.rst_d2_reg/C
                            (rising edge-triggered cell FDPE clocked by ref_clk  {rise@0.000ns fall@1.666ns period=3.333ns})
  Destination:            FSRCNN_CORE_i/FSRCNN_CORE/Y_Converter_0/inst/out_buffer/U0/inst_fifo_gen/gaxis_fifo.gaxisf.axisf/grf.rf/gntv_or_sync_fifo.gl0.wr/gwss.wsts/ram_full_i_reg/PRE
                            (removal check against rising-edge clock ref_clk  {rise@0.000ns fall@1.666ns period=3.333ns})
  Path Group:             **async_default**
  Path Type:              Removal (Min at Fast Process Corner)
  Requirement:            0.000ns  (ref_clk rise@0.000ns - ref_clk rise@0.000ns)
  Data Path Delay:        0.205ns  (logic 0.040ns (19.535%)  route 0.165ns (80.465%))
  Logic Levels:           0  
  Clock Path Skew:        0.042ns (DCD - SCD - CPR)
    Destination Clock Delay (DCD):    3.892ns
    Source Clock Delay      (SCD):    3.031ns
    Clock Pessimism Removal (CPR):    0.819ns
  Clock Net Delay (Source):      1.532ns (routing 0.763ns, distribution 0.769ns)
  Clock Net Delay (Destination): 1.712ns (routing 0.853ns, distribution 0.859ns)

    Location             Delay type                Incr(ns)  Path(ns)    Netlist Resource(s)
  -------------------------------------------------------------------    -------------------
                         (clock ref_clk rise edge)    0.000     0.000 r  
    P10                                               0.000     0.000 r  axi_clk_0 (IN)
                         net (fo=0)                   0.000     0.000    axi_clk_0_IBUF_inst/I
    P10                  INBUF (Prop_INBUF_HPIOB_M_PAD_O)
                                                      0.180     0.180 r  axi_clk_0_IBUF_inst/INBUF_INST/O
                         net (fo=1, routed)           0.000     0.180    axi_clk_0_IBUF_inst/OUT
    P10                  IBUFCTRL (Prop_IBUFCTRL_HPIOB_M_I_O)
                                                      0.000     0.180 r  axi_clk_0_IBUF_inst/IBUFCTRL_INST/O
                         net (fo=1, routed)           1.302     1.482    axi_clk_0_IBUF
    BUFGCE_HDIO_X0Y8     BUFGCE (Prop_BUFCE_BUFGCE_HDIO_I_O)
                                                      0.017     1.499 r  axi_clk_0_IBUF_BUFG_inst/O
    X1Y3 (CLOCK_ROOT)    net (fo=39327, routed)       1.532     3.031    FSRCNN_CORE_i/FSRCNN_CORE/Y_Converter_0/inst/out_buffer/U0/inst_fifo_gen/gaxis_fifo.gaxisf.axisf/grf.rf/rstblk/s_aclk
    SLICE_X42Y166        FDPE                                         r  FSRCNN_CORE_i/FSRCNN_CORE/Y_Converter_0/inst/out_buffer/U0/inst_fifo_gen/gaxis_fifo.gaxisf.axisf/grf.rf/rstblk/grstd1.grst_full.grst_f.rst_d2_reg/C
  -------------------------------------------------------------------    -------------------
    SLICE_X42Y166        FDPE (Prop_AFF2_SLICEL_C_Q)
                                                      0.040     3.071 f  FSRCNN_CORE_i/FSRCNN_CORE/Y_Converter_0/inst/out_buffer/U0/inst_fifo_gen/gaxis_fifo.gaxisf.axisf/grf.rf/rstblk/grstd1.grst_full.grst_f.rst_d2_reg/Q
                         net (fo=4, routed)           0.165     3.235    FSRCNN_CORE_i/FSRCNN_CORE/Y_Converter_0/inst/out_buffer/U0/inst_fifo_gen/gaxis_fifo.gaxisf.axisf/grf.rf/gntv_or_sync_fifo.gl0.wr/gwss.wsts/out
    SLICE_X43Y166        FDPE                                         f  FSRCNN_CORE_i/FSRCNN_CORE/Y_Converter_0/inst/out_buffer/U0/inst_fifo_gen/gaxis_fifo.gaxisf.axisf/grf.rf/gntv_or_sync_fifo.gl0.wr/gwss.wsts/ram_full_i_reg/PRE
  -------------------------------------------------------------------    -------------------

                         (clock ref_clk rise edge)    0.000     0.000 r  
    P10                                               0.000     0.000 r  axi_clk_0 (IN)
                         net (fo=0)                   0.000     0.000    axi_clk_0_IBUF_inst/I
    P10                  INBUF (Prop_INBUF_HPIOB_M_PAD_O)
                                                      0.365     0.365 r  axi_clk_0_IBUF_inst/INBUF_INST/O
                         net (fo=1, routed)           0.000     0.365    axi_clk_0_IBUF_inst/OUT
    P10                  IBUFCTRL (Prop_IBUFCTRL_HPIOB_M_I_O)
                                                      0.000     0.365 r  axi_clk_0_IBUF_inst/IBUFCTRL_INST/O
                         net (fo=1, routed)           1.795     2.160    axi_clk_0_IBUF
    BUFGCE_HDIO_X0Y8     BUFGCE (Prop_BUFCE_BUFGCE_HDIO_I_O)
                                                      0.019     2.179 r  axi_clk_0_IBUF_BUFG_inst/O
    X1Y3 (CLOCK_ROOT)    net (fo=39327, routed)       1.712     3.892    FSRCNN_CORE_i/FSRCNN_CORE/Y_Converter_0/inst/out_buffer/U0/inst_fifo_gen/gaxis_fifo.gaxisf.axisf/grf.rf/gntv_or_sync_fifo.gl0.wr/gwss.wsts/s_aclk
    SLICE_X43Y166        FDPE                                         r  FSRCNN_CORE_i/FSRCNN_CORE/Y_Converter_0/inst/out_buffer/U0/inst_fifo_gen/gaxis_fifo.gaxisf.axisf/grf.rf/gntv_or_sync_fifo.gl0.wr/gwss.wsts/ram_full_i_reg/C
                         clock pessimism             -0.819     3.072    
    SLICE_X43Y166        FDPE (Remov_EFF2_SLICEM_C_PRE)
                                                     -0.020     3.052    FSRCNN_CORE_i/FSRCNN_CORE/Y_Converter_0/inst/out_buffer/U0/inst_fifo_gen/gaxis_fifo.gaxisf.axisf/grf.rf/gntv_or_sync_fifo.gl0.wr/gwss.wsts/ram_full_i_reg
  -------------------------------------------------------------------
                         required time                         -3.052    
                         arrival time                           3.235    
  -------------------------------------------------------------------
                         slack                                  0.183    

Slack (MET) :             0.209ns  (arrival time - required time)
  Source:                 FSRCNN_CORE_i/FSRCNN_CORE/Y_Converter_0/inst/out_buffer/U0/inst_fifo_gen/gaxis_fifo.gaxisf.axisf/grf.rf/rstblk/grstd1.grst_full.grst_f.rst_d2_reg/C
                            (rising edge-triggered cell FDPE clocked by ref_clk  {rise@0.000ns fall@1.666ns period=3.333ns})
  Destination:            FSRCNN_CORE_i/FSRCNN_CORE/Y_Converter_0/inst/out_buffer/U0/inst_fifo_gen/gaxis_fifo.gaxisf.axisf/grf.rf/gntv_or_sync_fifo.gl0.wr/gwss.gpf.wrpf/gpfs.prog_full_i_reg/PRE
                            (removal check against rising-edge clock ref_clk  {rise@0.000ns fall@1.666ns period=3.333ns})
  Path Group:             **async_default**
  Path Type:              Removal (Min at Fast Process Corner)
  Requirement:            0.000ns  (ref_clk rise@0.000ns - ref_clk rise@0.000ns)
  Data Path Delay:        0.230ns  (logic 0.040ns (17.405%)  route 0.190ns (82.595%))
  Logic Levels:           0  
  Clock Path Skew:        0.041ns (DCD - SCD - CPR)
    Destination Clock Delay (DCD):    3.891ns
    Source Clock Delay      (SCD):    3.031ns
    Clock Pessimism Removal (CPR):    0.819ns
  Clock Net Delay (Source):      1.532ns (routing 0.763ns, distribution 0.769ns)
  Clock Net Delay (Destination): 1.711ns (routing 0.853ns, distribution 0.858ns)

    Location             Delay type                Incr(ns)  Path(ns)    Netlist Resource(s)
  -------------------------------------------------------------------    -------------------
                         (clock ref_clk rise edge)    0.000     0.000 r  
    P10                                               0.000     0.000 r  axi_clk_0 (IN)
                         net (fo=0)                   0.000     0.000    axi_clk_0_IBUF_inst/I
    P10                  INBUF (Prop_INBUF_HPIOB_M_PAD_O)
                                                      0.180     0.180 r  axi_clk_0_IBUF_inst/INBUF_INST/O
                         net (fo=1, routed)           0.000     0.180    axi_clk_0_IBUF_inst/OUT
    P10                  IBUFCTRL (Prop_IBUFCTRL_HPIOB_M_I_O)
                                                      0.000     0.180 r  axi_clk_0_IBUF_inst/IBUFCTRL_INST/O
                         net (fo=1, routed)           1.302     1.482    axi_clk_0_IBUF
    BUFGCE_HDIO_X0Y8     BUFGCE (Prop_BUFCE_BUFGCE_HDIO_I_O)
                                                      0.017     1.499 r  axi_clk_0_IBUF_BUFG_inst/O
    X1Y3 (CLOCK_ROOT)    net (fo=39327, routed)       1.532     3.031    FSRCNN_CORE_i/FSRCNN_CORE/Y_Converter_0/inst/out_buffer/U0/inst_fifo_gen/gaxis_fifo.gaxisf.axisf/grf.rf/rstblk/s_aclk
    SLICE_X42Y166        FDPE                                         r  FSRCNN_CORE_i/FSRCNN_CORE/Y_Converter_0/inst/out_buffer/U0/inst_fifo_gen/gaxis_fifo.gaxisf.axisf/grf.rf/rstblk/grstd1.grst_full.grst_f.rst_d2_reg/C
  -------------------------------------------------------------------    -------------------
    SLICE_X42Y166        FDPE (Prop_AFF2_SLICEL_C_Q)
                                                      0.040     3.071 f  FSRCNN_CORE_i/FSRCNN_CORE/Y_Converter_0/inst/out_buffer/U0/inst_fifo_gen/gaxis_fifo.gaxisf.axisf/grf.rf/rstblk/grstd1.grst_full.grst_f.rst_d2_reg/Q
                         net (fo=4, routed)           0.190     3.260    FSRCNN_CORE_i/FSRCNN_CORE/Y_Converter_0/inst/out_buffer/U0/inst_fifo_gen/gaxis_fifo.gaxisf.axisf/grf.rf/gntv_or_sync_fifo.gl0.wr/gwss.gpf.wrpf/out
    SLICE_X44Y167        FDPE                                         f  FSRCNN_CORE_i/FSRCNN_CORE/Y_Converter_0/inst/out_buffer/U0/inst_fifo_gen/gaxis_fifo.gaxisf.axisf/grf.rf/gntv_or_sync_fifo.gl0.wr/gwss.gpf.wrpf/gpfs.prog_full_i_reg/PRE
  -------------------------------------------------------------------    -------------------

                         (clock ref_clk rise edge)    0.000     0.000 r  
    P10                                               0.000     0.000 r  axi_clk_0 (IN)
                         net (fo=0)                   0.000     0.000    axi_clk_0_IBUF_inst/I
    P10                  INBUF (Prop_INBUF_HPIOB_M_PAD_O)
                                                      0.365     0.365 r  axi_clk_0_IBUF_inst/INBUF_INST/O
                         net (fo=1, routed)           0.000     0.365    axi_clk_0_IBUF_inst/OUT
    P10                  IBUFCTRL (Prop_IBUFCTRL_HPIOB_M_I_O)
                                                      0.000     0.365 r  axi_clk_0_IBUF_inst/IBUFCTRL_INST/O
                         net (fo=1, routed)           1.795     2.160    axi_clk_0_IBUF
    BUFGCE_HDIO_X0Y8     BUFGCE (Prop_BUFCE_BUFGCE_HDIO_I_O)
                                                      0.019     2.179 r  axi_clk_0_IBUF_BUFG_inst/O
    X1Y3 (CLOCK_ROOT)    net (fo=39327, routed)       1.711     3.891    FSRCNN_CORE_i/FSRCNN_CORE/Y_Converter_0/inst/out_buffer/U0/inst_fifo_gen/gaxis_fifo.gaxisf.axisf/grf.rf/gntv_or_sync_fifo.gl0.wr/gwss.gpf.wrpf/s_aclk
    SLICE_X44Y167        FDPE                                         r  FSRCNN_CORE_i/FSRCNN_CORE/Y_Converter_0/inst/out_buffer/U0/inst_fifo_gen/gaxis_fifo.gaxisf.axisf/grf.rf/gntv_or_sync_fifo.gl0.wr/gwss.gpf.wrpf/gpfs.prog_full_i_reg/C
                         clock pessimism             -0.819     3.071    
    SLICE_X44Y167        FDPE (Remov_HFF2_SLICEM_C_PRE)
                                                     -0.020     3.051    FSRCNN_CORE_i/FSRCNN_CORE/Y_Converter_0/inst/out_buffer/U0/inst_fifo_gen/gaxis_fifo.gaxisf.axisf/grf.rf/gntv_or_sync_fifo.gl0.wr/gwss.gpf.wrpf/gpfs.prog_full_i_reg
  -------------------------------------------------------------------
                         required time                         -3.051    
                         arrival time                           3.260    
  -------------------------------------------------------------------
                         slack                                  0.209    

Slack (MET) :             0.229ns  (arrival time - required time)
  Source:                 FSRCNN_CORE_i/FSRCNN_CORE/Y_Converter_0/inst/out_buffer/U0/inst_fifo_gen/gaxis_fifo.gaxisf.axisf/grf.rf/rstblk/ngwrdrst.grst.g7serrst.gnsckt_wrst.rst_wr_reg2_inst/arststages_ff_reg[1]/C
                            (rising edge-triggered cell FDPE clocked by ref_clk  {rise@0.000ns fall@1.666ns period=3.333ns})
  Destination:            FSRCNN_CORE_i/FSRCNN_CORE/Y_Converter_0/inst/out_buffer/U0/inst_fifo_gen/gaxis_fifo.gaxisf.axisf/grf.rf/rstblk/grstd1.grst_full.grst_f.rst_d1_reg/PRE
                            (removal check against rising-edge clock ref_clk  {rise@0.000ns fall@1.666ns period=3.333ns})
  Path Group:             **async_default**
  Path Type:              Removal (Min at Fast Process Corner)
  Requirement:            0.000ns  (ref_clk rise@0.000ns - ref_clk rise@0.000ns)
  Data Path Delay:        0.236ns  (logic 0.040ns (16.944%)  route 0.196ns (83.056%))
  Logic Levels:           0  
  Clock Path Skew:        0.027ns (DCD - SCD - CPR)
    Destination Clock Delay (DCD):    3.898ns
    Source Clock Delay      (SCD):    3.023ns
    Clock Pessimism Removal (CPR):    0.848ns
  Clock Net Delay (Source):      1.524ns (routing 0.763ns, distribution 0.761ns)
  Clock Net Delay (Destination): 1.719ns (routing 0.853ns, distribution 0.866ns)

    Location             Delay type                Incr(ns)  Path(ns)    Netlist Resource(s)
  -------------------------------------------------------------------    -------------------
                         (clock ref_clk rise edge)    0.000     0.000 r  
    P10                                               0.000     0.000 r  axi_clk_0 (IN)
                         net (fo=0)                   0.000     0.000    axi_clk_0_IBUF_inst/I
    P10                  INBUF (Prop_INBUF_HPIOB_M_PAD_O)
                                                      0.180     0.180 r  axi_clk_0_IBUF_inst/INBUF_INST/O
                         net (fo=1, routed)           0.000     0.180    axi_clk_0_IBUF_inst/OUT
    P10                  IBUFCTRL (Prop_IBUFCTRL_HPIOB_M_I_O)
                                                      0.000     0.180 r  axi_clk_0_IBUF_inst/IBUFCTRL_INST/O
                         net (fo=1, routed)           1.302     1.482    axi_clk_0_IBUF
    BUFGCE_HDIO_X0Y8     BUFGCE (Prop_BUFCE_BUFGCE_HDIO_I_O)
                                                      0.017     1.499 r  axi_clk_0_IBUF_BUFG_inst/O
    X1Y3 (CLOCK_ROOT)    net (fo=39327, routed)       1.524     3.023    FSRCNN_CORE_i/FSRCNN_CORE/Y_Converter_0/inst/out_buffer/U0/inst_fifo_gen/gaxis_fifo.gaxisf.axisf/grf.rf/rstblk/ngwrdrst.grst.g7serrst.gnsckt_wrst.rst_wr_reg2_inst/dest_clk
    SLICE_X42Y165        FDPE                                         r  FSRCNN_CORE_i/FSRCNN_CORE/Y_Converter_0/inst/out_buffer/U0/inst_fifo_gen/gaxis_fifo.gaxisf.axisf/grf.rf/rstblk/ngwrdrst.grst.g7serrst.gnsckt_wrst.rst_wr_reg2_inst/arststages_ff_reg[1]/C
  -------------------------------------------------------------------    -------------------
    SLICE_X42Y165        FDPE (Prop_AFF2_SLICEL_C_Q)
                                                      0.040     3.063 f  FSRCNN_CORE_i/FSRCNN_CORE/Y_Converter_0/inst/out_buffer/U0/inst_fifo_gen/gaxis_fifo.gaxisf.axisf/grf.rf/rstblk/ngwrdrst.grst.g7serrst.gnsckt_wrst.rst_wr_reg2_inst/arststages_ff_reg[1]/Q
                         net (fo=8, routed)           0.196     3.259    FSRCNN_CORE_i/FSRCNN_CORE/Y_Converter_0/inst/out_buffer/U0/inst_fifo_gen/gaxis_fifo.gaxisf.axisf/grf.rf/rstblk/ngwrdrst.rst_wr_reg2
    SLICE_X42Y166        FDPE                                         f  FSRCNN_CORE_i/FSRCNN_CORE/Y_Converter_0/inst/out_buffer/U0/inst_fifo_gen/gaxis_fifo.gaxisf.axisf/grf.rf/rstblk/grstd1.grst_full.grst_f.rst_d1_reg/PRE
  -------------------------------------------------------------------    -------------------

                         (clock ref_clk rise edge)    0.000     0.000 r  
    P10                                               0.000     0.000 r  axi_clk_0 (IN)
                         net (fo=0)                   0.000     0.000    axi_clk_0_IBUF_inst/I
    P10                  INBUF (Prop_INBUF_HPIOB_M_PAD_O)
                                                      0.365     0.365 r  axi_clk_0_IBUF_inst/INBUF_INST/O
                         net (fo=1, routed)           0.000     0.365    axi_clk_0_IBUF_inst/OUT
    P10                  IBUFCTRL (Prop_IBUFCTRL_HPIOB_M_I_O)
                                                      0.000     0.365 r  axi_clk_0_IBUF_inst/IBUFCTRL_INST/O
                         net (fo=1, routed)           1.795     2.160    axi_clk_0_IBUF
    BUFGCE_HDIO_X0Y8     BUFGCE (Prop_BUFCE_BUFGCE_HDIO_I_O)
                                                      0.019     2.179 r  axi_clk_0_IBUF_BUFG_inst/O
    X1Y3 (CLOCK_ROOT)    net (fo=39327, routed)       1.719     3.898    FSRCNN_CORE_i/FSRCNN_CORE/Y_Converter_0/inst/out_buffer/U0/inst_fifo_gen/gaxis_fifo.gaxisf.axisf/grf.rf/rstblk/s_aclk
    SLICE_X42Y166        FDPE                                         r  FSRCNN_CORE_i/FSRCNN_CORE/Y_Converter_0/inst/out_buffer/U0/inst_fifo_gen/gaxis_fifo.gaxisf.axisf/grf.rf/rstblk/grstd1.grst_full.grst_f.rst_d1_reg/C
                         clock pessimism             -0.848     3.050    
    SLICE_X42Y166        FDPE (Remov_CFF2_SLICEL_C_PRE)
                                                     -0.020     3.030    FSRCNN_CORE_i/FSRCNN_CORE/Y_Converter_0/inst/out_buffer/U0/inst_fifo_gen/gaxis_fifo.gaxisf.axisf/grf.rf/rstblk/grstd1.grst_full.grst_f.rst_d1_reg
  -------------------------------------------------------------------
                         required time                         -3.030    
                         arrival time                           3.259    
  -------------------------------------------------------------------
                         slack                                  0.229    

Slack (MET) :             0.229ns  (arrival time - required time)
  Source:                 FSRCNN_CORE_i/FSRCNN_CORE/Y_Converter_0/inst/out_buffer/U0/inst_fifo_gen/gaxis_fifo.gaxisf.axisf/grf.rf/rstblk/ngwrdrst.grst.g7serrst.gnsckt_wrst.rst_wr_reg2_inst/arststages_ff_reg[1]/C
                            (rising edge-triggered cell FDPE clocked by ref_clk  {rise@0.000ns fall@1.666ns period=3.333ns})
  Destination:            FSRCNN_CORE_i/FSRCNN_CORE/Y_Converter_0/inst/out_buffer/U0/inst_fifo_gen/gaxis_fifo.gaxisf.axisf/grf.rf/rstblk/grstd1.grst_full.grst_f.rst_d2_reg/PRE
                            (removal check against rising-edge clock ref_clk  {rise@0.000ns fall@1.666ns period=3.333ns})
  Path Group:             **async_default**
  Path Type:              Removal (Min at Fast Process Corner)
  Requirement:            0.000ns  (ref_clk rise@0.000ns - ref_clk rise@0.000ns)
  Data Path Delay:        0.236ns  (logic 0.040ns (16.944%)  route 0.196ns (83.056%))
  Logic Levels:           0  
  Clock Path Skew:        0.027ns (DCD - SCD - CPR)
    Destination Clock Delay (DCD):    3.898ns
    Source Clock Delay      (SCD):    3.023ns
    Clock Pessimism Removal (CPR):    0.848ns
  Clock Net Delay (Source):      1.524ns (routing 0.763ns, distribution 0.761ns)
  Clock Net Delay (Destination): 1.719ns (routing 0.853ns, distribution 0.866ns)

    Location             Delay type                Incr(ns)  Path(ns)    Netlist Resource(s)
  -------------------------------------------------------------------    -------------------
                         (clock ref_clk rise edge)    0.000     0.000 r  
    P10                                               0.000     0.000 r  axi_clk_0 (IN)
                         net (fo=0)                   0.000     0.000    axi_clk_0_IBUF_inst/I
    P10                  INBUF (Prop_INBUF_HPIOB_M_PAD_O)
                                                      0.180     0.180 r  axi_clk_0_IBUF_inst/INBUF_INST/O
                         net (fo=1, routed)           0.000     0.180    axi_clk_0_IBUF_inst/OUT
    P10                  IBUFCTRL (Prop_IBUFCTRL_HPIOB_M_I_O)
                                                      0.000     0.180 r  axi_clk_0_IBUF_inst/IBUFCTRL_INST/O
                         net (fo=1, routed)           1.302     1.482    axi_clk_0_IBUF
    BUFGCE_HDIO_X0Y8     BUFGCE (Prop_BUFCE_BUFGCE_HDIO_I_O)
                                                      0.017     1.499 r  axi_clk_0_IBUF_BUFG_inst/O
    X1Y3 (CLOCK_ROOT)    net (fo=39327, routed)       1.524     3.023    FSRCNN_CORE_i/FSRCNN_CORE/Y_Converter_0/inst/out_buffer/U0/inst_fifo_gen/gaxis_fifo.gaxisf.axisf/grf.rf/rstblk/ngwrdrst.grst.g7serrst.gnsckt_wrst.rst_wr_reg2_inst/dest_clk
    SLICE_X42Y165        FDPE                                         r  FSRCNN_CORE_i/FSRCNN_CORE/Y_Converter_0/inst/out_buffer/U0/inst_fifo_gen/gaxis_fifo.gaxisf.axisf/grf.rf/rstblk/ngwrdrst.grst.g7serrst.gnsckt_wrst.rst_wr_reg2_inst/arststages_ff_reg[1]/C
  -------------------------------------------------------------------    -------------------
    SLICE_X42Y165        FDPE (Prop_AFF2_SLICEL_C_Q)
                                                      0.040     3.063 f  FSRCNN_CORE_i/FSRCNN_CORE/Y_Converter_0/inst/out_buffer/U0/inst_fifo_gen/gaxis_fifo.gaxisf.axisf/grf.rf/rstblk/ngwrdrst.grst.g7serrst.gnsckt_wrst.rst_wr_reg2_inst/arststages_ff_reg[1]/Q
                         net (fo=8, routed)           0.196     3.259    FSRCNN_CORE_i/FSRCNN_CORE/Y_Converter_0/inst/out_buffer/U0/inst_fifo_gen/gaxis_fifo.gaxisf.axisf/grf.rf/rstblk/ngwrdrst.rst_wr_reg2
    SLICE_X42Y166        FDPE                                         f  FSRCNN_CORE_i/FSRCNN_CORE/Y_Converter_0/inst/out_buffer/U0/inst_fifo_gen/gaxis_fifo.gaxisf.axisf/grf.rf/rstblk/grstd1.grst_full.grst_f.rst_d2_reg/PRE
  -------------------------------------------------------------------    -------------------

                         (clock ref_clk rise edge)    0.000     0.000 r  
    P10                                               0.000     0.000 r  axi_clk_0 (IN)
                         net (fo=0)                   0.000     0.000    axi_clk_0_IBUF_inst/I
    P10                  INBUF (Prop_INBUF_HPIOB_M_PAD_O)
                                                      0.365     0.365 r  axi_clk_0_IBUF_inst/INBUF_INST/O
                         net (fo=1, routed)           0.000     0.365    axi_clk_0_IBUF_inst/OUT
    P10                  IBUFCTRL (Prop_IBUFCTRL_HPIOB_M_I_O)
                                                      0.000     0.365 r  axi_clk_0_IBUF_inst/IBUFCTRL_INST/O
                         net (fo=1, routed)           1.795     2.160    axi_clk_0_IBUF
    BUFGCE_HDIO_X0Y8     BUFGCE (Prop_BUFCE_BUFGCE_HDIO_I_O)
                                                      0.019     2.179 r  axi_clk_0_IBUF_BUFG_inst/O
    X1Y3 (CLOCK_ROOT)    net (fo=39327, routed)       1.719     3.898    FSRCNN_CORE_i/FSRCNN_CORE/Y_Converter_0/inst/out_buffer/U0/inst_fifo_gen/gaxis_fifo.gaxisf.axisf/grf.rf/rstblk/s_aclk
    SLICE_X42Y166        FDPE                                         r  FSRCNN_CORE_i/FSRCNN_CORE/Y_Converter_0/inst/out_buffer/U0/inst_fifo_gen/gaxis_fifo.gaxisf.axisf/grf.rf/rstblk/grstd1.grst_full.grst_f.rst_d2_reg/C
                         clock pessimism             -0.848     3.050    
    SLICE_X42Y166        FDPE (Remov_AFF2_SLICEL_C_PRE)
                                                     -0.020     3.030    FSRCNN_CORE_i/FSRCNN_CORE/Y_Converter_0/inst/out_buffer/U0/inst_fifo_gen/gaxis_fifo.gaxisf.axisf/grf.rf/rstblk/grstd1.grst_full.grst_f.rst_d2_reg
  -------------------------------------------------------------------
                         required time                         -3.030    
                         arrival time                           3.259    
  -------------------------------------------------------------------
                         slack                                  0.229    

Slack (MET) :             0.229ns  (arrival time - required time)
  Source:                 FSRCNN_CORE_i/FSRCNN_CORE/Y_Converter_0/inst/out_buffer/U0/inst_fifo_gen/gaxis_fifo.gaxisf.axisf/grf.rf/rstblk/ngwrdrst.grst.g7serrst.gnsckt_wrst.rst_wr_reg2_inst/arststages_ff_reg[1]/C
                            (rising edge-triggered cell FDPE clocked by ref_clk  {rise@0.000ns fall@1.666ns period=3.333ns})
  Destination:            FSRCNN_CORE_i/FSRCNN_CORE/Y_Converter_0/inst/out_buffer/U0/inst_fifo_gen/gaxis_fifo.gaxisf.axisf/grf.rf/rstblk/grstd1.grst_full.grst_f.rst_d3_reg/PRE
                            (removal check against rising-edge clock ref_clk  {rise@0.000ns fall@1.666ns period=3.333ns})
  Path Group:             **async_default**
  Path Type:              Removal (Min at Fast Process Corner)
  Requirement:            0.000ns  (ref_clk rise@0.000ns - ref_clk rise@0.000ns)
  Data Path Delay:        0.236ns  (logic 0.040ns (16.944%)  route 0.196ns (83.056%))
  Logic Levels:           0  
  Clock Path Skew:        0.027ns (DCD - SCD - CPR)
    Destination Clock Delay (DCD):    3.898ns
    Source Clock Delay      (SCD):    3.023ns
    Clock Pessimism Removal (CPR):    0.848ns
  Clock Net Delay (Source):      1.524ns (routing 0.763ns, distribution 0.761ns)
  Clock Net Delay (Destination): 1.719ns (routing 0.853ns, distribution 0.866ns)

    Location             Delay type                Incr(ns)  Path(ns)    Netlist Resource(s)
  -------------------------------------------------------------------    -------------------
                         (clock ref_clk rise edge)    0.000     0.000 r  
    P10                                               0.000     0.000 r  axi_clk_0 (IN)
                         net (fo=0)                   0.000     0.000    axi_clk_0_IBUF_inst/I
    P10                  INBUF (Prop_INBUF_HPIOB_M_PAD_O)
                                                      0.180     0.180 r  axi_clk_0_IBUF_inst/INBUF_INST/O
                         net (fo=1, routed)           0.000     0.180    axi_clk_0_IBUF_inst/OUT
    P10                  IBUFCTRL (Prop_IBUFCTRL_HPIOB_M_I_O)
                                                      0.000     0.180 r  axi_clk_0_IBUF_inst/IBUFCTRL_INST/O
                         net (fo=1, routed)           1.302     1.482    axi_clk_0_IBUF
    BUFGCE_HDIO_X0Y8     BUFGCE (Prop_BUFCE_BUFGCE_HDIO_I_O)
                                                      0.017     1.499 r  axi_clk_0_IBUF_BUFG_inst/O
    X1Y3 (CLOCK_ROOT)    net (fo=39327, routed)       1.524     3.023    FSRCNN_CORE_i/FSRCNN_CORE/Y_Converter_0/inst/out_buffer/U0/inst_fifo_gen/gaxis_fifo.gaxisf.axisf/grf.rf/rstblk/ngwrdrst.grst.g7serrst.gnsckt_wrst.rst_wr_reg2_inst/dest_clk
    SLICE_X42Y165        FDPE                                         r  FSRCNN_CORE_i/FSRCNN_CORE/Y_Converter_0/inst/out_buffer/U0/inst_fifo_gen/gaxis_fifo.gaxisf.axisf/grf.rf/rstblk/ngwrdrst.grst.g7serrst.gnsckt_wrst.rst_wr_reg2_inst/arststages_ff_reg[1]/C
  -------------------------------------------------------------------    -------------------
    SLICE_X42Y165        FDPE (Prop_AFF2_SLICEL_C_Q)
                                                      0.040     3.063 f  FSRCNN_CORE_i/FSRCNN_CORE/Y_Converter_0/inst/out_buffer/U0/inst_fifo_gen/gaxis_fifo.gaxisf.axisf/grf.rf/rstblk/ngwrdrst.grst.g7serrst.gnsckt_wrst.rst_wr_reg2_inst/arststages_ff_reg[1]/Q
                         net (fo=8, routed)           0.196     3.259    FSRCNN_CORE_i/FSRCNN_CORE/Y_Converter_0/inst/out_buffer/U0/inst_fifo_gen/gaxis_fifo.gaxisf.axisf/grf.rf/rstblk/ngwrdrst.rst_wr_reg2
    SLICE_X42Y166        FDPE                                         f  FSRCNN_CORE_i/FSRCNN_CORE/Y_Converter_0/inst/out_buffer/U0/inst_fifo_gen/gaxis_fifo.gaxisf.axisf/grf.rf/rstblk/grstd1.grst_full.grst_f.rst_d3_reg/PRE
  -------------------------------------------------------------------    -------------------

                         (clock ref_clk rise edge)    0.000     0.000 r  
    P10                                               0.000     0.000 r  axi_clk_0 (IN)
                         net (fo=0)                   0.000     0.000    axi_clk_0_IBUF_inst/I
    P10                  INBUF (Prop_INBUF_HPIOB_M_PAD_O)
                                                      0.365     0.365 r  axi_clk_0_IBUF_inst/INBUF_INST/O
                         net (fo=1, routed)           0.000     0.365    axi_clk_0_IBUF_inst/OUT
    P10                  IBUFCTRL (Prop_IBUFCTRL_HPIOB_M_I_O)
                                                      0.000     0.365 r  axi_clk_0_IBUF_inst/IBUFCTRL_INST/O
                         net (fo=1, routed)           1.795     2.160    axi_clk_0_IBUF
    BUFGCE_HDIO_X0Y8     BUFGCE (Prop_BUFCE_BUFGCE_HDIO_I_O)
                                                      0.019     2.179 r  axi_clk_0_IBUF_BUFG_inst/O
    X1Y3 (CLOCK_ROOT)    net (fo=39327, routed)       1.719     3.898    FSRCNN_CORE_i/FSRCNN_CORE/Y_Converter_0/inst/out_buffer/U0/inst_fifo_gen/gaxis_fifo.gaxisf.axisf/grf.rf/rstblk/s_aclk
    SLICE_X42Y166        FDPE                                         r  FSRCNN_CORE_i/FSRCNN_CORE/Y_Converter_0/inst/out_buffer/U0/inst_fifo_gen/gaxis_fifo.gaxisf.axisf/grf.rf/rstblk/grstd1.grst_full.grst_f.rst_d3_reg/C
                         clock pessimism             -0.848     3.050    
    SLICE_X42Y166        FDPE (Remov_DFF2_SLICEL_C_PRE)
                                                     -0.020     3.030    FSRCNN_CORE_i/FSRCNN_CORE/Y_Converter_0/inst/out_buffer/U0/inst_fifo_gen/gaxis_fifo.gaxisf.axisf/grf.rf/rstblk/grstd1.grst_full.grst_f.rst_d3_reg
  -------------------------------------------------------------------
                         required time                         -3.030    
                         arrival time                           3.259    
  -------------------------------------------------------------------
                         slack                                  0.229    

Slack (MET) :             0.256ns  (arrival time - required time)
  Source:                 FSRCNN_CORE_i/FSRCNN_CORE/Y_Converter_0/inst/out_buffer/U0/inst_fifo_gen/gaxis_fifo.gaxisf.axisf/grf.rf/rstblk/ngwrdrst.grst.g7serrst.gnsckt_wrst.gcc_rst.sckt_wr_rst_cc_reg[1]/C
                            (rising edge-triggered cell FDRE clocked by ref_clk  {rise@0.000ns fall@1.666ns period=3.333ns})
  Destination:            FSRCNN_CORE_i/FSRCNN_CORE/Y_Converter_0/inst/out_buffer/U0/inst_fifo_gen/gaxis_fifo.gaxisf.axisf/grf.rf/gntv_or_sync_fifo.gl0.wr/gwss.gpf.wrpf/gdiff.gcry_1_sym.diff_pntr_pad_reg[4]/CLR
                            (removal check against rising-edge clock ref_clk  {rise@0.000ns fall@1.666ns period=3.333ns})
  Path Group:             **async_default**
  Path Type:              Removal (Min at Fast Process Corner)
  Requirement:            0.000ns  (ref_clk rise@0.000ns - ref_clk rise@0.000ns)
  Data Path Delay:        0.277ns  (logic 0.062ns (22.422%)  route 0.215ns (77.578%))
  Logic Levels:           1  (LUT3=1)
  Clock Path Skew:        0.041ns (DCD - SCD - CPR)
    Destination Clock Delay (DCD):    3.894ns
    Source Clock Delay      (SCD):    3.034ns
    Clock Pessimism Removal (CPR):    0.819ns
  Clock Net Delay (Source):      1.535ns (routing 0.763ns, distribution 0.772ns)
  Clock Net Delay (Destination): 1.714ns (routing 0.853ns, distribution 0.861ns)

    Location             Delay type                Incr(ns)  Path(ns)    Netlist Resource(s)
  -------------------------------------------------------------------    -------------------
                         (clock ref_clk rise edge)    0.000     0.000 r  
    P10                                               0.000     0.000 r  axi_clk_0 (IN)
                         net (fo=0)                   0.000     0.000    axi_clk_0_IBUF_inst/I
    P10                  INBUF (Prop_INBUF_HPIOB_M_PAD_O)
                                                      0.180     0.180 r  axi_clk_0_IBUF_inst/INBUF_INST/O
                         net (fo=1, routed)           0.000     0.180    axi_clk_0_IBUF_inst/OUT
    P10                  IBUFCTRL (Prop_IBUFCTRL_HPIOB_M_I_O)
                                                      0.000     0.180 r  axi_clk_0_IBUF_inst/IBUFCTRL_INST/O
                         net (fo=1, routed)           1.302     1.482    axi_clk_0_IBUF
    BUFGCE_HDIO_X0Y8     BUFGCE (Prop_BUFCE_BUFGCE_HDIO_I_O)
                                                      0.017     1.499 r  axi_clk_0_IBUF_BUFG_inst/O
    X1Y3 (CLOCK_ROOT)    net (fo=39327, routed)       1.535     3.034    FSRCNN_CORE_i/FSRCNN_CORE/Y_Converter_0/inst/out_buffer/U0/inst_fifo_gen/gaxis_fifo.gaxisf.axisf/grf.rf/rstblk/s_aclk
    SLICE_X42Y166        FDRE                                         r  FSRCNN_CORE_i/FSRCNN_CORE/Y_Converter_0/inst/out_buffer/U0/inst_fifo_gen/gaxis_fifo.gaxisf.axisf/grf.rf/rstblk/ngwrdrst.grst.g7serrst.gnsckt_wrst.gcc_rst.sckt_wr_rst_cc_reg[1]/C
  -------------------------------------------------------------------    -------------------
    SLICE_X42Y166        FDRE (Prop_EFF2_SLICEL_C_Q)
                                                      0.040     3.074 f  FSRCNN_CORE_i/FSRCNN_CORE/Y_Converter_0/inst/out_buffer/U0/inst_fifo_gen/gaxis_fifo.gaxisf.axisf/grf.rf/rstblk/ngwrdrst.grst.g7serrst.gnsckt_wrst.gcc_rst.sckt_wr_rst_cc_reg[1]/Q
                         net (fo=5, routed)           0.080     3.153    FSRCNN_CORE_i/FSRCNN_CORE/Y_Converter_0/inst/out_buffer/U0/inst_fifo_gen/gaxis_fifo.gaxisf.axisf/grf.rf/rstblk/p_0_in[2]
    SLICE_X42Y166        LUT3 (Prop_C6LUT_SLICEL_I0_O)
                                                      0.022     3.175 f  FSRCNN_CORE_i/FSRCNN_CORE/Y_Converter_0/inst/out_buffer/U0/inst_fifo_gen/gaxis_fifo.gaxisf.axisf/grf.rf/rstblk/gpregsm1.curr_fwft_state[1]_i_2/O
                         net (fo=32, routed)          0.135     3.310    FSRCNN_CORE_i/FSRCNN_CORE/Y_Converter_0/inst/out_buffer/U0/inst_fifo_gen/gaxis_fifo.gaxisf.axisf/grf.rf/gntv_or_sync_fifo.gl0.wr/gwss.gpf.wrpf/AR[0]
    SLICE_X43Y166        FDCE                                         f  FSRCNN_CORE_i/FSRCNN_CORE/Y_Converter_0/inst/out_buffer/U0/inst_fifo_gen/gaxis_fifo.gaxisf.axisf/grf.rf/gntv_or_sync_fifo.gl0.wr/gwss.gpf.wrpf/gdiff.gcry_1_sym.diff_pntr_pad_reg[4]/CLR
  -------------------------------------------------------------------    -------------------

                         (clock ref_clk rise edge)    0.000     0.000 r  
    P10                                               0.000     0.000 r  axi_clk_0 (IN)
                         net (fo=0)                   0.000     0.000    axi_clk_0_IBUF_inst/I
    P10                  INBUF (Prop_INBUF_HPIOB_M_PAD_O)
                                                      0.365     0.365 r  axi_clk_0_IBUF_inst/INBUF_INST/O
                         net (fo=1, routed)           0.000     0.365    axi_clk_0_IBUF_inst/OUT
    P10                  IBUFCTRL (Prop_IBUFCTRL_HPIOB_M_I_O)
                                                      0.000     0.365 r  axi_clk_0_IBUF_inst/IBUFCTRL_INST/O
                         net (fo=1, routed)           1.795     2.160    axi_clk_0_IBUF
    BUFGCE_HDIO_X0Y8     BUFGCE (Prop_BUFCE_BUFGCE_HDIO_I_O)
                                                      0.019     2.179 r  axi_clk_0_IBUF_BUFG_inst/O
    X1Y3 (CLOCK_ROOT)    net (fo=39327, routed)       1.714     3.894    FSRCNN_CORE_i/FSRCNN_CORE/Y_Converter_0/inst/out_buffer/U0/inst_fifo_gen/gaxis_fifo.gaxisf.axisf/grf.rf/gntv_or_sync_fifo.gl0.wr/gwss.gpf.wrpf/s_aclk
    SLICE_X43Y166        FDCE                                         r  FSRCNN_CORE_i/FSRCNN_CORE/Y_Converter_0/inst/out_buffer/U0/inst_fifo_gen/gaxis_fifo.gaxisf.axisf/grf.rf/gntv_or_sync_fifo.gl0.wr/gwss.gpf.wrpf/gdiff.gcry_1_sym.diff_pntr_pad_reg[4]/C
                         clock pessimism             -0.819     3.074    
    SLICE_X43Y166        FDCE (Remov_DFF_SLICEM_C_CLR)
                                                     -0.020     3.054    FSRCNN_CORE_i/FSRCNN_CORE/Y_Converter_0/inst/out_buffer/U0/inst_fifo_gen/gaxis_fifo.gaxisf.axisf/grf.rf/gntv_or_sync_fifo.gl0.wr/gwss.gpf.wrpf/gdiff.gcry_1_sym.diff_pntr_pad_reg[4]
  -------------------------------------------------------------------
                         required time                         -3.054    
                         arrival time                           3.310    
  -------------------------------------------------------------------
                         slack                                  0.256    

Slack (MET) :             0.257ns  (arrival time - required time)
  Source:                 FSRCNN_CORE_i/FSRCNN_CORE/Y_Converter_0/inst/out_buffer/U0/inst_fifo_gen/gaxis_fifo.gaxisf.axisf/grf.rf/rstblk/ngwrdrst.grst.g7serrst.gnsckt_wrst.gcc_rst.sckt_wr_rst_cc_reg[1]/C
                            (rising edge-triggered cell FDRE clocked by ref_clk  {rise@0.000ns fall@1.666ns period=3.333ns})
  Destination:            FSRCNN_CORE_i/FSRCNN_CORE/Y_Converter_0/inst/out_buffer/U0/inst_fifo_gen/gaxis_fifo.gaxisf.axisf/grf.rf/gntv_or_sync_fifo.gl0.rd/grss.rsts/ram_empty_fb_i_reg/PRE
                            (removal check against rising-edge clock ref_clk  {rise@0.000ns fall@1.666ns period=3.333ns})
  Path Group:             **async_default**
  Path Type:              Removal (Min at Fast Process Corner)
  Requirement:            0.000ns  (ref_clk rise@0.000ns - ref_clk rise@0.000ns)
  Data Path Delay:        0.253ns  (logic 0.062ns (24.518%)  route 0.191ns (75.482%))
  Logic Levels:           1  (LUT3=1)
  Clock Path Skew:        0.016ns (DCD - SCD - CPR)
    Destination Clock Delay (DCD):    3.898ns
    Source Clock Delay      (SCD):    3.034ns
    Clock Pessimism Removal (CPR):    0.848ns
  Clock Net Delay (Source):      1.535ns (routing 0.763ns, distribution 0.772ns)
  Clock Net Delay (Destination): 1.718ns (routing 0.853ns, distribution 0.865ns)

    Location             Delay type                Incr(ns)  Path(ns)    Netlist Resource(s)
  -------------------------------------------------------------------    -------------------
                         (clock ref_clk rise edge)    0.000     0.000 r  
    P10                                               0.000     0.000 r  axi_clk_0 (IN)
                         net (fo=0)                   0.000     0.000    axi_clk_0_IBUF_inst/I
    P10                  INBUF (Prop_INBUF_HPIOB_M_PAD_O)
                                                      0.180     0.180 r  axi_clk_0_IBUF_inst/INBUF_INST/O
                         net (fo=1, routed)           0.000     0.180    axi_clk_0_IBUF_inst/OUT
    P10                  IBUFCTRL (Prop_IBUFCTRL_HPIOB_M_I_O)
                                                      0.000     0.180 r  axi_clk_0_IBUF_inst/IBUFCTRL_INST/O
                         net (fo=1, routed)           1.302     1.482    axi_clk_0_IBUF
    BUFGCE_HDIO_X0Y8     BUFGCE (Prop_BUFCE_BUFGCE_HDIO_I_O)
                                                      0.017     1.499 r  axi_clk_0_IBUF_BUFG_inst/O
    X1Y3 (CLOCK_ROOT)    net (fo=39327, routed)       1.535     3.034    FSRCNN_CORE_i/FSRCNN_CORE/Y_Converter_0/inst/out_buffer/U0/inst_fifo_gen/gaxis_fifo.gaxisf.axisf/grf.rf/rstblk/s_aclk
    SLICE_X42Y166        FDRE                                         r  FSRCNN_CORE_i/FSRCNN_CORE/Y_Converter_0/inst/out_buffer/U0/inst_fifo_gen/gaxis_fifo.gaxisf.axisf/grf.rf/rstblk/ngwrdrst.grst.g7serrst.gnsckt_wrst.gcc_rst.sckt_wr_rst_cc_reg[1]/C
  -------------------------------------------------------------------    -------------------
    SLICE_X42Y166        FDRE (Prop_EFF2_SLICEL_C_Q)
                                                      0.040     3.074 f  FSRCNN_CORE_i/FSRCNN_CORE/Y_Converter_0/inst/out_buffer/U0/inst_fifo_gen/gaxis_fifo.gaxisf.axisf/grf.rf/rstblk/ngwrdrst.grst.g7serrst.gnsckt_wrst.gcc_rst.sckt_wr_rst_cc_reg[1]/Q
                         net (fo=5, routed)           0.080     3.153    FSRCNN_CORE_i/FSRCNN_CORE/Y_Converter_0/inst/out_buffer/U0/inst_fifo_gen/gaxis_fifo.gaxisf.axisf/grf.rf/rstblk/p_0_in[2]
    SLICE_X42Y166        LUT3 (Prop_C6LUT_SLICEL_I0_O)
                                                      0.022     3.175 f  FSRCNN_CORE_i/FSRCNN_CORE/Y_Converter_0/inst/out_buffer/U0/inst_fifo_gen/gaxis_fifo.gaxisf.axisf/grf.rf/rstblk/gpregsm1.curr_fwft_state[1]_i_2/O
                         net (fo=32, routed)          0.111     3.287    FSRCNN_CORE_i/FSRCNN_CORE/Y_Converter_0/inst/out_buffer/U0/inst_fifo_gen/gaxis_fifo.gaxisf.axisf/grf.rf/gntv_or_sync_fifo.gl0.rd/grss.rsts/ram_empty_i_reg_1
    SLICE_X42Y167        FDPE                                         f  FSRCNN_CORE_i/FSRCNN_CORE/Y_Converter_0/inst/out_buffer/U0/inst_fifo_gen/gaxis_fifo.gaxisf.axisf/grf.rf/gntv_or_sync_fifo.gl0.rd/grss.rsts/ram_empty_fb_i_reg/PRE
  -------------------------------------------------------------------    -------------------

                         (clock ref_clk rise edge)    0.000     0.000 r  
    P10                                               0.000     0.000 r  axi_clk_0 (IN)
                         net (fo=0)                   0.000     0.000    axi_clk_0_IBUF_inst/I
    P10                  INBUF (Prop_INBUF_HPIOB_M_PAD_O)
                                                      0.365     0.365 r  axi_clk_0_IBUF_inst/INBUF_INST/O
                         net (fo=1, routed)           0.000     0.365    axi_clk_0_IBUF_inst/OUT
    P10                  IBUFCTRL (Prop_IBUFCTRL_HPIOB_M_I_O)
                                                      0.000     0.365 r  axi_clk_0_IBUF_inst/IBUFCTRL_INST/O
                         net (fo=1, routed)           1.795     2.160    axi_clk_0_IBUF
    BUFGCE_HDIO_X0Y8     BUFGCE (Prop_BUFCE_BUFGCE_HDIO_I_O)
                                                      0.019     2.179 r  axi_clk_0_IBUF_BUFG_inst/O
    X1Y3 (CLOCK_ROOT)    net (fo=39327, routed)       1.718     3.898    FSRCNN_CORE_i/FSRCNN_CORE/Y_Converter_0/inst/out_buffer/U0/inst_fifo_gen/gaxis_fifo.gaxisf.axisf/grf.rf/gntv_or_sync_fifo.gl0.rd/grss.rsts/s_aclk
    SLICE_X42Y167        FDPE                                         r  FSRCNN_CORE_i/FSRCNN_CORE/Y_Converter_0/inst/out_buffer/U0/inst_fifo_gen/gaxis_fifo.gaxisf.axisf/grf.rf/gntv_or_sync_fifo.gl0.rd/grss.rsts/ram_empty_fb_i_reg/C
                         clock pessimism             -0.848     3.050    
    SLICE_X42Y167        FDPE (Remov_HFF2_SLICEL_C_PRE)
                                                     -0.020     3.030    FSRCNN_CORE_i/FSRCNN_CORE/Y_Converter_0/inst/out_buffer/U0/inst_fifo_gen/gaxis_fifo.gaxisf.axisf/grf.rf/gntv_or_sync_fifo.gl0.rd/grss.rsts/ram_empty_fb_i_reg
  -------------------------------------------------------------------
                         required time                         -3.030    
                         arrival time                           3.287    
  -------------------------------------------------------------------
                         slack                                  0.257    

Slack (MET) :             0.257ns  (arrival time - required time)
  Source:                 FSRCNN_CORE_i/FSRCNN_CORE/Y_Converter_0/inst/out_buffer/U0/inst_fifo_gen/gaxis_fifo.gaxisf.axisf/grf.rf/rstblk/ngwrdrst.grst.g7serrst.gnsckt_wrst.gcc_rst.sckt_wr_rst_cc_reg[1]/C
                            (rising edge-triggered cell FDRE clocked by ref_clk  {rise@0.000ns fall@1.666ns period=3.333ns})
  Destination:            FSRCNN_CORE_i/FSRCNN_CORE/Y_Converter_0/inst/out_buffer/U0/inst_fifo_gen/gaxis_fifo.gaxisf.axisf/grf.rf/gntv_or_sync_fifo.gl0.rd/grss.rsts/ram_empty_i_reg/PRE
                            (removal check against rising-edge clock ref_clk  {rise@0.000ns fall@1.666ns period=3.333ns})
  Path Group:             **async_default**
  Path Type:              Removal (Min at Fast Process Corner)
  Requirement:            0.000ns  (ref_clk rise@0.000ns - ref_clk rise@0.000ns)
  Data Path Delay:        0.253ns  (logic 0.062ns (24.518%)  route 0.191ns (75.482%))
  Logic Levels:           1  (LUT3=1)
  Clock Path Skew:        0.016ns (DCD - SCD - CPR)
    Destination Clock Delay (DCD):    3.898ns
    Source Clock Delay      (SCD):    3.034ns
    Clock Pessimism Removal (CPR):    0.848ns
  Clock Net Delay (Source):      1.535ns (routing 0.763ns, distribution 0.772ns)
  Clock Net Delay (Destination): 1.718ns (routing 0.853ns, distribution 0.865ns)

    Location             Delay type                Incr(ns)  Path(ns)    Netlist Resource(s)
  -------------------------------------------------------------------    -------------------
                         (clock ref_clk rise edge)    0.000     0.000 r  
    P10                                               0.000     0.000 r  axi_clk_0 (IN)
                         net (fo=0)                   0.000     0.000    axi_clk_0_IBUF_inst/I
    P10                  INBUF (Prop_INBUF_HPIOB_M_PAD_O)
                                                      0.180     0.180 r  axi_clk_0_IBUF_inst/INBUF_INST/O
                         net (fo=1, routed)           0.000     0.180    axi_clk_0_IBUF_inst/OUT
    P10                  IBUFCTRL (Prop_IBUFCTRL_HPIOB_M_I_O)
                                                      0.000     0.180 r  axi_clk_0_IBUF_inst/IBUFCTRL_INST/O
                         net (fo=1, routed)           1.302     1.482    axi_clk_0_IBUF
    BUFGCE_HDIO_X0Y8     BUFGCE (Prop_BUFCE_BUFGCE_HDIO_I_O)
                                                      0.017     1.499 r  axi_clk_0_IBUF_BUFG_inst/O
    X1Y3 (CLOCK_ROOT)    net (fo=39327, routed)       1.535     3.034    FSRCNN_CORE_i/FSRCNN_CORE/Y_Converter_0/inst/out_buffer/U0/inst_fifo_gen/gaxis_fifo.gaxisf.axisf/grf.rf/rstblk/s_aclk
    SLICE_X42Y166        FDRE                                         r  FSRCNN_CORE_i/FSRCNN_CORE/Y_Converter_0/inst/out_buffer/U0/inst_fifo_gen/gaxis_fifo.gaxisf.axisf/grf.rf/rstblk/ngwrdrst.grst.g7serrst.gnsckt_wrst.gcc_rst.sckt_wr_rst_cc_reg[1]/C
  -------------------------------------------------------------------    -------------------
    SLICE_X42Y166        FDRE (Prop_EFF2_SLICEL_C_Q)
                                                      0.040     3.074 f  FSRCNN_CORE_i/FSRCNN_CORE/Y_Converter_0/inst/out_buffer/U0/inst_fifo_gen/gaxis_fifo.gaxisf.axisf/grf.rf/rstblk/ngwrdrst.grst.g7serrst.gnsckt_wrst.gcc_rst.sckt_wr_rst_cc_reg[1]/Q
                         net (fo=5, routed)           0.080     3.153    FSRCNN_CORE_i/FSRCNN_CORE/Y_Converter_0/inst/out_buffer/U0/inst_fifo_gen/gaxis_fifo.gaxisf.axisf/grf.rf/rstblk/p_0_in[2]
    SLICE_X42Y166        LUT3 (Prop_C6LUT_SLICEL_I0_O)
                                                      0.022     3.175 f  FSRCNN_CORE_i/FSRCNN_CORE/Y_Converter_0/inst/out_buffer/U0/inst_fifo_gen/gaxis_fifo.gaxisf.axisf/grf.rf/rstblk/gpregsm1.curr_fwft_state[1]_i_2/O
                         net (fo=32, routed)          0.111     3.287    FSRCNN_CORE_i/FSRCNN_CORE/Y_Converter_0/inst/out_buffer/U0/inst_fifo_gen/gaxis_fifo.gaxisf.axisf/grf.rf/gntv_or_sync_fifo.gl0.rd/grss.rsts/ram_empty_i_reg_1
    SLICE_X42Y167        FDPE                                         f  FSRCNN_CORE_i/FSRCNN_CORE/Y_Converter_0/inst/out_buffer/U0/inst_fifo_gen/gaxis_fifo.gaxisf.axisf/grf.rf/gntv_or_sync_fifo.gl0.rd/grss.rsts/ram_empty_i_reg/PRE
  -------------------------------------------------------------------    -------------------

                         (clock ref_clk rise edge)    0.000     0.000 r  
    P10                                               0.000     0.000 r  axi_clk_0 (IN)
                         net (fo=0)                   0.000     0.000    axi_clk_0_IBUF_inst/I
    P10                  INBUF (Prop_INBUF_HPIOB_M_PAD_O)
                                                      0.365     0.365 r  axi_clk_0_IBUF_inst/INBUF_INST/O
                         net (fo=1, routed)           0.000     0.365    axi_clk_0_IBUF_inst/OUT
    P10                  IBUFCTRL (Prop_IBUFCTRL_HPIOB_M_I_O)
                                                      0.000     0.365 r  axi_clk_0_IBUF_inst/IBUFCTRL_INST/O
                         net (fo=1, routed)           1.795     2.160    axi_clk_0_IBUF
    BUFGCE_HDIO_X0Y8     BUFGCE (Prop_BUFCE_BUFGCE_HDIO_I_O)
                                                      0.019     2.179 r  axi_clk_0_IBUF_BUFG_inst/O
    X1Y3 (CLOCK_ROOT)    net (fo=39327, routed)       1.718     3.898    FSRCNN_CORE_i/FSRCNN_CORE/Y_Converter_0/inst/out_buffer/U0/inst_fifo_gen/gaxis_fifo.gaxisf.axisf/grf.rf/gntv_or_sync_fifo.gl0.rd/grss.rsts/s_aclk
    SLICE_X42Y167        FDPE                                         r  FSRCNN_CORE_i/FSRCNN_CORE/Y_Converter_0/inst/out_buffer/U0/inst_fifo_gen/gaxis_fifo.gaxisf.axisf/grf.rf/gntv_or_sync_fifo.gl0.rd/grss.rsts/ram_empty_i_reg/C
                         clock pessimism             -0.848     3.050    
    SLICE_X42Y167        FDPE (Remov_GFF2_SLICEL_C_PRE)
                                                     -0.020     3.030    FSRCNN_CORE_i/FSRCNN_CORE/Y_Converter_0/inst/out_buffer/U0/inst_fifo_gen/gaxis_fifo.gaxisf.axisf/grf.rf/gntv_or_sync_fifo.gl0.rd/grss.rsts/ram_empty_i_reg
  -------------------------------------------------------------------
                         required time                         -3.030    
                         arrival time                           3.287    
  -------------------------------------------------------------------
                         slack                                  0.257    

Slack (MET) :             0.257ns  (arrival time - required time)
  Source:                 FSRCNN_CORE_i/FSRCNN_CORE/Y_Converter_0/inst/out_buffer/U0/inst_fifo_gen/gaxis_fifo.gaxisf.axisf/grf.rf/rstblk/ngwrdrst.grst.g7serrst.gnsckt_wrst.gcc_rst.sckt_wr_rst_cc_reg[1]/C
                            (rising edge-triggered cell FDRE clocked by ref_clk  {rise@0.000ns fall@1.666ns period=3.333ns})
  Destination:            FSRCNN_CORE_i/FSRCNN_CORE/Y_Converter_0/inst/out_buffer/U0/inst_fifo_gen/gaxis_fifo.gaxisf.axisf/grf.rf/gntv_or_sync_fifo.gl0.rd/rpntr/gc0.count_d1_reg[1]/CLR
                            (removal check against rising-edge clock ref_clk  {rise@0.000ns fall@1.666ns period=3.333ns})
  Path Group:             **async_default**
  Path Type:              Removal (Min at Fast Process Corner)
  Requirement:            0.000ns  (ref_clk rise@0.000ns - ref_clk rise@0.000ns)
  Data Path Delay:        0.253ns  (logic 0.062ns (24.518%)  route 0.191ns (75.482%))
  Logic Levels:           1  (LUT3=1)
  Clock Path Skew:        0.016ns (DCD - SCD - CPR)
    Destination Clock Delay (DCD):    3.898ns
    Source Clock Delay      (SCD):    3.034ns
    Clock Pessimism Removal (CPR):    0.848ns
  Clock Net Delay (Source):      1.535ns (routing 0.763ns, distribution 0.772ns)
  Clock Net Delay (Destination): 1.718ns (routing 0.853ns, distribution 0.865ns)

    Location             Delay type                Incr(ns)  Path(ns)    Netlist Resource(s)
  -------------------------------------------------------------------    -------------------
                         (clock ref_clk rise edge)    0.000     0.000 r  
    P10                                               0.000     0.000 r  axi_clk_0 (IN)
                         net (fo=0)                   0.000     0.000    axi_clk_0_IBUF_inst/I
    P10                  INBUF (Prop_INBUF_HPIOB_M_PAD_O)
                                                      0.180     0.180 r  axi_clk_0_IBUF_inst/INBUF_INST/O
                         net (fo=1, routed)           0.000     0.180    axi_clk_0_IBUF_inst/OUT
    P10                  IBUFCTRL (Prop_IBUFCTRL_HPIOB_M_I_O)
                                                      0.000     0.180 r  axi_clk_0_IBUF_inst/IBUFCTRL_INST/O
                         net (fo=1, routed)           1.302     1.482    axi_clk_0_IBUF
    BUFGCE_HDIO_X0Y8     BUFGCE (Prop_BUFCE_BUFGCE_HDIO_I_O)
                                                      0.017     1.499 r  axi_clk_0_IBUF_BUFG_inst/O
    X1Y3 (CLOCK_ROOT)    net (fo=39327, routed)       1.535     3.034    FSRCNN_CORE_i/FSRCNN_CORE/Y_Converter_0/inst/out_buffer/U0/inst_fifo_gen/gaxis_fifo.gaxisf.axisf/grf.rf/rstblk/s_aclk
    SLICE_X42Y166        FDRE                                         r  FSRCNN_CORE_i/FSRCNN_CORE/Y_Converter_0/inst/out_buffer/U0/inst_fifo_gen/gaxis_fifo.gaxisf.axisf/grf.rf/rstblk/ngwrdrst.grst.g7serrst.gnsckt_wrst.gcc_rst.sckt_wr_rst_cc_reg[1]/C
  -------------------------------------------------------------------    -------------------
    SLICE_X42Y166        FDRE (Prop_EFF2_SLICEL_C_Q)
                                                      0.040     3.074 f  FSRCNN_CORE_i/FSRCNN_CORE/Y_Converter_0/inst/out_buffer/U0/inst_fifo_gen/gaxis_fifo.gaxisf.axisf/grf.rf/rstblk/ngwrdrst.grst.g7serrst.gnsckt_wrst.gcc_rst.sckt_wr_rst_cc_reg[1]/Q
                         net (fo=5, routed)           0.080     3.153    FSRCNN_CORE_i/FSRCNN_CORE/Y_Converter_0/inst/out_buffer/U0/inst_fifo_gen/gaxis_fifo.gaxisf.axisf/grf.rf/rstblk/p_0_in[2]
    SLICE_X42Y166        LUT3 (Prop_C6LUT_SLICEL_I0_O)
                                                      0.022     3.175 f  FSRCNN_CORE_i/FSRCNN_CORE/Y_Converter_0/inst/out_buffer/U0/inst_fifo_gen/gaxis_fifo.gaxisf.axisf/grf.rf/rstblk/gpregsm1.curr_fwft_state[1]_i_2/O
                         net (fo=32, routed)          0.111     3.287    FSRCNN_CORE_i/FSRCNN_CORE/Y_Converter_0/inst/out_buffer/U0/inst_fifo_gen/gaxis_fifo.gaxisf.axisf/grf.rf/gntv_or_sync_fifo.gl0.rd/rpntr/gc0.count_d1_reg[3]_0
    SLICE_X42Y167        FDCE                                         f  FSRCNN_CORE_i/FSRCNN_CORE/Y_Converter_0/inst/out_buffer/U0/inst_fifo_gen/gaxis_fifo.gaxisf.axisf/grf.rf/gntv_or_sync_fifo.gl0.rd/rpntr/gc0.count_d1_reg[1]/CLR
  -------------------------------------------------------------------    -------------------

                         (clock ref_clk rise edge)    0.000     0.000 r  
    P10                                               0.000     0.000 r  axi_clk_0 (IN)
                         net (fo=0)                   0.000     0.000    axi_clk_0_IBUF_inst/I
    P10                  INBUF (Prop_INBUF_HPIOB_M_PAD_O)
                                                      0.365     0.365 r  axi_clk_0_IBUF_inst/INBUF_INST/O
                         net (fo=1, routed)           0.000     0.365    axi_clk_0_IBUF_inst/OUT
    P10                  IBUFCTRL (Prop_IBUFCTRL_HPIOB_M_I_O)
                                                      0.000     0.365 r  axi_clk_0_IBUF_inst/IBUFCTRL_INST/O
                         net (fo=1, routed)           1.795     2.160    axi_clk_0_IBUF
    BUFGCE_HDIO_X0Y8     BUFGCE (Prop_BUFCE_BUFGCE_HDIO_I_O)
                                                      0.019     2.179 r  axi_clk_0_IBUF_BUFG_inst/O
    X1Y3 (CLOCK_ROOT)    net (fo=39327, routed)       1.718     3.898    FSRCNN_CORE_i/FSRCNN_CORE/Y_Converter_0/inst/out_buffer/U0/inst_fifo_gen/gaxis_fifo.gaxisf.axisf/grf.rf/gntv_or_sync_fifo.gl0.rd/rpntr/s_aclk
    SLICE_X42Y167        FDCE                                         r  FSRCNN_CORE_i/FSRCNN_CORE/Y_Converter_0/inst/out_buffer/U0/inst_fifo_gen/gaxis_fifo.gaxisf.axisf/grf.rf/gntv_or_sync_fifo.gl0.rd/rpntr/gc0.count_d1_reg[1]/C
                         clock pessimism             -0.848     3.050    
    SLICE_X42Y167        FDCE (Remov_HFF_SLICEL_C_CLR)
                                                     -0.020     3.030    FSRCNN_CORE_i/FSRCNN_CORE/Y_Converter_0/inst/out_buffer/U0/inst_fifo_gen/gaxis_fifo.gaxisf.axisf/grf.rf/gntv_or_sync_fifo.gl0.rd/rpntr/gc0.count_d1_reg[1]
  -------------------------------------------------------------------
                         required time                         -3.030    
                         arrival time                           3.287    
  -------------------------------------------------------------------
                         slack                                  0.257    





--------------------------------------------------------------------------------------
Path Group:  (none)
From Clock:  
  To Clock:  ref_clk

Max Delay             9 Endpoints
Min Delay             9 Endpoints
--------------------------------------------------------------------------------------


Max Delay Paths
--------------------------------------------------------------------------------------
Slack:                    inf
  Source:                 axi_reset_n_0
                            (input port)
  Destination:            FSRCNN_CORE_i/FSRCNN_CORE/M_Layer_0/inst/core_layer4/backBuffer/U0/inst_fifo_gen/gaxis_fifo.gaxisf.axisf/grf.rf/rstblk/ngwrdrst.grst.g7serrst.gsckt_wrst.xpm_cdc_sync_rst_inst_wrst/syncstages_ff_reg[0]/D
                            (rising edge-triggered cell FDRE clocked by ref_clk  {rise@0.000ns fall@1.666ns period=3.333ns})
  Path Group:             (none)
  Path Type:              Setup (Max at Slow Process Corner)
  Data Path Delay:        4.879ns  (logic 0.562ns (11.527%)  route 4.317ns (88.473%))
  Logic Levels:           3  (IBUFCTRL=1 INBUF=1 LUT1=1)
  Clock Path Skew:        4.730ns (DCD - SCD + CPR)
    Destination Clock Delay (DCD):    4.730ns
    Source Clock Delay      (SCD):    0.000ns
    Clock Pessimism Removal (CPR):    0.000ns
  Clock Uncertainty:      0.025ns  ((TSJ^2 + TIJ^2)^1/2 + DJ) / 2 + PE
    Total System Jitter     (TSJ):    0.050ns
    Total Input Jitter      (TIJ):    0.000ns
    Discrete Jitter          (DJ):    0.000ns
    Phase Error              (PE):    0.000ns
  Clock Net Delay (Destination): 2.616ns (routing 1.261ns, distribution 1.355ns)
  Timing Exception:       False Path

    Location             Delay type                Incr(ns)  Path(ns)    Netlist Resource(s)
  -------------------------------------------------------------------    -------------------
    U11                                               0.000     0.000 f  axi_reset_n_0 (IN)
                         net (fo=0)                   0.000     0.000    axi_reset_n_0_IBUF_inst/I
    U11                  INBUF (Prop_INBUF_HPIOB_M_PAD_O)
                                                      0.510     0.510 f  axi_reset_n_0_IBUF_inst/INBUF_INST/O
                         net (fo=1, routed)           0.000     0.510    axi_reset_n_0_IBUF_inst/OUT
    U11                  IBUFCTRL (Prop_IBUFCTRL_HPIOB_M_I_O)
                                                      0.000     0.510 f  axi_reset_n_0_IBUF_inst/IBUFCTRL_INST/O
                         net (fo=13870, routed)       4.048     4.558    FSRCNN_CORE_i/FSRCNN_CORE/M_Layer_0/inst/core_layer4/backBuffer/U0/inst_fifo_gen/gaxis_fifo.gaxisf.axisf/grf.rf/rstblk/s_aresetn
    SLICE_X25Y292        LUT1 (Prop_G6LUT_SLICEM_I0_O)
                                                      0.052     4.610 r  FSRCNN_CORE_i/FSRCNN_CORE/M_Layer_0/inst/core_layer4/backBuffer/U0/inst_fifo_gen/gaxis_fifo.gaxisf.axisf/grf.rf/rstblk/ngwrdrst.grst.g7serrst.gsckt_wrst.xpm_cdc_sync_rst_inst_wrst_i_1/O
                         net (fo=1, routed)           0.269     4.879    FSRCNN_CORE_i/FSRCNN_CORE/M_Layer_0/inst/core_layer4/backBuffer/U0/inst_fifo_gen/gaxis_fifo.gaxisf.axisf/grf.rf/rstblk/ngwrdrst.grst.g7serrst.gsckt_wrst.xpm_cdc_sync_rst_inst_wrst/src_rst
    SLICE_X25Y292        FDRE                                         r  FSRCNN_CORE_i/FSRCNN_CORE/M_Layer_0/inst/core_layer4/backBuffer/U0/inst_fifo_gen/gaxis_fifo.gaxisf.axisf/grf.rf/rstblk/ngwrdrst.grst.g7serrst.gsckt_wrst.xpm_cdc_sync_rst_inst_wrst/syncstages_ff_reg[0]/D
  -------------------------------------------------------------------    -------------------

                         (clock ref_clk rise edge)    0.000     0.000 r  
    P10                                               0.000     0.000 r  axi_clk_0 (IN)
                         net (fo=0)                   0.000     0.000    axi_clk_0_IBUF_inst/I
    P10                  INBUF (Prop_INBUF_HPIOB_M_PAD_O)
                                                      0.295     0.295 r  axi_clk_0_IBUF_inst/INBUF_INST/O
                         net (fo=1, routed)           0.000     0.295    axi_clk_0_IBUF_inst/OUT
    P10                  IBUFCTRL (Prop_IBUFCTRL_HPIOB_M_I_O)
                                                      0.000     0.295 r  axi_clk_0_IBUF_inst/IBUFCTRL_INST/O
                         net (fo=1, routed)           1.795     2.090    axi_clk_0_IBUF
    BUFGCE_HDIO_X0Y8     BUFGCE (Prop_BUFCE_BUFGCE_HDIO_I_O)
                                                      0.024     2.114 r  axi_clk_0_IBUF_BUFG_inst/O
    X1Y3 (CLOCK_ROOT)    net (fo=39327, routed)       2.616     4.730    FSRCNN_CORE_i/FSRCNN_CORE/M_Layer_0/inst/core_layer4/backBuffer/U0/inst_fifo_gen/gaxis_fifo.gaxisf.axisf/grf.rf/rstblk/ngwrdrst.grst.g7serrst.gsckt_wrst.xpm_cdc_sync_rst_inst_wrst/dest_clk
    SLICE_X25Y292        FDRE                                         r  FSRCNN_CORE_i/FSRCNN_CORE/M_Layer_0/inst/core_layer4/backBuffer/U0/inst_fifo_gen/gaxis_fifo.gaxisf.axisf/grf.rf/rstblk/ngwrdrst.grst.g7serrst.gsckt_wrst.xpm_cdc_sync_rst_inst_wrst/syncstages_ff_reg[0]/C

Slack:                    inf
  Source:                 axi_reset_n_0
                            (input port)
  Destination:            FSRCNN_CORE_i/FSRCNN_CORE/E_Layer_0/inst/out_buffer/U0/inst_fifo_gen/gaxis_fifo.gaxisf.axisf/grf.rf/rstblk/ngwrdrst.grst.g7serrst.gsckt_wrst.xpm_cdc_sync_rst_inst_wrst/syncstages_ff_reg[0]/D
                            (rising edge-triggered cell FDRE clocked by ref_clk  {rise@0.000ns fall@1.666ns period=3.333ns})
  Path Group:             (none)
  Path Type:              Setup (Max at Slow Process Corner)
  Data Path Delay:        4.590ns  (logic 0.662ns (14.431%)  route 3.928ns (85.569%))
  Logic Levels:           3  (IBUFCTRL=1 INBUF=1 LUT1=1)
  Clock Path Skew:        4.654ns (DCD - SCD + CPR)
    Destination Clock Delay (DCD):    4.654ns
    Source Clock Delay      (SCD):    0.000ns
    Clock Pessimism Removal (CPR):    0.000ns
  Clock Uncertainty:      0.025ns  ((TSJ^2 + TIJ^2)^1/2 + DJ) / 2 + PE
    Total System Jitter     (TSJ):    0.050ns
    Total Input Jitter      (TIJ):    0.000ns
    Discrete Jitter          (DJ):    0.000ns
    Phase Error              (PE):    0.000ns
  Clock Net Delay (Destination): 2.540ns (routing 1.261ns, distribution 1.279ns)
  Timing Exception:       False Path

    Location             Delay type                Incr(ns)  Path(ns)    Netlist Resource(s)
  -------------------------------------------------------------------    -------------------
    U11                                               0.000     0.000 f  axi_reset_n_0 (IN)
                         net (fo=0)                   0.000     0.000    axi_reset_n_0_IBUF_inst/I
    U11                  INBUF (Prop_INBUF_HPIOB_M_PAD_O)
                                                      0.510     0.510 f  axi_reset_n_0_IBUF_inst/INBUF_INST/O
                         net (fo=1, routed)           0.000     0.510    axi_reset_n_0_IBUF_inst/OUT
    U11                  IBUFCTRL (Prop_IBUFCTRL_HPIOB_M_I_O)
                                                      0.000     0.510 f  axi_reset_n_0_IBUF_inst/IBUFCTRL_INST/O
                         net (fo=13870, routed)       3.872     4.382    FSRCNN_CORE_i/FSRCNN_CORE/E_Layer_0/inst/out_buffer/U0/inst_fifo_gen/gaxis_fifo.gaxisf.axisf/grf.rf/rstblk/s_aresetn
    SLICE_X41Y338        LUT1 (Prop_H6LUT_SLICEM_I0_O)
                                                      0.152     4.534 r  FSRCNN_CORE_i/FSRCNN_CORE/E_Layer_0/inst/out_buffer/U0/inst_fifo_gen/gaxis_fifo.gaxisf.axisf/grf.rf/rstblk/ngwrdrst.grst.g7serrst.gsckt_wrst.xpm_cdc_sync_rst_inst_wrst_i_1/O
                         net (fo=1, routed)           0.056     4.590    FSRCNN_CORE_i/FSRCNN_CORE/E_Layer_0/inst/out_buffer/U0/inst_fifo_gen/gaxis_fifo.gaxisf.axisf/grf.rf/rstblk/ngwrdrst.grst.g7serrst.gsckt_wrst.xpm_cdc_sync_rst_inst_wrst/src_rst
    SLICE_X41Y338        FDRE                                         r  FSRCNN_CORE_i/FSRCNN_CORE/E_Layer_0/inst/out_buffer/U0/inst_fifo_gen/gaxis_fifo.gaxisf.axisf/grf.rf/rstblk/ngwrdrst.grst.g7serrst.gsckt_wrst.xpm_cdc_sync_rst_inst_wrst/syncstages_ff_reg[0]/D
  -------------------------------------------------------------------    -------------------

                         (clock ref_clk rise edge)    0.000     0.000 r  
    P10                                               0.000     0.000 r  axi_clk_0 (IN)
                         net (fo=0)                   0.000     0.000    axi_clk_0_IBUF_inst/I
    P10                  INBUF (Prop_INBUF_HPIOB_M_PAD_O)
                                                      0.295     0.295 r  axi_clk_0_IBUF_inst/INBUF_INST/O
                         net (fo=1, routed)           0.000     0.295    axi_clk_0_IBUF_inst/OUT
    P10                  IBUFCTRL (Prop_IBUFCTRL_HPIOB_M_I_O)
                                                      0.000     0.295 r  axi_clk_0_IBUF_inst/IBUFCTRL_INST/O
                         net (fo=1, routed)           1.795     2.090    axi_clk_0_IBUF
    BUFGCE_HDIO_X0Y8     BUFGCE (Prop_BUFCE_BUFGCE_HDIO_I_O)
                                                      0.024     2.114 r  axi_clk_0_IBUF_BUFG_inst/O
    X1Y3 (CLOCK_ROOT)    net (fo=39327, routed)       2.540     4.654    FSRCNN_CORE_i/FSRCNN_CORE/E_Layer_0/inst/out_buffer/U0/inst_fifo_gen/gaxis_fifo.gaxisf.axisf/grf.rf/rstblk/ngwrdrst.grst.g7serrst.gsckt_wrst.xpm_cdc_sync_rst_inst_wrst/dest_clk
    SLICE_X41Y338        FDRE                                         r  FSRCNN_CORE_i/FSRCNN_CORE/E_Layer_0/inst/out_buffer/U0/inst_fifo_gen/gaxis_fifo.gaxisf.axisf/grf.rf/rstblk/ngwrdrst.grst.g7serrst.gsckt_wrst.xpm_cdc_sync_rst_inst_wrst/syncstages_ff_reg[0]/C

Slack:                    inf
  Source:                 axi_reset_n_0
                            (input port)
  Destination:            FSRCNN_CORE_i/FSRCNN_CORE/M_Layer_0/inst/core_layer2/backBuffer/U0/inst_fifo_gen/gaxis_fifo.gaxisf.axisf/grf.rf/rstblk/ngwrdrst.grst.g7serrst.gsckt_wrst.xpm_cdc_sync_rst_inst_wrst/syncstages_ff_reg[0]/D
                            (rising edge-triggered cell FDRE clocked by ref_clk  {rise@0.000ns fall@1.666ns period=3.333ns})
  Path Group:             (none)
  Path Type:              Setup (Max at Slow Process Corner)
  Data Path Delay:        4.248ns  (logic 0.561ns (13.215%)  route 3.687ns (86.785%))
  Logic Levels:           3  (IBUFCTRL=1 INBUF=1 LUT1=1)
  Clock Path Skew:        4.626ns (DCD - SCD + CPR)
    Destination Clock Delay (DCD):    4.626ns
    Source Clock Delay      (SCD):    0.000ns
    Clock Pessimism Removal (CPR):    0.000ns
  Clock Uncertainty:      0.025ns  ((TSJ^2 + TIJ^2)^1/2 + DJ) / 2 + PE
    Total System Jitter     (TSJ):    0.050ns
    Total Input Jitter      (TIJ):    0.000ns
    Discrete Jitter          (DJ):    0.000ns
    Phase Error              (PE):    0.000ns
  Clock Net Delay (Destination): 2.512ns (routing 1.261ns, distribution 1.251ns)
  Timing Exception:       False Path

    Location             Delay type                Incr(ns)  Path(ns)    Netlist Resource(s)
  -------------------------------------------------------------------    -------------------
    U11                                               0.000     0.000 f  axi_reset_n_0 (IN)
                         net (fo=0)                   0.000     0.000    axi_reset_n_0_IBUF_inst/I
    U11                  INBUF (Prop_INBUF_HPIOB_M_PAD_O)
                                                      0.510     0.510 f  axi_reset_n_0_IBUF_inst/INBUF_INST/O
                         net (fo=1, routed)           0.000     0.510    axi_reset_n_0_IBUF_inst/OUT
    U11                  IBUFCTRL (Prop_IBUFCTRL_HPIOB_M_I_O)
                                                      0.000     0.510 f  axi_reset_n_0_IBUF_inst/IBUFCTRL_INST/O
                         net (fo=13870, routed)       3.530     4.040    FSRCNN_CORE_i/FSRCNN_CORE/M_Layer_0/inst/core_layer2/backBuffer/U0/inst_fifo_gen/gaxis_fifo.gaxisf.axisf/grf.rf/rstblk/s_aresetn
    SLICE_X39Y66         LUT1 (Prop_H6LUT_SLICEL_I0_O)
                                                      0.051     4.091 r  FSRCNN_CORE_i/FSRCNN_CORE/M_Layer_0/inst/core_layer2/backBuffer/U0/inst_fifo_gen/gaxis_fifo.gaxisf.axisf/grf.rf/rstblk/ngwrdrst.grst.g7serrst.gsckt_wrst.xpm_cdc_sync_rst_inst_wrst_i_1/O
                         net (fo=1, routed)           0.157     4.248    FSRCNN_CORE_i/FSRCNN_CORE/M_Layer_0/inst/core_layer2/backBuffer/U0/inst_fifo_gen/gaxis_fifo.gaxisf.axisf/grf.rf/rstblk/ngwrdrst.grst.g7serrst.gsckt_wrst.xpm_cdc_sync_rst_inst_wrst/src_rst
    SLICE_X40Y66         FDRE                                         r  FSRCNN_CORE_i/FSRCNN_CORE/M_Layer_0/inst/core_layer2/backBuffer/U0/inst_fifo_gen/gaxis_fifo.gaxisf.axisf/grf.rf/rstblk/ngwrdrst.grst.g7serrst.gsckt_wrst.xpm_cdc_sync_rst_inst_wrst/syncstages_ff_reg[0]/D
  -------------------------------------------------------------------    -------------------

                         (clock ref_clk rise edge)    0.000     0.000 r  
    P10                                               0.000     0.000 r  axi_clk_0 (IN)
                         net (fo=0)                   0.000     0.000    axi_clk_0_IBUF_inst/I
    P10                  INBUF (Prop_INBUF_HPIOB_M_PAD_O)
                                                      0.295     0.295 r  axi_clk_0_IBUF_inst/INBUF_INST/O
                         net (fo=1, routed)           0.000     0.295    axi_clk_0_IBUF_inst/OUT
    P10                  IBUFCTRL (Prop_IBUFCTRL_HPIOB_M_I_O)
                                                      0.000     0.295 r  axi_clk_0_IBUF_inst/IBUFCTRL_INST/O
                         net (fo=1, routed)           1.795     2.090    axi_clk_0_IBUF
    BUFGCE_HDIO_X0Y8     BUFGCE (Prop_BUFCE_BUFGCE_HDIO_I_O)
                                                      0.024     2.114 r  axi_clk_0_IBUF_BUFG_inst/O
    X1Y3 (CLOCK_ROOT)    net (fo=39327, routed)       2.512     4.626    FSRCNN_CORE_i/FSRCNN_CORE/M_Layer_0/inst/core_layer2/backBuffer/U0/inst_fifo_gen/gaxis_fifo.gaxisf.axisf/grf.rf/rstblk/ngwrdrst.grst.g7serrst.gsckt_wrst.xpm_cdc_sync_rst_inst_wrst/dest_clk
    SLICE_X40Y66         FDRE                                         r  FSRCNN_CORE_i/FSRCNN_CORE/M_Layer_0/inst/core_layer2/backBuffer/U0/inst_fifo_gen/gaxis_fifo.gaxisf.axisf/grf.rf/rstblk/ngwrdrst.grst.g7serrst.gsckt_wrst.xpm_cdc_sync_rst_inst_wrst/syncstages_ff_reg[0]/C

Slack:                    inf
  Source:                 axi_reset_n_0
                            (input port)
  Destination:            FSRCNN_CORE_i/FSRCNN_CORE/M_Layer_0/inst/core_layer1/backBuffer/U0/inst_fifo_gen/gaxis_fifo.gaxisf.axisf/grf.rf/rstblk/ngwrdrst.grst.g7serrst.gsckt_wrst.xpm_cdc_sync_rst_inst_wrst/syncstages_ff_reg[0]/D
                            (rising edge-triggered cell FDRE clocked by ref_clk  {rise@0.000ns fall@1.666ns period=3.333ns})
  Path Group:             (none)
  Path Type:              Setup (Max at Slow Process Corner)
  Data Path Delay:        3.972ns  (logic 0.610ns (15.368%)  route 3.362ns (84.632%))
  Logic Levels:           3  (IBUFCTRL=1 INBUF=1 LUT1=1)
  Clock Path Skew:        4.675ns (DCD - SCD + CPR)
    Destination Clock Delay (DCD):    4.675ns
    Source Clock Delay      (SCD):    0.000ns
    Clock Pessimism Removal (CPR):    0.000ns
  Clock Uncertainty:      0.025ns  ((TSJ^2 + TIJ^2)^1/2 + DJ) / 2 + PE
    Total System Jitter     (TSJ):    0.050ns
    Total Input Jitter      (TIJ):    0.000ns
    Discrete Jitter          (DJ):    0.000ns
    Phase Error              (PE):    0.000ns
  Clock Net Delay (Destination): 2.561ns (routing 1.261ns, distribution 1.300ns)
  Timing Exception:       False Path

    Location             Delay type                Incr(ns)  Path(ns)    Netlist Resource(s)
  -------------------------------------------------------------------    -------------------
    U11                                               0.000     0.000 f  axi_reset_n_0 (IN)
                         net (fo=0)                   0.000     0.000    axi_reset_n_0_IBUF_inst/I
    U11                  INBUF (Prop_INBUF_HPIOB_M_PAD_O)
                                                      0.510     0.510 f  axi_reset_n_0_IBUF_inst/INBUF_INST/O
                         net (fo=1, routed)           0.000     0.510    axi_reset_n_0_IBUF_inst/OUT
    U11                  IBUFCTRL (Prop_IBUFCTRL_HPIOB_M_I_O)
                                                      0.000     0.510 f  axi_reset_n_0_IBUF_inst/IBUFCTRL_INST/O
                         net (fo=13870, routed)       3.022     3.532    FSRCNN_CORE_i/FSRCNN_CORE/M_Layer_0/inst/core_layer1/backBuffer/U0/inst_fifo_gen/gaxis_fifo.gaxisf.axisf/grf.rf/rstblk/s_aresetn
    SLICE_X62Y118        LUT1 (Prop_G6LUT_SLICEM_I0_O)
                                                      0.100     3.632 r  FSRCNN_CORE_i/FSRCNN_CORE/M_Layer_0/inst/core_layer1/backBuffer/U0/inst_fifo_gen/gaxis_fifo.gaxisf.axisf/grf.rf/rstblk/ngwrdrst.grst.g7serrst.gsckt_wrst.xpm_cdc_sync_rst_inst_wrst_i_1/O
                         net (fo=1, routed)           0.340     3.972    FSRCNN_CORE_i/FSRCNN_CORE/M_Layer_0/inst/core_layer1/backBuffer/U0/inst_fifo_gen/gaxis_fifo.gaxisf.axisf/grf.rf/rstblk/ngwrdrst.grst.g7serrst.gsckt_wrst.xpm_cdc_sync_rst_inst_wrst/src_rst
    SLICE_X62Y118        FDRE                                         r  FSRCNN_CORE_i/FSRCNN_CORE/M_Layer_0/inst/core_layer1/backBuffer/U0/inst_fifo_gen/gaxis_fifo.gaxisf.axisf/grf.rf/rstblk/ngwrdrst.grst.g7serrst.gsckt_wrst.xpm_cdc_sync_rst_inst_wrst/syncstages_ff_reg[0]/D
  -------------------------------------------------------------------    -------------------

                         (clock ref_clk rise edge)    0.000     0.000 r  
    P10                                               0.000     0.000 r  axi_clk_0 (IN)
                         net (fo=0)                   0.000     0.000    axi_clk_0_IBUF_inst/I
    P10                  INBUF (Prop_INBUF_HPIOB_M_PAD_O)
                                                      0.295     0.295 r  axi_clk_0_IBUF_inst/INBUF_INST/O
                         net (fo=1, routed)           0.000     0.295    axi_clk_0_IBUF_inst/OUT
    P10                  IBUFCTRL (Prop_IBUFCTRL_HPIOB_M_I_O)
                                                      0.000     0.295 r  axi_clk_0_IBUF_inst/IBUFCTRL_INST/O
                         net (fo=1, routed)           1.795     2.090    axi_clk_0_IBUF
    BUFGCE_HDIO_X0Y8     BUFGCE (Prop_BUFCE_BUFGCE_HDIO_I_O)
                                                      0.024     2.114 r  axi_clk_0_IBUF_BUFG_inst/O
    X1Y3 (CLOCK_ROOT)    net (fo=39327, routed)       2.561     4.675    FSRCNN_CORE_i/FSRCNN_CORE/M_Layer_0/inst/core_layer1/backBuffer/U0/inst_fifo_gen/gaxis_fifo.gaxisf.axisf/grf.rf/rstblk/ngwrdrst.grst.g7serrst.gsckt_wrst.xpm_cdc_sync_rst_inst_wrst/dest_clk
    SLICE_X62Y118        FDRE                                         r  FSRCNN_CORE_i/FSRCNN_CORE/M_Layer_0/inst/core_layer1/backBuffer/U0/inst_fifo_gen/gaxis_fifo.gaxisf.axisf/grf.rf/rstblk/ngwrdrst.grst.g7serrst.gsckt_wrst.xpm_cdc_sync_rst_inst_wrst/syncstages_ff_reg[0]/C

Slack:                    inf
  Source:                 axi_reset_n_0
                            (input port)
  Destination:            FSRCNN_CORE_i/FSRCNN_CORE/Y_Converter_0/inst/out_buffer/U0/inst_fifo_gen/gaxis_fifo.gaxisf.axisf/grf.rf/rstblk/ngwrdrst.grst.g7serrst.gnsckt_wrst.rst_wr_reg2_inst/arststages_ff_reg[0]/PRE
                            (recovery check against rising-edge clock ref_clk  {rise@0.000ns fall@1.666ns period=3.333ns})
  Path Group:             (none)
  Path Type:              Recovery (Max at Slow Process Corner)
  Data Path Delay:        3.654ns  (logic 0.510ns (13.968%)  route 3.144ns (86.032%))
  Logic Levels:           2  (IBUFCTRL=1 INBUF=1)
  Clock Path Skew:        4.593ns (DCD - SCD + CPR)
    Destination Clock Delay (DCD):    4.593ns
    Source Clock Delay      (SCD):    0.000ns
    Clock Pessimism Removal (CPR):    0.000ns
  Clock Uncertainty:      0.025ns  ((TSJ^2 + TIJ^2)^1/2 + DJ) / 2 + PE
    Total System Jitter     (TSJ):    0.050ns
    Total Input Jitter      (TIJ):    0.000ns
    Discrete Jitter          (DJ):    0.000ns
    Phase Error              (PE):    0.000ns
  Clock Net Delay (Destination): 2.479ns (routing 1.261ns, distribution 1.218ns)
  Timing Exception:       False Path

    Location             Delay type                Incr(ns)  Path(ns)    Netlist Resource(s)
  -------------------------------------------------------------------    -------------------
    U11                                               0.000     0.000 r  axi_reset_n_0 (IN)
                         net (fo=0)                   0.000     0.000    axi_reset_n_0_IBUF_inst/I
    U11                  INBUF (Prop_INBUF_HPIOB_M_PAD_O)
                                                      0.510     0.510 r  axi_reset_n_0_IBUF_inst/INBUF_INST/O
                         net (fo=1, routed)           0.000     0.510    axi_reset_n_0_IBUF_inst/OUT
    U11                  IBUFCTRL (Prop_IBUFCTRL_HPIOB_M_I_O)
                                                      0.000     0.510 r  axi_reset_n_0_IBUF_inst/IBUFCTRL_INST/O
                         net (fo=13870, routed)       3.144     3.654    FSRCNN_CORE_i/FSRCNN_CORE/Y_Converter_0/inst/out_buffer/U0/inst_fifo_gen/gaxis_fifo.gaxisf.axisf/grf.rf/rstblk/ngwrdrst.grst.g7serrst.gnsckt_wrst.rst_wr_reg2_inst/src_arst
    SLICE_X42Y165        FDPE                                         f  FSRCNN_CORE_i/FSRCNN_CORE/Y_Converter_0/inst/out_buffer/U0/inst_fifo_gen/gaxis_fifo.gaxisf.axisf/grf.rf/rstblk/ngwrdrst.grst.g7serrst.gnsckt_wrst.rst_wr_reg2_inst/arststages_ff_reg[0]/PRE  (IS_INVERTED)
  -------------------------------------------------------------------    -------------------

                         (clock ref_clk rise edge)    0.000     0.000 r  
    P10                                               0.000     0.000 r  axi_clk_0 (IN)
                         net (fo=0)                   0.000     0.000    axi_clk_0_IBUF_inst/I
    P10                  INBUF (Prop_INBUF_HPIOB_M_PAD_O)
                                                      0.295     0.295 r  axi_clk_0_IBUF_inst/INBUF_INST/O
                         net (fo=1, routed)           0.000     0.295    axi_clk_0_IBUF_inst/OUT
    P10                  IBUFCTRL (Prop_IBUFCTRL_HPIOB_M_I_O)
                                                      0.000     0.295 r  axi_clk_0_IBUF_inst/IBUFCTRL_INST/O
                         net (fo=1, routed)           1.795     2.090    axi_clk_0_IBUF
    BUFGCE_HDIO_X0Y8     BUFGCE (Prop_BUFCE_BUFGCE_HDIO_I_O)
                                                      0.024     2.114 r  axi_clk_0_IBUF_BUFG_inst/O
    X1Y3 (CLOCK_ROOT)    net (fo=39327, routed)       2.479     4.593    FSRCNN_CORE_i/FSRCNN_CORE/Y_Converter_0/inst/out_buffer/U0/inst_fifo_gen/gaxis_fifo.gaxisf.axisf/grf.rf/rstblk/ngwrdrst.grst.g7serrst.gnsckt_wrst.rst_wr_reg2_inst/dest_clk
    SLICE_X42Y165        FDPE                                         r  FSRCNN_CORE_i/FSRCNN_CORE/Y_Converter_0/inst/out_buffer/U0/inst_fifo_gen/gaxis_fifo.gaxisf.axisf/grf.rf/rstblk/ngwrdrst.grst.g7serrst.gnsckt_wrst.rst_wr_reg2_inst/arststages_ff_reg[0]/C

Slack:                    inf
  Source:                 axi_reset_n_0
                            (input port)
  Destination:            FSRCNN_CORE_i/FSRCNN_CORE/Y_Converter_0/inst/out_buffer/U0/inst_fifo_gen/gaxis_fifo.gaxisf.axisf/grf.rf/rstblk/ngwrdrst.grst.g7serrst.gnsckt_wrst.rst_wr_reg2_inst/arststages_ff_reg[1]/PRE
                            (recovery check against rising-edge clock ref_clk  {rise@0.000ns fall@1.666ns period=3.333ns})
  Path Group:             (none)
  Path Type:              Recovery (Max at Slow Process Corner)
  Data Path Delay:        3.654ns  (logic 0.510ns (13.968%)  route 3.144ns (86.032%))
  Logic Levels:           2  (IBUFCTRL=1 INBUF=1)
  Clock Path Skew:        4.593ns (DCD - SCD + CPR)
    Destination Clock Delay (DCD):    4.593ns
    Source Clock Delay      (SCD):    0.000ns
    Clock Pessimism Removal (CPR):    0.000ns
  Clock Uncertainty:      0.025ns  ((TSJ^2 + TIJ^2)^1/2 + DJ) / 2 + PE
    Total System Jitter     (TSJ):    0.050ns
    Total Input Jitter      (TIJ):    0.000ns
    Discrete Jitter          (DJ):    0.000ns
    Phase Error              (PE):    0.000ns
  Clock Net Delay (Destination): 2.479ns (routing 1.261ns, distribution 1.218ns)
  Timing Exception:       False Path

    Location             Delay type                Incr(ns)  Path(ns)    Netlist Resource(s)
  -------------------------------------------------------------------    -------------------
    U11                                               0.000     0.000 r  axi_reset_n_0 (IN)
                         net (fo=0)                   0.000     0.000    axi_reset_n_0_IBUF_inst/I
    U11                  INBUF (Prop_INBUF_HPIOB_M_PAD_O)
                                                      0.510     0.510 r  axi_reset_n_0_IBUF_inst/INBUF_INST/O
                         net (fo=1, routed)           0.000     0.510    axi_reset_n_0_IBUF_inst/OUT
    U11                  IBUFCTRL (Prop_IBUFCTRL_HPIOB_M_I_O)
                                                      0.000     0.510 r  axi_reset_n_0_IBUF_inst/IBUFCTRL_INST/O
                         net (fo=13870, routed)       3.144     3.654    FSRCNN_CORE_i/FSRCNN_CORE/Y_Converter_0/inst/out_buffer/U0/inst_fifo_gen/gaxis_fifo.gaxisf.axisf/grf.rf/rstblk/ngwrdrst.grst.g7serrst.gnsckt_wrst.rst_wr_reg2_inst/src_arst
    SLICE_X42Y165        FDPE                                         f  FSRCNN_CORE_i/FSRCNN_CORE/Y_Converter_0/inst/out_buffer/U0/inst_fifo_gen/gaxis_fifo.gaxisf.axisf/grf.rf/rstblk/ngwrdrst.grst.g7serrst.gnsckt_wrst.rst_wr_reg2_inst/arststages_ff_reg[1]/PRE  (IS_INVERTED)
  -------------------------------------------------------------------    -------------------

                         (clock ref_clk rise edge)    0.000     0.000 r  
    P10                                               0.000     0.000 r  axi_clk_0 (IN)
                         net (fo=0)                   0.000     0.000    axi_clk_0_IBUF_inst/I
    P10                  INBUF (Prop_INBUF_HPIOB_M_PAD_O)
                                                      0.295     0.295 r  axi_clk_0_IBUF_inst/INBUF_INST/O
                         net (fo=1, routed)           0.000     0.295    axi_clk_0_IBUF_inst/OUT
    P10                  IBUFCTRL (Prop_IBUFCTRL_HPIOB_M_I_O)
                                                      0.000     0.295 r  axi_clk_0_IBUF_inst/IBUFCTRL_INST/O
                         net (fo=1, routed)           1.795     2.090    axi_clk_0_IBUF
    BUFGCE_HDIO_X0Y8     BUFGCE (Prop_BUFCE_BUFGCE_HDIO_I_O)
                                                      0.024     2.114 r  axi_clk_0_IBUF_BUFG_inst/O
    X1Y3 (CLOCK_ROOT)    net (fo=39327, routed)       2.479     4.593    FSRCNN_CORE_i/FSRCNN_CORE/Y_Converter_0/inst/out_buffer/U0/inst_fifo_gen/gaxis_fifo.gaxisf.axisf/grf.rf/rstblk/ngwrdrst.grst.g7serrst.gnsckt_wrst.rst_wr_reg2_inst/dest_clk
    SLICE_X42Y165        FDPE                                         r  FSRCNN_CORE_i/FSRCNN_CORE/Y_Converter_0/inst/out_buffer/U0/inst_fifo_gen/gaxis_fifo.gaxisf.axisf/grf.rf/rstblk/ngwrdrst.grst.g7serrst.gnsckt_wrst.rst_wr_reg2_inst/arststages_ff_reg[1]/C

Slack:                    inf
  Source:                 axi_reset_n_0
                            (input port)
  Destination:            FSRCNN_CORE_i/FSRCNN_CORE/F_Layer_0/inst/backBuffer/U0/inst_fifo_gen/gaxis_fifo.gaxisf.axisf/grf.rf/rstblk/ngwrdrst.grst.g7serrst.gsckt_wrst.xpm_cdc_sync_rst_inst_wrst/syncstages_ff_reg[0]/D
                            (rising edge-triggered cell FDRE clocked by ref_clk  {rise@0.000ns fall@1.666ns period=3.333ns})
  Path Group:             (none)
  Path Type:              Setup (Max at Slow Process Corner)
  Data Path Delay:        3.556ns  (logic 0.633ns (17.814%)  route 2.922ns (82.186%))
  Logic Levels:           3  (IBUFCTRL=1 INBUF=1 LUT1=1)
  Clock Path Skew:        4.587ns (DCD - SCD + CPR)
    Destination Clock Delay (DCD):    4.587ns
    Source Clock Delay      (SCD):    0.000ns
    Clock Pessimism Removal (CPR):    0.000ns
  Clock Uncertainty:      0.025ns  ((TSJ^2 + TIJ^2)^1/2 + DJ) / 2 + PE
    Total System Jitter     (TSJ):    0.050ns
    Total Input Jitter      (TIJ):    0.000ns
    Discrete Jitter          (DJ):    0.000ns
    Phase Error              (PE):    0.000ns
  Clock Net Delay (Destination): 2.473ns (routing 1.261ns, distribution 1.212ns)
  Timing Exception:       False Path

    Location             Delay type                Incr(ns)  Path(ns)    Netlist Resource(s)
  -------------------------------------------------------------------    -------------------
    U11                                               0.000     0.000 f  axi_reset_n_0 (IN)
                         net (fo=0)                   0.000     0.000    axi_reset_n_0_IBUF_inst/I
    U11                  INBUF (Prop_INBUF_HPIOB_M_PAD_O)
                                                      0.510     0.510 f  axi_reset_n_0_IBUF_inst/INBUF_INST/O
                         net (fo=1, routed)           0.000     0.510    axi_reset_n_0_IBUF_inst/OUT
    U11                  IBUFCTRL (Prop_IBUFCTRL_HPIOB_M_I_O)
                                                      0.000     0.510 f  axi_reset_n_0_IBUF_inst/IBUFCTRL_INST/O
                         net (fo=13870, routed)       2.765     3.276    FSRCNN_CORE_i/FSRCNN_CORE/F_Layer_0/inst/backBuffer/U0/inst_fifo_gen/gaxis_fifo.gaxisf.axisf/grf.rf/rstblk/s_aresetn
    SLICE_X44Y212        LUT1 (Prop_G6LUT_SLICEM_I0_O)
                                                      0.123     3.399 r  FSRCNN_CORE_i/FSRCNN_CORE/F_Layer_0/inst/backBuffer/U0/inst_fifo_gen/gaxis_fifo.gaxisf.axisf/grf.rf/rstblk/ngwrdrst.grst.g7serrst.gsckt_wrst.xpm_cdc_sync_rst_inst_wrst_i_1/O
                         net (fo=1, routed)           0.157     3.556    FSRCNN_CORE_i/FSRCNN_CORE/F_Layer_0/inst/backBuffer/U0/inst_fifo_gen/gaxis_fifo.gaxisf.axisf/grf.rf/rstblk/ngwrdrst.grst.g7serrst.gsckt_wrst.xpm_cdc_sync_rst_inst_wrst/src_rst
    SLICE_X44Y212        FDRE                                         r  FSRCNN_CORE_i/FSRCNN_CORE/F_Layer_0/inst/backBuffer/U0/inst_fifo_gen/gaxis_fifo.gaxisf.axisf/grf.rf/rstblk/ngwrdrst.grst.g7serrst.gsckt_wrst.xpm_cdc_sync_rst_inst_wrst/syncstages_ff_reg[0]/D
  -------------------------------------------------------------------    -------------------

                         (clock ref_clk rise edge)    0.000     0.000 r  
    P10                                               0.000     0.000 r  axi_clk_0 (IN)
                         net (fo=0)                   0.000     0.000    axi_clk_0_IBUF_inst/I
    P10                  INBUF (Prop_INBUF_HPIOB_M_PAD_O)
                                                      0.295     0.295 r  axi_clk_0_IBUF_inst/INBUF_INST/O
                         net (fo=1, routed)           0.000     0.295    axi_clk_0_IBUF_inst/OUT
    P10                  IBUFCTRL (Prop_IBUFCTRL_HPIOB_M_I_O)
                                                      0.000     0.295 r  axi_clk_0_IBUF_inst/IBUFCTRL_INST/O
                         net (fo=1, routed)           1.795     2.090    axi_clk_0_IBUF
    BUFGCE_HDIO_X0Y8     BUFGCE (Prop_BUFCE_BUFGCE_HDIO_I_O)
                                                      0.024     2.114 r  axi_clk_0_IBUF_BUFG_inst/O
    X1Y3 (CLOCK_ROOT)    net (fo=39327, routed)       2.473     4.587    FSRCNN_CORE_i/FSRCNN_CORE/F_Layer_0/inst/backBuffer/U0/inst_fifo_gen/gaxis_fifo.gaxisf.axisf/grf.rf/rstblk/ngwrdrst.grst.g7serrst.gsckt_wrst.xpm_cdc_sync_rst_inst_wrst/dest_clk
    SLICE_X44Y212        FDRE                                         r  FSRCNN_CORE_i/FSRCNN_CORE/F_Layer_0/inst/backBuffer/U0/inst_fifo_gen/gaxis_fifo.gaxisf.axisf/grf.rf/rstblk/ngwrdrst.grst.g7serrst.gsckt_wrst.xpm_cdc_sync_rst_inst_wrst/syncstages_ff_reg[0]/C

Slack:                    inf
  Source:                 axi_reset_n_0
                            (input port)
  Destination:            FSRCNN_CORE_i/FSRCNN_CORE/M_Layer_0/inst/core_layer3/backBuffer/U0/inst_fifo_gen/gaxis_fifo.gaxisf.axisf/grf.rf/rstblk/ngwrdrst.grst.g7serrst.gsckt_wrst.xpm_cdc_sync_rst_inst_wrst/syncstages_ff_reg[0]/D
                            (rising edge-triggered cell FDRE clocked by ref_clk  {rise@0.000ns fall@1.666ns period=3.333ns})
  Path Group:             (none)
  Path Type:              Setup (Max at Slow Process Corner)
  Data Path Delay:        3.413ns  (logic 0.633ns (18.558%)  route 2.780ns (81.442%))
  Logic Levels:           3  (IBUFCTRL=1 INBUF=1 LUT1=1)
  Clock Path Skew:        4.629ns (DCD - SCD + CPR)
    Destination Clock Delay (DCD):    4.629ns
    Source Clock Delay      (SCD):    0.000ns
    Clock Pessimism Removal (CPR):    0.000ns
  Clock Uncertainty:      0.025ns  ((TSJ^2 + TIJ^2)^1/2 + DJ) / 2 + PE
    Total System Jitter     (TSJ):    0.050ns
    Total Input Jitter      (TIJ):    0.000ns
    Discrete Jitter          (DJ):    0.000ns
    Phase Error              (PE):    0.000ns
  Clock Net Delay (Destination): 2.515ns (routing 1.261ns, distribution 1.254ns)
  Timing Exception:       False Path

    Location             Delay type                Incr(ns)  Path(ns)    Netlist Resource(s)
  -------------------------------------------------------------------    -------------------
    U11                                               0.000     0.000 f  axi_reset_n_0 (IN)
                         net (fo=0)                   0.000     0.000    axi_reset_n_0_IBUF_inst/I
    U11                  INBUF (Prop_INBUF_HPIOB_M_PAD_O)
                                                      0.510     0.510 f  axi_reset_n_0_IBUF_inst/INBUF_INST/O
                         net (fo=1, routed)           0.000     0.510    axi_reset_n_0_IBUF_inst/OUT
    U11                  IBUFCTRL (Prop_IBUFCTRL_HPIOB_M_I_O)
                                                      0.000     0.510 f  axi_reset_n_0_IBUF_inst/IBUFCTRL_INST/O
                         net (fo=13870, routed)       2.672     3.182    FSRCNN_CORE_i/FSRCNN_CORE/M_Layer_0/inst/core_layer3/backBuffer/U0/inst_fifo_gen/gaxis_fifo.gaxisf.axisf/grf.rf/rstblk/s_aresetn
    SLICE_X37Y180        LUT1 (Prop_F6LUT_SLICEM_I0_O)
                                                      0.123     3.305 r  FSRCNN_CORE_i/FSRCNN_CORE/M_Layer_0/inst/core_layer3/backBuffer/U0/inst_fifo_gen/gaxis_fifo.gaxisf.axisf/grf.rf/rstblk/ngwrdrst.grst.g7serrst.gsckt_wrst.xpm_cdc_sync_rst_inst_wrst_i_1/O
                         net (fo=1, routed)           0.108     3.413    FSRCNN_CORE_i/FSRCNN_CORE/M_Layer_0/inst/core_layer3/backBuffer/U0/inst_fifo_gen/gaxis_fifo.gaxisf.axisf/grf.rf/rstblk/ngwrdrst.grst.g7serrst.gsckt_wrst.xpm_cdc_sync_rst_inst_wrst/src_rst
    SLICE_X37Y180        FDRE                                         r  FSRCNN_CORE_i/FSRCNN_CORE/M_Layer_0/inst/core_layer3/backBuffer/U0/inst_fifo_gen/gaxis_fifo.gaxisf.axisf/grf.rf/rstblk/ngwrdrst.grst.g7serrst.gsckt_wrst.xpm_cdc_sync_rst_inst_wrst/syncstages_ff_reg[0]/D
  -------------------------------------------------------------------    -------------------

                         (clock ref_clk rise edge)    0.000     0.000 r  
    P10                                               0.000     0.000 r  axi_clk_0 (IN)
                         net (fo=0)                   0.000     0.000    axi_clk_0_IBUF_inst/I
    P10                  INBUF (Prop_INBUF_HPIOB_M_PAD_O)
                                                      0.295     0.295 r  axi_clk_0_IBUF_inst/INBUF_INST/O
                         net (fo=1, routed)           0.000     0.295    axi_clk_0_IBUF_inst/OUT
    P10                  IBUFCTRL (Prop_IBUFCTRL_HPIOB_M_I_O)
                                                      0.000     0.295 r  axi_clk_0_IBUF_inst/IBUFCTRL_INST/O
                         net (fo=1, routed)           1.795     2.090    axi_clk_0_IBUF
    BUFGCE_HDIO_X0Y8     BUFGCE (Prop_BUFCE_BUFGCE_HDIO_I_O)
                                                      0.024     2.114 r  axi_clk_0_IBUF_BUFG_inst/O
    X1Y3 (CLOCK_ROOT)    net (fo=39327, routed)       2.515     4.629    FSRCNN_CORE_i/FSRCNN_CORE/M_Layer_0/inst/core_layer3/backBuffer/U0/inst_fifo_gen/gaxis_fifo.gaxisf.axisf/grf.rf/rstblk/ngwrdrst.grst.g7serrst.gsckt_wrst.xpm_cdc_sync_rst_inst_wrst/dest_clk
    SLICE_X37Y180        FDRE                                         r  FSRCNN_CORE_i/FSRCNN_CORE/M_Layer_0/inst/core_layer3/backBuffer/U0/inst_fifo_gen/gaxis_fifo.gaxisf.axisf/grf.rf/rstblk/ngwrdrst.grst.g7serrst.gsckt_wrst.xpm_cdc_sync_rst_inst_wrst/syncstages_ff_reg[0]/C

Slack:                    inf
  Source:                 axi_reset_n_0
                            (input port)
  Destination:            FSRCNN_CORE_i/FSRCNN_CORE/S_Layer_0/inst/out_buffer/U0/inst_fifo_gen/gaxis_fifo.gaxisf.axisf/grf.rf/rstblk/ngwrdrst.grst.g7serrst.gsckt_wrst.xpm_cdc_sync_rst_inst_wrst/syncstages_ff_reg[0]/D
                            (rising edge-triggered cell FDRE clocked by ref_clk  {rise@0.000ns fall@1.666ns period=3.333ns})
  Path Group:             (none)
  Path Type:              Setup (Max at Slow Process Corner)
  Data Path Delay:        3.185ns  (logic 0.600ns (18.854%)  route 2.584ns (81.146%))
  Logic Levels:           3  (IBUFCTRL=1 INBUF=1 LUT1=1)
  Clock Path Skew:        4.651ns (DCD - SCD + CPR)
    Destination Clock Delay (DCD):    4.651ns
    Source Clock Delay      (SCD):    0.000ns
    Clock Pessimism Removal (CPR):    0.000ns
  Clock Uncertainty:      0.025ns  ((TSJ^2 + TIJ^2)^1/2 + DJ) / 2 + PE
    Total System Jitter     (TSJ):    0.050ns
    Total Input Jitter      (TIJ):    0.000ns
    Discrete Jitter          (DJ):    0.000ns
    Phase Error              (PE):    0.000ns
  Clock Net Delay (Destination): 2.537ns (routing 1.261ns, distribution 1.276ns)
  Timing Exception:       False Path

    Location             Delay type                Incr(ns)  Path(ns)    Netlist Resource(s)
  -------------------------------------------------------------------    -------------------
    U11                                               0.000     0.000 f  axi_reset_n_0 (IN)
                         net (fo=0)                   0.000     0.000    axi_reset_n_0_IBUF_inst/I
    U11                  INBUF (Prop_INBUF_HPIOB_M_PAD_O)
                                                      0.510     0.510 f  axi_reset_n_0_IBUF_inst/INBUF_INST/O
                         net (fo=1, routed)           0.000     0.510    axi_reset_n_0_IBUF_inst/OUT
    U11                  IBUFCTRL (Prop_IBUFCTRL_HPIOB_M_I_O)
                                                      0.000     0.510 f  axi_reset_n_0_IBUF_inst/IBUFCTRL_INST/O
                         net (fo=13870, routed)       2.535     3.046    FSRCNN_CORE_i/FSRCNN_CORE/S_Layer_0/inst/out_buffer/U0/inst_fifo_gen/gaxis_fifo.gaxisf.axisf/grf.rf/rstblk/s_aresetn
    SLICE_X66Y217        LUT1 (Prop_H6LUT_SLICEL_I0_O)
                                                      0.090     3.136 r  FSRCNN_CORE_i/FSRCNN_CORE/S_Layer_0/inst/out_buffer/U0/inst_fifo_gen/gaxis_fifo.gaxisf.axisf/grf.rf/rstblk/ngwrdrst.grst.g7serrst.gsckt_wrst.xpm_cdc_sync_rst_inst_wrst_i_1/O
                         net (fo=1, routed)           0.049     3.185    FSRCNN_CORE_i/FSRCNN_CORE/S_Layer_0/inst/out_buffer/U0/inst_fifo_gen/gaxis_fifo.gaxisf.axisf/grf.rf/rstblk/ngwrdrst.grst.g7serrst.gsckt_wrst.xpm_cdc_sync_rst_inst_wrst/src_rst
    SLICE_X66Y217        FDRE                                         r  FSRCNN_CORE_i/FSRCNN_CORE/S_Layer_0/inst/out_buffer/U0/inst_fifo_gen/gaxis_fifo.gaxisf.axisf/grf.rf/rstblk/ngwrdrst.grst.g7serrst.gsckt_wrst.xpm_cdc_sync_rst_inst_wrst/syncstages_ff_reg[0]/D
  -------------------------------------------------------------------    -------------------

                         (clock ref_clk rise edge)    0.000     0.000 r  
    P10                                               0.000     0.000 r  axi_clk_0 (IN)
                         net (fo=0)                   0.000     0.000    axi_clk_0_IBUF_inst/I
    P10                  INBUF (Prop_INBUF_HPIOB_M_PAD_O)
                                                      0.295     0.295 r  axi_clk_0_IBUF_inst/INBUF_INST/O
                         net (fo=1, routed)           0.000     0.295    axi_clk_0_IBUF_inst/OUT
    P10                  IBUFCTRL (Prop_IBUFCTRL_HPIOB_M_I_O)
                                                      0.000     0.295 r  axi_clk_0_IBUF_inst/IBUFCTRL_INST/O
                         net (fo=1, routed)           1.795     2.090    axi_clk_0_IBUF
    BUFGCE_HDIO_X0Y8     BUFGCE (Prop_BUFCE_BUFGCE_HDIO_I_O)
                                                      0.024     2.114 r  axi_clk_0_IBUF_BUFG_inst/O
    X1Y3 (CLOCK_ROOT)    net (fo=39327, routed)       2.537     4.651    FSRCNN_CORE_i/FSRCNN_CORE/S_Layer_0/inst/out_buffer/U0/inst_fifo_gen/gaxis_fifo.gaxisf.axisf/grf.rf/rstblk/ngwrdrst.grst.g7serrst.gsckt_wrst.xpm_cdc_sync_rst_inst_wrst/dest_clk
    SLICE_X66Y217        FDRE                                         r  FSRCNN_CORE_i/FSRCNN_CORE/S_Layer_0/inst/out_buffer/U0/inst_fifo_gen/gaxis_fifo.gaxisf.axisf/grf.rf/rstblk/ngwrdrst.grst.g7serrst.gsckt_wrst.xpm_cdc_sync_rst_inst_wrst/syncstages_ff_reg[0]/C





Min Delay Paths
--------------------------------------------------------------------------------------
Slack:                    inf
  Source:                 axi_reset_n_0
                            (input port)
  Destination:            FSRCNN_CORE_i/FSRCNN_CORE/S_Layer_0/inst/out_buffer/U0/inst_fifo_gen/gaxis_fifo.gaxisf.axisf/grf.rf/rstblk/ngwrdrst.grst.g7serrst.gsckt_wrst.xpm_cdc_sync_rst_inst_wrst/syncstages_ff_reg[0]/D
                            (rising edge-triggered cell FDRE clocked by ref_clk  {rise@0.000ns fall@1.666ns period=3.333ns})
  Path Group:             (none)
  Path Type:              Hold (Min at Fast Process Corner)
  Data Path Delay:        1.444ns  (logic 0.181ns (12.498%)  route 1.264ns (87.502%))
  Logic Levels:           3  (IBUFCTRL=1 INBUF=1 LUT1=1)
  Clock Path Skew:        3.926ns (DCD - SCD - CPR)
    Destination Clock Delay (DCD):    3.926ns
    Source Clock Delay      (SCD):    0.000ns
    Clock Pessimism Removal (CPR):    -0.000ns
  Clock Net Delay (Destination): 1.746ns (routing 0.853ns, distribution 0.893ns)
  Timing Exception:       False Path

    Location             Delay type                Incr(ns)  Path(ns)    Netlist Resource(s)
  -------------------------------------------------------------------    -------------------
    U11                                               0.000     0.000 f  axi_reset_n_0 (IN)
                         net (fo=0)                   0.000     0.000    axi_reset_n_0_IBUF_inst/I
    U11                  INBUF (Prop_INBUF_HPIOB_M_PAD_O)
                                                      0.146     0.146 f  axi_reset_n_0_IBUF_inst/INBUF_INST/O
                         net (fo=1, routed)           0.000     0.146    axi_reset_n_0_IBUF_inst/OUT
    U11                  IBUFCTRL (Prop_IBUFCTRL_HPIOB_M_I_O)
                                                      0.000     0.146 f  axi_reset_n_0_IBUF_inst/IBUFCTRL_INST/O
                         net (fo=13870, routed)       1.249     1.394    FSRCNN_CORE_i/FSRCNN_CORE/S_Layer_0/inst/out_buffer/U0/inst_fifo_gen/gaxis_fifo.gaxisf.axisf/grf.rf/rstblk/s_aresetn
    SLICE_X66Y217        LUT1 (Prop_H6LUT_SLICEL_I0_O)
                                                      0.035     1.429 r  FSRCNN_CORE_i/FSRCNN_CORE/S_Layer_0/inst/out_buffer/U0/inst_fifo_gen/gaxis_fifo.gaxisf.axisf/grf.rf/rstblk/ngwrdrst.grst.g7serrst.gsckt_wrst.xpm_cdc_sync_rst_inst_wrst_i_1/O
                         net (fo=1, routed)           0.015     1.444    FSRCNN_CORE_i/FSRCNN_CORE/S_Layer_0/inst/out_buffer/U0/inst_fifo_gen/gaxis_fifo.gaxisf.axisf/grf.rf/rstblk/ngwrdrst.grst.g7serrst.gsckt_wrst.xpm_cdc_sync_rst_inst_wrst/src_rst
    SLICE_X66Y217        FDRE                                         r  FSRCNN_CORE_i/FSRCNN_CORE/S_Layer_0/inst/out_buffer/U0/inst_fifo_gen/gaxis_fifo.gaxisf.axisf/grf.rf/rstblk/ngwrdrst.grst.g7serrst.gsckt_wrst.xpm_cdc_sync_rst_inst_wrst/syncstages_ff_reg[0]/D
  -------------------------------------------------------------------    -------------------

                         (clock ref_clk rise edge)    0.000     0.000 r  
    P10                                               0.000     0.000 r  axi_clk_0 (IN)
                         net (fo=0)                   0.000     0.000    axi_clk_0_IBUF_inst/I
    P10                  INBUF (Prop_INBUF_HPIOB_M_PAD_O)
                                                      0.365     0.365 r  axi_clk_0_IBUF_inst/INBUF_INST/O
                         net (fo=1, routed)           0.000     0.365    axi_clk_0_IBUF_inst/OUT
    P10                  IBUFCTRL (Prop_IBUFCTRL_HPIOB_M_I_O)
                                                      0.000     0.365 r  axi_clk_0_IBUF_inst/IBUFCTRL_INST/O
                         net (fo=1, routed)           1.795     2.160    axi_clk_0_IBUF
    BUFGCE_HDIO_X0Y8     BUFGCE (Prop_BUFCE_BUFGCE_HDIO_I_O)
                                                      0.019     2.179 r  axi_clk_0_IBUF_BUFG_inst/O
    X1Y3 (CLOCK_ROOT)    net (fo=39327, routed)       1.746     3.926    FSRCNN_CORE_i/FSRCNN_CORE/S_Layer_0/inst/out_buffer/U0/inst_fifo_gen/gaxis_fifo.gaxisf.axisf/grf.rf/rstblk/ngwrdrst.grst.g7serrst.gsckt_wrst.xpm_cdc_sync_rst_inst_wrst/dest_clk
    SLICE_X66Y217        FDRE                                         r  FSRCNN_CORE_i/FSRCNN_CORE/S_Layer_0/inst/out_buffer/U0/inst_fifo_gen/gaxis_fifo.gaxisf.axisf/grf.rf/rstblk/ngwrdrst.grst.g7serrst.gsckt_wrst.xpm_cdc_sync_rst_inst_wrst/syncstages_ff_reg[0]/C

Slack:                    inf
  Source:                 axi_reset_n_0
                            (input port)
  Destination:            FSRCNN_CORE_i/FSRCNN_CORE/M_Layer_0/inst/core_layer3/backBuffer/U0/inst_fifo_gen/gaxis_fifo.gaxisf.axisf/grf.rf/rstblk/ngwrdrst.grst.g7serrst.gsckt_wrst.xpm_cdc_sync_rst_inst_wrst/syncstages_ff_reg[0]/D
                            (rising edge-triggered cell FDRE clocked by ref_clk  {rise@0.000ns fall@1.666ns period=3.333ns})
  Path Group:             (none)
  Path Type:              Hold (Min at Fast Process Corner)
  Data Path Delay:        1.528ns  (logic 0.196ns (12.799%)  route 1.332ns (87.201%))
  Logic Levels:           3  (IBUFCTRL=1 INBUF=1 LUT1=1)
  Clock Path Skew:        3.907ns (DCD - SCD - CPR)
    Destination Clock Delay (DCD):    3.907ns
    Source Clock Delay      (SCD):    0.000ns
    Clock Pessimism Removal (CPR):    -0.000ns
  Clock Net Delay (Destination): 1.727ns (routing 0.853ns, distribution 0.874ns)
  Timing Exception:       False Path

    Location             Delay type                Incr(ns)  Path(ns)    Netlist Resource(s)
  -------------------------------------------------------------------    -------------------
    U11                                               0.000     0.000 f  axi_reset_n_0 (IN)
                         net (fo=0)                   0.000     0.000    axi_reset_n_0_IBUF_inst/I
    U11                  INBUF (Prop_INBUF_HPIOB_M_PAD_O)
                                                      0.146     0.146 f  axi_reset_n_0_IBUF_inst/INBUF_INST/O
                         net (fo=1, routed)           0.000     0.146    axi_reset_n_0_IBUF_inst/OUT
    U11                  IBUFCTRL (Prop_IBUFCTRL_HPIOB_M_I_O)
                                                      0.000     0.146 f  axi_reset_n_0_IBUF_inst/IBUFCTRL_INST/O
                         net (fo=13870, routed)       1.297     1.443    FSRCNN_CORE_i/FSRCNN_CORE/M_Layer_0/inst/core_layer3/backBuffer/U0/inst_fifo_gen/gaxis_fifo.gaxisf.axisf/grf.rf/rstblk/s_aresetn
    SLICE_X37Y180        LUT1 (Prop_F6LUT_SLICEM_I0_O)
                                                      0.050     1.493 r  FSRCNN_CORE_i/FSRCNN_CORE/M_Layer_0/inst/core_layer3/backBuffer/U0/inst_fifo_gen/gaxis_fifo.gaxisf.axisf/grf.rf/rstblk/ngwrdrst.grst.g7serrst.gsckt_wrst.xpm_cdc_sync_rst_inst_wrst_i_1/O
                         net (fo=1, routed)           0.035     1.528    FSRCNN_CORE_i/FSRCNN_CORE/M_Layer_0/inst/core_layer3/backBuffer/U0/inst_fifo_gen/gaxis_fifo.gaxisf.axisf/grf.rf/rstblk/ngwrdrst.grst.g7serrst.gsckt_wrst.xpm_cdc_sync_rst_inst_wrst/src_rst
    SLICE_X37Y180        FDRE                                         r  FSRCNN_CORE_i/FSRCNN_CORE/M_Layer_0/inst/core_layer3/backBuffer/U0/inst_fifo_gen/gaxis_fifo.gaxisf.axisf/grf.rf/rstblk/ngwrdrst.grst.g7serrst.gsckt_wrst.xpm_cdc_sync_rst_inst_wrst/syncstages_ff_reg[0]/D
  -------------------------------------------------------------------    -------------------

                         (clock ref_clk rise edge)    0.000     0.000 r  
    P10                                               0.000     0.000 r  axi_clk_0 (IN)
                         net (fo=0)                   0.000     0.000    axi_clk_0_IBUF_inst/I
    P10                  INBUF (Prop_INBUF_HPIOB_M_PAD_O)
                                                      0.365     0.365 r  axi_clk_0_IBUF_inst/INBUF_INST/O
                         net (fo=1, routed)           0.000     0.365    axi_clk_0_IBUF_inst/OUT
    P10                  IBUFCTRL (Prop_IBUFCTRL_HPIOB_M_I_O)
                                                      0.000     0.365 r  axi_clk_0_IBUF_inst/IBUFCTRL_INST/O
                         net (fo=1, routed)           1.795     2.160    axi_clk_0_IBUF
    BUFGCE_HDIO_X0Y8     BUFGCE (Prop_BUFCE_BUFGCE_HDIO_I_O)
                                                      0.019     2.179 r  axi_clk_0_IBUF_BUFG_inst/O
    X1Y3 (CLOCK_ROOT)    net (fo=39327, routed)       1.727     3.907    FSRCNN_CORE_i/FSRCNN_CORE/M_Layer_0/inst/core_layer3/backBuffer/U0/inst_fifo_gen/gaxis_fifo.gaxisf.axisf/grf.rf/rstblk/ngwrdrst.grst.g7serrst.gsckt_wrst.xpm_cdc_sync_rst_inst_wrst/dest_clk
    SLICE_X37Y180        FDRE                                         r  FSRCNN_CORE_i/FSRCNN_CORE/M_Layer_0/inst/core_layer3/backBuffer/U0/inst_fifo_gen/gaxis_fifo.gaxisf.axisf/grf.rf/rstblk/ngwrdrst.grst.g7serrst.gsckt_wrst.xpm_cdc_sync_rst_inst_wrst/syncstages_ff_reg[0]/C

Slack:                    inf
  Source:                 axi_reset_n_0
                            (input port)
  Destination:            FSRCNN_CORE_i/FSRCNN_CORE/F_Layer_0/inst/backBuffer/U0/inst_fifo_gen/gaxis_fifo.gaxisf.axisf/grf.rf/rstblk/ngwrdrst.grst.g7serrst.gsckt_wrst.xpm_cdc_sync_rst_inst_wrst/syncstages_ff_reg[0]/D
                            (rising edge-triggered cell FDRE clocked by ref_clk  {rise@0.000ns fall@1.666ns period=3.333ns})
  Path Group:             (none)
  Path Type:              Hold (Min at Fast Process Corner)
  Data Path Delay:        1.595ns  (logic 0.196ns (12.258%)  route 1.400ns (87.742%))
  Logic Levels:           3  (IBUFCTRL=1 INBUF=1 LUT1=1)
  Clock Path Skew:        3.882ns (DCD - SCD - CPR)
    Destination Clock Delay (DCD):    3.882ns
    Source Clock Delay      (SCD):    0.000ns
    Clock Pessimism Removal (CPR):    -0.000ns
  Clock Net Delay (Destination): 1.703ns (routing 0.853ns, distribution 0.850ns)
  Timing Exception:       False Path

    Location             Delay type                Incr(ns)  Path(ns)    Netlist Resource(s)
  -------------------------------------------------------------------    -------------------
    U11                                               0.000     0.000 f  axi_reset_n_0 (IN)
                         net (fo=0)                   0.000     0.000    axi_reset_n_0_IBUF_inst/I
    U11                  INBUF (Prop_INBUF_HPIOB_M_PAD_O)
                                                      0.146     0.146 f  axi_reset_n_0_IBUF_inst/INBUF_INST/O
                         net (fo=1, routed)           0.000     0.146    axi_reset_n_0_IBUF_inst/OUT
    U11                  IBUFCTRL (Prop_IBUFCTRL_HPIOB_M_I_O)
                                                      0.000     0.146 f  axi_reset_n_0_IBUF_inst/IBUFCTRL_INST/O
                         net (fo=13870, routed)       1.344     1.489    FSRCNN_CORE_i/FSRCNN_CORE/F_Layer_0/inst/backBuffer/U0/inst_fifo_gen/gaxis_fifo.gaxisf.axisf/grf.rf/rstblk/s_aresetn
    SLICE_X44Y212        LUT1 (Prop_G6LUT_SLICEM_I0_O)
                                                      0.050     1.539 r  FSRCNN_CORE_i/FSRCNN_CORE/F_Layer_0/inst/backBuffer/U0/inst_fifo_gen/gaxis_fifo.gaxisf.axisf/grf.rf/rstblk/ngwrdrst.grst.g7serrst.gsckt_wrst.xpm_cdc_sync_rst_inst_wrst_i_1/O
                         net (fo=1, routed)           0.056     1.595    FSRCNN_CORE_i/FSRCNN_CORE/F_Layer_0/inst/backBuffer/U0/inst_fifo_gen/gaxis_fifo.gaxisf.axisf/grf.rf/rstblk/ngwrdrst.grst.g7serrst.gsckt_wrst.xpm_cdc_sync_rst_inst_wrst/src_rst
    SLICE_X44Y212        FDRE                                         r  FSRCNN_CORE_i/FSRCNN_CORE/F_Layer_0/inst/backBuffer/U0/inst_fifo_gen/gaxis_fifo.gaxisf.axisf/grf.rf/rstblk/ngwrdrst.grst.g7serrst.gsckt_wrst.xpm_cdc_sync_rst_inst_wrst/syncstages_ff_reg[0]/D
  -------------------------------------------------------------------    -------------------

                         (clock ref_clk rise edge)    0.000     0.000 r  
    P10                                               0.000     0.000 r  axi_clk_0 (IN)
                         net (fo=0)                   0.000     0.000    axi_clk_0_IBUF_inst/I
    P10                  INBUF (Prop_INBUF_HPIOB_M_PAD_O)
                                                      0.365     0.365 r  axi_clk_0_IBUF_inst/INBUF_INST/O
                         net (fo=1, routed)           0.000     0.365    axi_clk_0_IBUF_inst/OUT
    P10                  IBUFCTRL (Prop_IBUFCTRL_HPIOB_M_I_O)
                                                      0.000     0.365 r  axi_clk_0_IBUF_inst/IBUFCTRL_INST/O
                         net (fo=1, routed)           1.795     2.160    axi_clk_0_IBUF
    BUFGCE_HDIO_X0Y8     BUFGCE (Prop_BUFCE_BUFGCE_HDIO_I_O)
                                                      0.019     2.179 r  axi_clk_0_IBUF_BUFG_inst/O
    X1Y3 (CLOCK_ROOT)    net (fo=39327, routed)       1.703     3.882    FSRCNN_CORE_i/FSRCNN_CORE/F_Layer_0/inst/backBuffer/U0/inst_fifo_gen/gaxis_fifo.gaxisf.axisf/grf.rf/rstblk/ngwrdrst.grst.g7serrst.gsckt_wrst.xpm_cdc_sync_rst_inst_wrst/dest_clk
    SLICE_X44Y212        FDRE                                         r  FSRCNN_CORE_i/FSRCNN_CORE/F_Layer_0/inst/backBuffer/U0/inst_fifo_gen/gaxis_fifo.gaxisf.axisf/grf.rf/rstblk/ngwrdrst.grst.g7serrst.gsckt_wrst.xpm_cdc_sync_rst_inst_wrst/syncstages_ff_reg[0]/C

Slack:                    inf
  Source:                 axi_reset_n_0
                            (input port)
  Destination:            FSRCNN_CORE_i/FSRCNN_CORE/Y_Converter_0/inst/out_buffer/U0/inst_fifo_gen/gaxis_fifo.gaxisf.axisf/grf.rf/rstblk/ngwrdrst.grst.g7serrst.gnsckt_wrst.rst_wr_reg2_inst/arststages_ff_reg[0]/PRE
                            (removal check against rising-edge clock ref_clk  {rise@0.000ns fall@1.666ns period=3.333ns})
  Path Group:             (none)
  Path Type:              Removal (Min at Fast Process Corner)
  Data Path Delay:        1.662ns  (logic 0.146ns (8.756%)  route 1.516ns (91.244%))
  Logic Levels:           2  (IBUFCTRL=1 INBUF=1)
  Clock Path Skew:        3.889ns (DCD - SCD - CPR)
    Destination Clock Delay (DCD):    3.889ns
    Source Clock Delay      (SCD):    0.000ns
    Clock Pessimism Removal (CPR):    -0.000ns
  Clock Net Delay (Destination): 1.709ns (routing 0.853ns, distribution 0.856ns)
  Timing Exception:       False Path

    Location             Delay type                Incr(ns)  Path(ns)    Netlist Resource(s)
  -------------------------------------------------------------------    -------------------
    U11                                               0.000     0.000 r  axi_reset_n_0 (IN)
                         net (fo=0)                   0.000     0.000    axi_reset_n_0_IBUF_inst/I
    U11                  INBUF (Prop_INBUF_HPIOB_M_PAD_O)
                                                      0.146     0.146 r  axi_reset_n_0_IBUF_inst/INBUF_INST/O
                         net (fo=1, routed)           0.000     0.146    axi_reset_n_0_IBUF_inst/OUT
    U11                  IBUFCTRL (Prop_IBUFCTRL_HPIOB_M_I_O)
                                                      0.000     0.146 r  axi_reset_n_0_IBUF_inst/IBUFCTRL_INST/O
                         net (fo=13870, routed)       1.516     1.662    FSRCNN_CORE_i/FSRCNN_CORE/Y_Converter_0/inst/out_buffer/U0/inst_fifo_gen/gaxis_fifo.gaxisf.axisf/grf.rf/rstblk/ngwrdrst.grst.g7serrst.gnsckt_wrst.rst_wr_reg2_inst/src_arst
    SLICE_X42Y165        FDPE                                         f  FSRCNN_CORE_i/FSRCNN_CORE/Y_Converter_0/inst/out_buffer/U0/inst_fifo_gen/gaxis_fifo.gaxisf.axisf/grf.rf/rstblk/ngwrdrst.grst.g7serrst.gnsckt_wrst.rst_wr_reg2_inst/arststages_ff_reg[0]/PRE  (IS_INVERTED)
  -------------------------------------------------------------------    -------------------

                         (clock ref_clk rise edge)    0.000     0.000 r  
    P10                                               0.000     0.000 r  axi_clk_0 (IN)
                         net (fo=0)                   0.000     0.000    axi_clk_0_IBUF_inst/I
    P10                  INBUF (Prop_INBUF_HPIOB_M_PAD_O)
                                                      0.365     0.365 r  axi_clk_0_IBUF_inst/INBUF_INST/O
                         net (fo=1, routed)           0.000     0.365    axi_clk_0_IBUF_inst/OUT
    P10                  IBUFCTRL (Prop_IBUFCTRL_HPIOB_M_I_O)
                                                      0.000     0.365 r  axi_clk_0_IBUF_inst/IBUFCTRL_INST/O
                         net (fo=1, routed)           1.795     2.160    axi_clk_0_IBUF
    BUFGCE_HDIO_X0Y8     BUFGCE (Prop_BUFCE_BUFGCE_HDIO_I_O)
                                                      0.019     2.179 r  axi_clk_0_IBUF_BUFG_inst/O
    X1Y3 (CLOCK_ROOT)    net (fo=39327, routed)       1.709     3.889    FSRCNN_CORE_i/FSRCNN_CORE/Y_Converter_0/inst/out_buffer/U0/inst_fifo_gen/gaxis_fifo.gaxisf.axisf/grf.rf/rstblk/ngwrdrst.grst.g7serrst.gnsckt_wrst.rst_wr_reg2_inst/dest_clk
    SLICE_X42Y165        FDPE                                         r  FSRCNN_CORE_i/FSRCNN_CORE/Y_Converter_0/inst/out_buffer/U0/inst_fifo_gen/gaxis_fifo.gaxisf.axisf/grf.rf/rstblk/ngwrdrst.grst.g7serrst.gnsckt_wrst.rst_wr_reg2_inst/arststages_ff_reg[0]/C

Slack:                    inf
  Source:                 axi_reset_n_0
                            (input port)
  Destination:            FSRCNN_CORE_i/FSRCNN_CORE/Y_Converter_0/inst/out_buffer/U0/inst_fifo_gen/gaxis_fifo.gaxisf.axisf/grf.rf/rstblk/ngwrdrst.grst.g7serrst.gnsckt_wrst.rst_wr_reg2_inst/arststages_ff_reg[1]/PRE
                            (removal check against rising-edge clock ref_clk  {rise@0.000ns fall@1.666ns period=3.333ns})
  Path Group:             (none)
  Path Type:              Removal (Min at Fast Process Corner)
  Data Path Delay:        1.662ns  (logic 0.146ns (8.756%)  route 1.516ns (91.244%))
  Logic Levels:           2  (IBUFCTRL=1 INBUF=1)
  Clock Path Skew:        3.889ns (DCD - SCD - CPR)
    Destination Clock Delay (DCD):    3.889ns
    Source Clock Delay      (SCD):    0.000ns
    Clock Pessimism Removal (CPR):    -0.000ns
  Clock Net Delay (Destination): 1.709ns (routing 0.853ns, distribution 0.856ns)
  Timing Exception:       False Path

    Location             Delay type                Incr(ns)  Path(ns)    Netlist Resource(s)
  -------------------------------------------------------------------    -------------------
    U11                                               0.000     0.000 r  axi_reset_n_0 (IN)
                         net (fo=0)                   0.000     0.000    axi_reset_n_0_IBUF_inst/I
    U11                  INBUF (Prop_INBUF_HPIOB_M_PAD_O)
                                                      0.146     0.146 r  axi_reset_n_0_IBUF_inst/INBUF_INST/O
                         net (fo=1, routed)           0.000     0.146    axi_reset_n_0_IBUF_inst/OUT
    U11                  IBUFCTRL (Prop_IBUFCTRL_HPIOB_M_I_O)
                                                      0.000     0.146 r  axi_reset_n_0_IBUF_inst/IBUFCTRL_INST/O
                         net (fo=13870, routed)       1.516     1.662    FSRCNN_CORE_i/FSRCNN_CORE/Y_Converter_0/inst/out_buffer/U0/inst_fifo_gen/gaxis_fifo.gaxisf.axisf/grf.rf/rstblk/ngwrdrst.grst.g7serrst.gnsckt_wrst.rst_wr_reg2_inst/src_arst
    SLICE_X42Y165        FDPE                                         f  FSRCNN_CORE_i/FSRCNN_CORE/Y_Converter_0/inst/out_buffer/U0/inst_fifo_gen/gaxis_fifo.gaxisf.axisf/grf.rf/rstblk/ngwrdrst.grst.g7serrst.gnsckt_wrst.rst_wr_reg2_inst/arststages_ff_reg[1]/PRE  (IS_INVERTED)
  -------------------------------------------------------------------    -------------------

                         (clock ref_clk rise edge)    0.000     0.000 r  
    P10                                               0.000     0.000 r  axi_clk_0 (IN)
                         net (fo=0)                   0.000     0.000    axi_clk_0_IBUF_inst/I
    P10                  INBUF (Prop_INBUF_HPIOB_M_PAD_O)
                                                      0.365     0.365 r  axi_clk_0_IBUF_inst/INBUF_INST/O
                         net (fo=1, routed)           0.000     0.365    axi_clk_0_IBUF_inst/OUT
    P10                  IBUFCTRL (Prop_IBUFCTRL_HPIOB_M_I_O)
                                                      0.000     0.365 r  axi_clk_0_IBUF_inst/IBUFCTRL_INST/O
                         net (fo=1, routed)           1.795     2.160    axi_clk_0_IBUF
    BUFGCE_HDIO_X0Y8     BUFGCE (Prop_BUFCE_BUFGCE_HDIO_I_O)
                                                      0.019     2.179 r  axi_clk_0_IBUF_BUFG_inst/O
    X1Y3 (CLOCK_ROOT)    net (fo=39327, routed)       1.709     3.889    FSRCNN_CORE_i/FSRCNN_CORE/Y_Converter_0/inst/out_buffer/U0/inst_fifo_gen/gaxis_fifo.gaxisf.axisf/grf.rf/rstblk/ngwrdrst.grst.g7serrst.gnsckt_wrst.rst_wr_reg2_inst/dest_clk
    SLICE_X42Y165        FDPE                                         r  FSRCNN_CORE_i/FSRCNN_CORE/Y_Converter_0/inst/out_buffer/U0/inst_fifo_gen/gaxis_fifo.gaxisf.axisf/grf.rf/rstblk/ngwrdrst.grst.g7serrst.gnsckt_wrst.rst_wr_reg2_inst/arststages_ff_reg[1]/C

Slack:                    inf
  Source:                 axi_reset_n_0
                            (input port)
  Destination:            FSRCNN_CORE_i/FSRCNN_CORE/M_Layer_0/inst/core_layer1/backBuffer/U0/inst_fifo_gen/gaxis_fifo.gaxisf.axisf/grf.rf/rstblk/ngwrdrst.grst.g7serrst.gsckt_wrst.xpm_cdc_sync_rst_inst_wrst/syncstages_ff_reg[0]/D
                            (rising edge-triggered cell FDRE clocked by ref_clk  {rise@0.000ns fall@1.666ns period=3.333ns})
  Path Group:             (none)
  Path Type:              Hold (Min at Fast Process Corner)
  Data Path Delay:        1.815ns  (logic 0.186ns (10.220%)  route 1.630ns (89.780%))
  Logic Levels:           3  (IBUFCTRL=1 INBUF=1 LUT1=1)
  Clock Path Skew:        3.953ns (DCD - SCD - CPR)
    Destination Clock Delay (DCD):    3.953ns
    Source Clock Delay      (SCD):    0.000ns
    Clock Pessimism Removal (CPR):    -0.000ns
  Clock Net Delay (Destination): 1.773ns (routing 0.853ns, distribution 0.920ns)
  Timing Exception:       False Path

    Location             Delay type                Incr(ns)  Path(ns)    Netlist Resource(s)
  -------------------------------------------------------------------    -------------------
    U11                                               0.000     0.000 f  axi_reset_n_0 (IN)
                         net (fo=0)                   0.000     0.000    axi_reset_n_0_IBUF_inst/I
    U11                  INBUF (Prop_INBUF_HPIOB_M_PAD_O)
                                                      0.146     0.146 f  axi_reset_n_0_IBUF_inst/INBUF_INST/O
                         net (fo=1, routed)           0.000     0.146    axi_reset_n_0_IBUF_inst/OUT
    U11                  IBUFCTRL (Prop_IBUFCTRL_HPIOB_M_I_O)
                                                      0.000     0.146 f  axi_reset_n_0_IBUF_inst/IBUFCTRL_INST/O
                         net (fo=13870, routed)       1.485     1.630    FSRCNN_CORE_i/FSRCNN_CORE/M_Layer_0/inst/core_layer1/backBuffer/U0/inst_fifo_gen/gaxis_fifo.gaxisf.axisf/grf.rf/rstblk/s_aresetn
    SLICE_X62Y118        LUT1 (Prop_G6LUT_SLICEM_I0_O)
                                                      0.040     1.670 r  FSRCNN_CORE_i/FSRCNN_CORE/M_Layer_0/inst/core_layer1/backBuffer/U0/inst_fifo_gen/gaxis_fifo.gaxisf.axisf/grf.rf/rstblk/ngwrdrst.grst.g7serrst.gsckt_wrst.xpm_cdc_sync_rst_inst_wrst_i_1/O
                         net (fo=1, routed)           0.145     1.815    FSRCNN_CORE_i/FSRCNN_CORE/M_Layer_0/inst/core_layer1/backBuffer/U0/inst_fifo_gen/gaxis_fifo.gaxisf.axisf/grf.rf/rstblk/ngwrdrst.grst.g7serrst.gsckt_wrst.xpm_cdc_sync_rst_inst_wrst/src_rst
    SLICE_X62Y118        FDRE                                         r  FSRCNN_CORE_i/FSRCNN_CORE/M_Layer_0/inst/core_layer1/backBuffer/U0/inst_fifo_gen/gaxis_fifo.gaxisf.axisf/grf.rf/rstblk/ngwrdrst.grst.g7serrst.gsckt_wrst.xpm_cdc_sync_rst_inst_wrst/syncstages_ff_reg[0]/D
  -------------------------------------------------------------------    -------------------

                         (clock ref_clk rise edge)    0.000     0.000 r  
    P10                                               0.000     0.000 r  axi_clk_0 (IN)
                         net (fo=0)                   0.000     0.000    axi_clk_0_IBUF_inst/I
    P10                  INBUF (Prop_INBUF_HPIOB_M_PAD_O)
                                                      0.365     0.365 r  axi_clk_0_IBUF_inst/INBUF_INST/O
                         net (fo=1, routed)           0.000     0.365    axi_clk_0_IBUF_inst/OUT
    P10                  IBUFCTRL (Prop_IBUFCTRL_HPIOB_M_I_O)
                                                      0.000     0.365 r  axi_clk_0_IBUF_inst/IBUFCTRL_INST/O
                         net (fo=1, routed)           1.795     2.160    axi_clk_0_IBUF
    BUFGCE_HDIO_X0Y8     BUFGCE (Prop_BUFCE_BUFGCE_HDIO_I_O)
                                                      0.019     2.179 r  axi_clk_0_IBUF_BUFG_inst/O
    X1Y3 (CLOCK_ROOT)    net (fo=39327, routed)       1.773     3.953    FSRCNN_CORE_i/FSRCNN_CORE/M_Layer_0/inst/core_layer1/backBuffer/U0/inst_fifo_gen/gaxis_fifo.gaxisf.axisf/grf.rf/rstblk/ngwrdrst.grst.g7serrst.gsckt_wrst.xpm_cdc_sync_rst_inst_wrst/dest_clk
    SLICE_X62Y118        FDRE                                         r  FSRCNN_CORE_i/FSRCNN_CORE/M_Layer_0/inst/core_layer1/backBuffer/U0/inst_fifo_gen/gaxis_fifo.gaxisf.axisf/grf.rf/rstblk/ngwrdrst.grst.g7serrst.gsckt_wrst.xpm_cdc_sync_rst_inst_wrst/syncstages_ff_reg[0]/C

Slack:                    inf
  Source:                 axi_reset_n_0
                            (input port)
  Destination:            FSRCNN_CORE_i/FSRCNN_CORE/M_Layer_0/inst/core_layer2/backBuffer/U0/inst_fifo_gen/gaxis_fifo.gaxisf.axisf/grf.rf/rstblk/ngwrdrst.grst.g7serrst.gsckt_wrst.xpm_cdc_sync_rst_inst_wrst/syncstages_ff_reg[0]/D
                            (rising edge-triggered cell FDRE clocked by ref_clk  {rise@0.000ns fall@1.666ns period=3.333ns})
  Path Group:             (none)
  Path Type:              Hold (Min at Fast Process Corner)
  Data Path Delay:        1.962ns  (logic 0.169ns (8.587%)  route 1.794ns (91.413%))
  Logic Levels:           3  (IBUFCTRL=1 INBUF=1 LUT1=1)
  Clock Path Skew:        3.920ns (DCD - SCD - CPR)
    Destination Clock Delay (DCD):    3.920ns
    Source Clock Delay      (SCD):    0.000ns
    Clock Pessimism Removal (CPR):    -0.000ns
  Clock Net Delay (Destination): 1.740ns (routing 0.853ns, distribution 0.887ns)
  Timing Exception:       False Path

    Location             Delay type                Incr(ns)  Path(ns)    Netlist Resource(s)
  -------------------------------------------------------------------    -------------------
    U11                                               0.000     0.000 f  axi_reset_n_0 (IN)
                         net (fo=0)                   0.000     0.000    axi_reset_n_0_IBUF_inst/I
    U11                  INBUF (Prop_INBUF_HPIOB_M_PAD_O)
                                                      0.146     0.146 f  axi_reset_n_0_IBUF_inst/INBUF_INST/O
                         net (fo=1, routed)           0.000     0.146    axi_reset_n_0_IBUF_inst/OUT
    U11                  IBUFCTRL (Prop_IBUFCTRL_HPIOB_M_I_O)
                                                      0.000     0.146 f  axi_reset_n_0_IBUF_inst/IBUFCTRL_INST/O
                         net (fo=13870, routed)       1.734     1.879    FSRCNN_CORE_i/FSRCNN_CORE/M_Layer_0/inst/core_layer2/backBuffer/U0/inst_fifo_gen/gaxis_fifo.gaxisf.axisf/grf.rf/rstblk/s_aresetn
    SLICE_X39Y66         LUT1 (Prop_H6LUT_SLICEL_I0_O)
                                                      0.023     1.902 r  FSRCNN_CORE_i/FSRCNN_CORE/M_Layer_0/inst/core_layer2/backBuffer/U0/inst_fifo_gen/gaxis_fifo.gaxisf.axisf/grf.rf/rstblk/ngwrdrst.grst.g7serrst.gsckt_wrst.xpm_cdc_sync_rst_inst_wrst_i_1/O
                         net (fo=1, routed)           0.060     1.962    FSRCNN_CORE_i/FSRCNN_CORE/M_Layer_0/inst/core_layer2/backBuffer/U0/inst_fifo_gen/gaxis_fifo.gaxisf.axisf/grf.rf/rstblk/ngwrdrst.grst.g7serrst.gsckt_wrst.xpm_cdc_sync_rst_inst_wrst/src_rst
    SLICE_X40Y66         FDRE                                         r  FSRCNN_CORE_i/FSRCNN_CORE/M_Layer_0/inst/core_layer2/backBuffer/U0/inst_fifo_gen/gaxis_fifo.gaxisf.axisf/grf.rf/rstblk/ngwrdrst.grst.g7serrst.gsckt_wrst.xpm_cdc_sync_rst_inst_wrst/syncstages_ff_reg[0]/D
  -------------------------------------------------------------------    -------------------

                         (clock ref_clk rise edge)    0.000     0.000 r  
    P10                                               0.000     0.000 r  axi_clk_0 (IN)
                         net (fo=0)                   0.000     0.000    axi_clk_0_IBUF_inst/I
    P10                  INBUF (Prop_INBUF_HPIOB_M_PAD_O)
                                                      0.365     0.365 r  axi_clk_0_IBUF_inst/INBUF_INST/O
                         net (fo=1, routed)           0.000     0.365    axi_clk_0_IBUF_inst/OUT
    P10                  IBUFCTRL (Prop_IBUFCTRL_HPIOB_M_I_O)
                                                      0.000     0.365 r  axi_clk_0_IBUF_inst/IBUFCTRL_INST/O
                         net (fo=1, routed)           1.795     2.160    axi_clk_0_IBUF
    BUFGCE_HDIO_X0Y8     BUFGCE (Prop_BUFCE_BUFGCE_HDIO_I_O)
                                                      0.019     2.179 r  axi_clk_0_IBUF_BUFG_inst/O
    X1Y3 (CLOCK_ROOT)    net (fo=39327, routed)       1.740     3.920    FSRCNN_CORE_i/FSRCNN_CORE/M_Layer_0/inst/core_layer2/backBuffer/U0/inst_fifo_gen/gaxis_fifo.gaxisf.axisf/grf.rf/rstblk/ngwrdrst.grst.g7serrst.gsckt_wrst.xpm_cdc_sync_rst_inst_wrst/dest_clk
    SLICE_X40Y66         FDRE                                         r  FSRCNN_CORE_i/FSRCNN_CORE/M_Layer_0/inst/core_layer2/backBuffer/U0/inst_fifo_gen/gaxis_fifo.gaxisf.axisf/grf.rf/rstblk/ngwrdrst.grst.g7serrst.gsckt_wrst.xpm_cdc_sync_rst_inst_wrst/syncstages_ff_reg[0]/C

Slack:                    inf
  Source:                 axi_reset_n_0
                            (input port)
  Destination:            FSRCNN_CORE_i/FSRCNN_CORE/E_Layer_0/inst/out_buffer/U0/inst_fifo_gen/gaxis_fifo.gaxisf.axisf/grf.rf/rstblk/ngwrdrst.grst.g7serrst.gsckt_wrst.xpm_cdc_sync_rst_inst_wrst/syncstages_ff_reg[0]/D
                            (rising edge-triggered cell FDRE clocked by ref_clk  {rise@0.000ns fall@1.666ns period=3.333ns})
  Path Group:             (none)
  Path Type:              Hold (Min at Fast Process Corner)
  Data Path Delay:        2.184ns  (logic 0.207ns (9.454%)  route 1.978ns (90.546%))
  Logic Levels:           3  (IBUFCTRL=1 INBUF=1 LUT1=1)
  Clock Path Skew:        3.929ns (DCD - SCD - CPR)
    Destination Clock Delay (DCD):    3.929ns
    Source Clock Delay      (SCD):    0.000ns
    Clock Pessimism Removal (CPR):    -0.000ns
  Clock Net Delay (Destination): 1.749ns (routing 0.853ns, distribution 0.896ns)
  Timing Exception:       False Path

    Location             Delay type                Incr(ns)  Path(ns)    Netlist Resource(s)
  -------------------------------------------------------------------    -------------------
    U11                                               0.000     0.000 f  axi_reset_n_0 (IN)
                         net (fo=0)                   0.000     0.000    axi_reset_n_0_IBUF_inst/I
    U11                  INBUF (Prop_INBUF_HPIOB_M_PAD_O)
                                                      0.146     0.146 f  axi_reset_n_0_IBUF_inst/INBUF_INST/O
                         net (fo=1, routed)           0.000     0.146    axi_reset_n_0_IBUF_inst/OUT
    U11                  IBUFCTRL (Prop_IBUFCTRL_HPIOB_M_I_O)
                                                      0.000     0.146 f  axi_reset_n_0_IBUF_inst/IBUFCTRL_INST/O
                         net (fo=13870, routed)       1.958     2.103    FSRCNN_CORE_i/FSRCNN_CORE/E_Layer_0/inst/out_buffer/U0/inst_fifo_gen/gaxis_fifo.gaxisf.axisf/grf.rf/rstblk/s_aresetn
    SLICE_X41Y338        LUT1 (Prop_H6LUT_SLICEM_I0_O)
                                                      0.061     2.164 r  FSRCNN_CORE_i/FSRCNN_CORE/E_Layer_0/inst/out_buffer/U0/inst_fifo_gen/gaxis_fifo.gaxisf.axisf/grf.rf/rstblk/ngwrdrst.grst.g7serrst.gsckt_wrst.xpm_cdc_sync_rst_inst_wrst_i_1/O
                         net (fo=1, routed)           0.020     2.184    FSRCNN_CORE_i/FSRCNN_CORE/E_Layer_0/inst/out_buffer/U0/inst_fifo_gen/gaxis_fifo.gaxisf.axisf/grf.rf/rstblk/ngwrdrst.grst.g7serrst.gsckt_wrst.xpm_cdc_sync_rst_inst_wrst/src_rst
    SLICE_X41Y338        FDRE                                         r  FSRCNN_CORE_i/FSRCNN_CORE/E_Layer_0/inst/out_buffer/U0/inst_fifo_gen/gaxis_fifo.gaxisf.axisf/grf.rf/rstblk/ngwrdrst.grst.g7serrst.gsckt_wrst.xpm_cdc_sync_rst_inst_wrst/syncstages_ff_reg[0]/D
  -------------------------------------------------------------------    -------------------

                         (clock ref_clk rise edge)    0.000     0.000 r  
    P10                                               0.000     0.000 r  axi_clk_0 (IN)
                         net (fo=0)                   0.000     0.000    axi_clk_0_IBUF_inst/I
    P10                  INBUF (Prop_INBUF_HPIOB_M_PAD_O)
                                                      0.365     0.365 r  axi_clk_0_IBUF_inst/INBUF_INST/O
                         net (fo=1, routed)           0.000     0.365    axi_clk_0_IBUF_inst/OUT
    P10                  IBUFCTRL (Prop_IBUFCTRL_HPIOB_M_I_O)
                                                      0.000     0.365 r  axi_clk_0_IBUF_inst/IBUFCTRL_INST/O
                         net (fo=1, routed)           1.795     2.160    axi_clk_0_IBUF
    BUFGCE_HDIO_X0Y8     BUFGCE (Prop_BUFCE_BUFGCE_HDIO_I_O)
                                                      0.019     2.179 r  axi_clk_0_IBUF_BUFG_inst/O
    X1Y3 (CLOCK_ROOT)    net (fo=39327, routed)       1.749     3.929    FSRCNN_CORE_i/FSRCNN_CORE/E_Layer_0/inst/out_buffer/U0/inst_fifo_gen/gaxis_fifo.gaxisf.axisf/grf.rf/rstblk/ngwrdrst.grst.g7serrst.gsckt_wrst.xpm_cdc_sync_rst_inst_wrst/dest_clk
    SLICE_X41Y338        FDRE                                         r  FSRCNN_CORE_i/FSRCNN_CORE/E_Layer_0/inst/out_buffer/U0/inst_fifo_gen/gaxis_fifo.gaxisf.axisf/grf.rf/rstblk/ngwrdrst.grst.g7serrst.gsckt_wrst.xpm_cdc_sync_rst_inst_wrst/syncstages_ff_reg[0]/C

Slack:                    inf
  Source:                 axi_reset_n_0
                            (input port)
  Destination:            FSRCNN_CORE_i/FSRCNN_CORE/M_Layer_0/inst/core_layer4/backBuffer/U0/inst_fifo_gen/gaxis_fifo.gaxisf.axisf/grf.rf/rstblk/ngwrdrst.grst.g7serrst.gsckt_wrst.xpm_cdc_sync_rst_inst_wrst/syncstages_ff_reg[0]/D
                            (rising edge-triggered cell FDRE clocked by ref_clk  {rise@0.000ns fall@1.666ns period=3.333ns})
  Path Group:             (none)
  Path Type:              Hold (Min at Fast Process Corner)
  Data Path Delay:        2.296ns  (logic 0.168ns (7.297%)  route 2.128ns (92.703%))
  Logic Levels:           3  (IBUFCTRL=1 INBUF=1 LUT1=1)
  Clock Path Skew:        3.972ns (DCD - SCD - CPR)
    Destination Clock Delay (DCD):    3.972ns
    Source Clock Delay      (SCD):    0.000ns
    Clock Pessimism Removal (CPR):    -0.000ns
  Clock Net Delay (Destination): 1.792ns (routing 0.853ns, distribution 0.939ns)
  Timing Exception:       False Path

    Location             Delay type                Incr(ns)  Path(ns)    Netlist Resource(s)
  -------------------------------------------------------------------    -------------------
    U11                                               0.000     0.000 f  axi_reset_n_0 (IN)
                         net (fo=0)                   0.000     0.000    axi_reset_n_0_IBUF_inst/I
    U11                  INBUF (Prop_INBUF_HPIOB_M_PAD_O)
                                                      0.146     0.146 f  axi_reset_n_0_IBUF_inst/INBUF_INST/O
                         net (fo=1, routed)           0.000     0.146    axi_reset_n_0_IBUF_inst/OUT
    U11                  IBUFCTRL (Prop_IBUFCTRL_HPIOB_M_I_O)
                                                      0.000     0.146 f  axi_reset_n_0_IBUF_inst/IBUFCTRL_INST/O
                         net (fo=13870, routed)       2.017     2.163    FSRCNN_CORE_i/FSRCNN_CORE/M_Layer_0/inst/core_layer4/backBuffer/U0/inst_fifo_gen/gaxis_fifo.gaxisf.axisf/grf.rf/rstblk/s_aresetn
    SLICE_X25Y292        LUT1 (Prop_G6LUT_SLICEM_I0_O)
                                                      0.022     2.185 r  FSRCNN_CORE_i/FSRCNN_CORE/M_Layer_0/inst/core_layer4/backBuffer/U0/inst_fifo_gen/gaxis_fifo.gaxisf.axisf/grf.rf/rstblk/ngwrdrst.grst.g7serrst.gsckt_wrst.xpm_cdc_sync_rst_inst_wrst_i_1/O
                         net (fo=1, routed)           0.111     2.296    FSRCNN_CORE_i/FSRCNN_CORE/M_Layer_0/inst/core_layer4/backBuffer/U0/inst_fifo_gen/gaxis_fifo.gaxisf.axisf/grf.rf/rstblk/ngwrdrst.grst.g7serrst.gsckt_wrst.xpm_cdc_sync_rst_inst_wrst/src_rst
    SLICE_X25Y292        FDRE                                         r  FSRCNN_CORE_i/FSRCNN_CORE/M_Layer_0/inst/core_layer4/backBuffer/U0/inst_fifo_gen/gaxis_fifo.gaxisf.axisf/grf.rf/rstblk/ngwrdrst.grst.g7serrst.gsckt_wrst.xpm_cdc_sync_rst_inst_wrst/syncstages_ff_reg[0]/D
  -------------------------------------------------------------------    -------------------

                         (clock ref_clk rise edge)    0.000     0.000 r  
    P10                                               0.000     0.000 r  axi_clk_0 (IN)
                         net (fo=0)                   0.000     0.000    axi_clk_0_IBUF_inst/I
    P10                  INBUF (Prop_INBUF_HPIOB_M_PAD_O)
                                                      0.365     0.365 r  axi_clk_0_IBUF_inst/INBUF_INST/O
                         net (fo=1, routed)           0.000     0.365    axi_clk_0_IBUF_inst/OUT
    P10                  IBUFCTRL (Prop_IBUFCTRL_HPIOB_M_I_O)
                                                      0.000     0.365 r  axi_clk_0_IBUF_inst/IBUFCTRL_INST/O
                         net (fo=1, routed)           1.795     2.160    axi_clk_0_IBUF
    BUFGCE_HDIO_X0Y8     BUFGCE (Prop_BUFCE_BUFGCE_HDIO_I_O)
                                                      0.019     2.179 r  axi_clk_0_IBUF_BUFG_inst/O
    X1Y3 (CLOCK_ROOT)    net (fo=39327, routed)       1.792     3.972    FSRCNN_CORE_i/FSRCNN_CORE/M_Layer_0/inst/core_layer4/backBuffer/U0/inst_fifo_gen/gaxis_fifo.gaxisf.axisf/grf.rf/rstblk/ngwrdrst.grst.g7serrst.gsckt_wrst.xpm_cdc_sync_rst_inst_wrst/dest_clk
    SLICE_X25Y292        FDRE                                         r  FSRCNN_CORE_i/FSRCNN_CORE/M_Layer_0/inst/core_layer4/backBuffer/U0/inst_fifo_gen/gaxis_fifo.gaxisf.axisf/grf.rf/rstblk/ngwrdrst.grst.g7serrst.gsckt_wrst.xpm_cdc_sync_rst_inst_wrst/syncstages_ff_reg[0]/C





--------------------------------------------------------------------------------------
Path Group:  (none)
From Clock:  ref_clk
  To Clock:  

Max Delay            11 Endpoints
Min Delay            11 Endpoints
--------------------------------------------------------------------------------------


Max Delay Paths
--------------------------------------------------------------------------------------
Slack:                    inf
  Source:                 FSRCNN_CORE_i/FSRCNN_CORE/D_top_0/inst/fifo_x_cnt_reg[3]/C
                            (rising edge-triggered cell FDCE clocked by ref_clk  {rise@0.000ns fall@1.666ns period=3.333ns})
  Destination:            EOF_0
                            (output port)
  Path Group:             (none)
  Path Type:              Max at Slow Process Corner
  Data Path Delay:        5.014ns  (logic 1.259ns (25.112%)  route 3.755ns (74.888%))
  Logic Levels:           4  (LUT4=1 LUT5=1 LUT6=1 OBUF=1)
  Clock Uncertainty:      0.025ns  ((TSJ^2 + TIJ^2)^1/2 + DJ) / 2 + PE
    Total System Jitter     (TSJ):    0.050ns
    Total Input Jitter      (TIJ):    0.000ns
    Discrete Jitter          (DJ):    0.000ns
    Phase Error              (PE):    0.000ns
  Clock Net Delay (Source):      2.812ns (routing 1.388ns, distribution 1.424ns)

    Location             Delay type                Incr(ns)  Path(ns)    Netlist Resource(s)
  -------------------------------------------------------------------    -------------------
                         (clock ref_clk rise edge)    0.000     0.000 r  
    P10                                               0.000     0.000 r  axi_clk_0 (IN)
                         net (fo=0)                   0.000     0.000    axi_clk_0_IBUF_inst/I
    P10                  INBUF (Prop_INBUF_HPIOB_M_PAD_O)
                                                      0.545     0.545 r  axi_clk_0_IBUF_inst/INBUF_INST/O
                         net (fo=1, routed)           0.000     0.545    axi_clk_0_IBUF_inst/OUT
    P10                  IBUFCTRL (Prop_IBUFCTRL_HPIOB_M_I_O)
                                                      0.000     0.545 r  axi_clk_0_IBUF_inst/IBUFCTRL_INST/O
                         net (fo=1, routed)           2.747     3.292    axi_clk_0_IBUF
    BUFGCE_HDIO_X0Y8     BUFGCE (Prop_BUFCE_BUFGCE_HDIO_I_O)
                                                      0.028     3.320 r  axi_clk_0_IBUF_BUFG_inst/O
    X1Y3 (CLOCK_ROOT)    net (fo=39327, routed)       2.812     6.132    FSRCNN_CORE_i/FSRCNN_CORE/D_top_0/inst/axi_clk
    SLICE_X48Y385        FDCE                                         r  FSRCNN_CORE_i/FSRCNN_CORE/D_top_0/inst/fifo_x_cnt_reg[3]/C
  -------------------------------------------------------------------    -------------------
    SLICE_X48Y385        FDCE (Prop_CFF_SLICEL_C_Q)
                                                      0.079     6.211 r  FSRCNN_CORE_i/FSRCNN_CORE/D_top_0/inst/fifo_x_cnt_reg[3]/Q
                         net (fo=5, routed)           0.334     6.546    FSRCNN_CORE_i/FSRCNN_CORE/D_top_0/inst/fifo_x_cnt_reg_n_0_[3]
    SLICE_X49Y385        LUT4 (Prop_D5LUT_SLICEM_I0_O)
                                                      0.066     6.612 f  FSRCNN_CORE_i/FSRCNN_CORE/D_top_0/inst/EOL_INST_0_i_2/O
                         net (fo=2, routed)           0.182     6.794    FSRCNN_CORE_i/FSRCNN_CORE/D_top_0/inst/EOL_INST_0_i_2_n_0
    SLICE_X48Y386        LUT5 (Prop_A6LUT_SLICEL_I4_O)
                                                      0.098     6.892 r  FSRCNN_CORE_i/FSRCNN_CORE/D_top_0/inst/EOL_INST_0_i_1/O
                         net (fo=4, routed)           0.105     6.996    FSRCNN_CORE_i/FSRCNN_CORE/D_top_0/inst/EOL_INST_0_i_1_n_0
    SLICE_X48Y386        LUT6 (Prop_G6LUT_SLICEL_I2_O)
                                                      0.097     7.093 r  FSRCNN_CORE_i/FSRCNN_CORE/D_top_0/inst/EOF_INST_0/O
                         net (fo=1, routed)           3.134    10.227    EOF_0_OBUF
    M15                  OBUF (Prop_OUTBUF_HPIOB_M_I_O)
                                                      0.919    11.147 r  EOF_0_OBUF_inst/O
                         net (fo=0)                   0.000    11.147    EOF_0
    M15                                                               r  EOF_0 (OUT)
  -------------------------------------------------------------------    -------------------

Slack:                    inf
  Source:                 FSRCNN_CORE_i/FSRCNN_CORE/D_top_0/inst/inst_FIFO/U0/inst_fifo_gen/gconvfifo.rf/grf.rf/gntv_or_sync_fifo.mem/gbm.gbmg.gbmgb.ngecc.bmg/inst_blk_mem_gen/gnbram.gnativebmg.native_blk_mem_gen/valid.cstr/ramloop[0].ram.r/prim_noinit.ram/DEVICE_8SERIES.NO_BMM_INFO.SDP.SIMPLE_PRIM18.ram/CLKBWRCLK
                            (rising edge-triggered cell RAMB18E2 clocked by ref_clk  {rise@0.000ns fall@1.666ns period=3.333ns})
  Destination:            m_axis_0_tdata[4]
                            (output port)
  Path Group:             (none)
  Path Type:              Max at Slow Process Corner
  Data Path Delay:        4.444ns  (logic 1.120ns (25.208%)  route 3.324ns (74.792%))
  Logic Levels:           1  (OBUF=1)
  Clock Uncertainty:      0.025ns  ((TSJ^2 + TIJ^2)^1/2 + DJ) / 2 + PE
    Total System Jitter     (TSJ):    0.050ns
    Total Input Jitter      (TIJ):    0.000ns
    Discrete Jitter          (DJ):    0.000ns
    Phase Error              (PE):    0.000ns
  Clock Net Delay (Source):      2.989ns (routing 1.388ns, distribution 1.601ns)

    Location             Delay type                Incr(ns)  Path(ns)    Netlist Resource(s)
  -------------------------------------------------------------------    -------------------
                         (clock ref_clk rise edge)    0.000     0.000 r  
    P10                                               0.000     0.000 r  axi_clk_0 (IN)
                         net (fo=0)                   0.000     0.000    axi_clk_0_IBUF_inst/I
    P10                  INBUF (Prop_INBUF_HPIOB_M_PAD_O)
                                                      0.545     0.545 r  axi_clk_0_IBUF_inst/INBUF_INST/O
                         net (fo=1, routed)           0.000     0.545    axi_clk_0_IBUF_inst/OUT
    P10                  IBUFCTRL (Prop_IBUFCTRL_HPIOB_M_I_O)
                                                      0.000     0.545 r  axi_clk_0_IBUF_inst/IBUFCTRL_INST/O
                         net (fo=1, routed)           2.747     3.292    axi_clk_0_IBUF
    BUFGCE_HDIO_X0Y8     BUFGCE (Prop_BUFCE_BUFGCE_HDIO_I_O)
                                                      0.028     3.320 r  axi_clk_0_IBUF_BUFG_inst/O
    X1Y3 (CLOCK_ROOT)    net (fo=39327, routed)       2.989     6.309    FSRCNN_CORE_i/FSRCNN_CORE/D_top_0/inst/inst_FIFO/U0/inst_fifo_gen/gconvfifo.rf/grf.rf/gntv_or_sync_fifo.mem/gbm.gbmg.gbmgb.ngecc.bmg/inst_blk_mem_gen/gnbram.gnativebmg.native_blk_mem_gen/valid.cstr/ramloop[0].ram.r/prim_noinit.ram/clk
    RAMB18_X5Y154        RAMB18E2                                     r  FSRCNN_CORE_i/FSRCNN_CORE/D_top_0/inst/inst_FIFO/U0/inst_fifo_gen/gconvfifo.rf/grf.rf/gntv_or_sync_fifo.mem/gbm.gbmg.gbmgb.ngecc.bmg/inst_blk_mem_gen/gnbram.gnativebmg.native_blk_mem_gen/valid.cstr/ramloop[0].ram.r/prim_noinit.ram/DEVICE_8SERIES.NO_BMM_INFO.SDP.SIMPLE_PRIM18.ram/CLKBWRCLK
  -------------------------------------------------------------------    -------------------
    RAMB18_X5Y154        RAMB18E2 (Prop_RAMB18E2_L_RAMB180_CLKBWRCLK_DOUTBDOUT[8])
                                                      0.229     6.538 r  FSRCNN_CORE_i/FSRCNN_CORE/D_top_0/inst/inst_FIFO/U0/inst_fifo_gen/gconvfifo.rf/grf.rf/gntv_or_sync_fifo.mem/gbm.gbmg.gbmgb.ngecc.bmg/inst_blk_mem_gen/gnbram.gnativebmg.native_blk_mem_gen/valid.cstr/ramloop[0].ram.r/prim_noinit.ram/DEVICE_8SERIES.NO_BMM_INFO.SDP.SIMPLE_PRIM18.ram/DOUTBDOUT[8]
                         net (fo=1, routed)           3.324     9.862    m_axis_0_tdata_OBUF[4]
    N13                  OBUF (Prop_OUTBUF_HPIOB_M_I_O)
                                                      0.891    10.754 r  m_axis_0_tdata_OBUF[4]_inst/O
                         net (fo=0)                   0.000    10.754    m_axis_0_tdata[4]
    N13                                                               r  m_axis_0_tdata[4] (OUT)
  -------------------------------------------------------------------    -------------------

Slack:                    inf
  Source:                 FSRCNN_CORE_i/FSRCNN_CORE/D_top_0/inst/inst_FIFO/U0/inst_fifo_gen/gconvfifo.rf/grf.rf/gntv_or_sync_fifo.mem/gbm.gbmg.gbmgb.ngecc.bmg/inst_blk_mem_gen/gnbram.gnativebmg.native_blk_mem_gen/valid.cstr/ramloop[0].ram.r/prim_noinit.ram/DEVICE_8SERIES.NO_BMM_INFO.SDP.SIMPLE_PRIM18.ram/CLKBWRCLK
                            (rising edge-triggered cell RAMB18E2 clocked by ref_clk  {rise@0.000ns fall@1.666ns period=3.333ns})
  Destination:            m_axis_0_tdata[2]
                            (output port)
  Path Group:             (none)
  Path Type:              Max at Slow Process Corner
  Data Path Delay:        4.438ns  (logic 1.119ns (25.209%)  route 3.319ns (74.791%))
  Logic Levels:           1  (OBUF=1)
  Clock Uncertainty:      0.025ns  ((TSJ^2 + TIJ^2)^1/2 + DJ) / 2 + PE
    Total System Jitter     (TSJ):    0.050ns
    Total Input Jitter      (TIJ):    0.000ns
    Discrete Jitter          (DJ):    0.000ns
    Phase Error              (PE):    0.000ns
  Clock Net Delay (Source):      2.989ns (routing 1.388ns, distribution 1.601ns)

    Location             Delay type                Incr(ns)  Path(ns)    Netlist Resource(s)
  -------------------------------------------------------------------    -------------------
                         (clock ref_clk rise edge)    0.000     0.000 r  
    P10                                               0.000     0.000 r  axi_clk_0 (IN)
                         net (fo=0)                   0.000     0.000    axi_clk_0_IBUF_inst/I
    P10                  INBUF (Prop_INBUF_HPIOB_M_PAD_O)
                                                      0.545     0.545 r  axi_clk_0_IBUF_inst/INBUF_INST/O
                         net (fo=1, routed)           0.000     0.545    axi_clk_0_IBUF_inst/OUT
    P10                  IBUFCTRL (Prop_IBUFCTRL_HPIOB_M_I_O)
                                                      0.000     0.545 r  axi_clk_0_IBUF_inst/IBUFCTRL_INST/O
                         net (fo=1, routed)           2.747     3.292    axi_clk_0_IBUF
    BUFGCE_HDIO_X0Y8     BUFGCE (Prop_BUFCE_BUFGCE_HDIO_I_O)
                                                      0.028     3.320 r  axi_clk_0_IBUF_BUFG_inst/O
    X1Y3 (CLOCK_ROOT)    net (fo=39327, routed)       2.989     6.309    FSRCNN_CORE_i/FSRCNN_CORE/D_top_0/inst/inst_FIFO/U0/inst_fifo_gen/gconvfifo.rf/grf.rf/gntv_or_sync_fifo.mem/gbm.gbmg.gbmgb.ngecc.bmg/inst_blk_mem_gen/gnbram.gnativebmg.native_blk_mem_gen/valid.cstr/ramloop[0].ram.r/prim_noinit.ram/clk
    RAMB18_X5Y154        RAMB18E2                                     r  FSRCNN_CORE_i/FSRCNN_CORE/D_top_0/inst/inst_FIFO/U0/inst_fifo_gen/gconvfifo.rf/grf.rf/gntv_or_sync_fifo.mem/gbm.gbmg.gbmgb.ngecc.bmg/inst_blk_mem_gen/gnbram.gnativebmg.native_blk_mem_gen/valid.cstr/ramloop[0].ram.r/prim_noinit.ram/DEVICE_8SERIES.NO_BMM_INFO.SDP.SIMPLE_PRIM18.ram/CLKBWRCLK
  -------------------------------------------------------------------    -------------------
    RAMB18_X5Y154        RAMB18E2 (Prop_RAMB18E2_L_RAMB180_CLKBWRCLK_DOUTBDOUT[2])
                                                      0.228     6.537 r  FSRCNN_CORE_i/FSRCNN_CORE/D_top_0/inst/inst_FIFO/U0/inst_fifo_gen/gconvfifo.rf/grf.rf/gntv_or_sync_fifo.mem/gbm.gbmg.gbmgb.ngecc.bmg/inst_blk_mem_gen/gnbram.gnativebmg.native_blk_mem_gen/valid.cstr/ramloop[0].ram.r/prim_noinit.ram/DEVICE_8SERIES.NO_BMM_INFO.SDP.SIMPLE_PRIM18.ram/DOUTBDOUT[2]
                         net (fo=1, routed)           3.319     9.856    m_axis_0_tdata_OBUF[2]
    L13                  OBUF (Prop_OUTBUF_HPIOB_M_I_O)
                                                      0.891    10.747 r  m_axis_0_tdata_OBUF[2]_inst/O
                         net (fo=0)                   0.000    10.747    m_axis_0_tdata[2]
    L13                                                               r  m_axis_0_tdata[2] (OUT)
  -------------------------------------------------------------------    -------------------

Slack:                    inf
  Source:                 FSRCNN_CORE_i/FSRCNN_CORE/D_top_0/inst/inst_FIFO/U0/inst_fifo_gen/gconvfifo.rf/grf.rf/gntv_or_sync_fifo.mem/gbm.gbmg.gbmgb.ngecc.bmg/inst_blk_mem_gen/gnbram.gnativebmg.native_blk_mem_gen/valid.cstr/ramloop[0].ram.r/prim_noinit.ram/DEVICE_8SERIES.NO_BMM_INFO.SDP.SIMPLE_PRIM18.ram/CLKBWRCLK
                            (rising edge-triggered cell RAMB18E2 clocked by ref_clk  {rise@0.000ns fall@1.666ns period=3.333ns})
  Destination:            m_axis_0_tdata[7]
                            (output port)
  Path Group:             (none)
  Path Type:              Max at Slow Process Corner
  Data Path Delay:        4.435ns  (logic 1.118ns (25.213%)  route 3.317ns (74.787%))
  Logic Levels:           1  (OBUF=1)
  Clock Uncertainty:      0.025ns  ((TSJ^2 + TIJ^2)^1/2 + DJ) / 2 + PE
    Total System Jitter     (TSJ):    0.050ns
    Total Input Jitter      (TIJ):    0.000ns
    Discrete Jitter          (DJ):    0.000ns
    Phase Error              (PE):    0.000ns
  Clock Net Delay (Source):      2.989ns (routing 1.388ns, distribution 1.601ns)

    Location             Delay type                Incr(ns)  Path(ns)    Netlist Resource(s)
  -------------------------------------------------------------------    -------------------
                         (clock ref_clk rise edge)    0.000     0.000 r  
    P10                                               0.000     0.000 r  axi_clk_0 (IN)
                         net (fo=0)                   0.000     0.000    axi_clk_0_IBUF_inst/I
    P10                  INBUF (Prop_INBUF_HPIOB_M_PAD_O)
                                                      0.545     0.545 r  axi_clk_0_IBUF_inst/INBUF_INST/O
                         net (fo=1, routed)           0.000     0.545    axi_clk_0_IBUF_inst/OUT
    P10                  IBUFCTRL (Prop_IBUFCTRL_HPIOB_M_I_O)
                                                      0.000     0.545 r  axi_clk_0_IBUF_inst/IBUFCTRL_INST/O
                         net (fo=1, routed)           2.747     3.292    axi_clk_0_IBUF
    BUFGCE_HDIO_X0Y8     BUFGCE (Prop_BUFCE_BUFGCE_HDIO_I_O)
                                                      0.028     3.320 r  axi_clk_0_IBUF_BUFG_inst/O
    X1Y3 (CLOCK_ROOT)    net (fo=39327, routed)       2.989     6.309    FSRCNN_CORE_i/FSRCNN_CORE/D_top_0/inst/inst_FIFO/U0/inst_fifo_gen/gconvfifo.rf/grf.rf/gntv_or_sync_fifo.mem/gbm.gbmg.gbmgb.ngecc.bmg/inst_blk_mem_gen/gnbram.gnativebmg.native_blk_mem_gen/valid.cstr/ramloop[0].ram.r/prim_noinit.ram/clk
    RAMB18_X5Y154        RAMB18E2                                     r  FSRCNN_CORE_i/FSRCNN_CORE/D_top_0/inst/inst_FIFO/U0/inst_fifo_gen/gconvfifo.rf/grf.rf/gntv_or_sync_fifo.mem/gbm.gbmg.gbmgb.ngecc.bmg/inst_blk_mem_gen/gnbram.gnativebmg.native_blk_mem_gen/valid.cstr/ramloop[0].ram.r/prim_noinit.ram/DEVICE_8SERIES.NO_BMM_INFO.SDP.SIMPLE_PRIM18.ram/CLKBWRCLK
  -------------------------------------------------------------------    -------------------
    RAMB18_X5Y154        RAMB18E2 (Prop_RAMB18E2_L_RAMB180_CLKBWRCLK_DOUTBDOUT[11])
                                                      0.227     6.536 r  FSRCNN_CORE_i/FSRCNN_CORE/D_top_0/inst/inst_FIFO/U0/inst_fifo_gen/gconvfifo.rf/grf.rf/gntv_or_sync_fifo.mem/gbm.gbmg.gbmgb.ngecc.bmg/inst_blk_mem_gen/gnbram.gnativebmg.native_blk_mem_gen/valid.cstr/ramloop[0].ram.r/prim_noinit.ram/DEVICE_8SERIES.NO_BMM_INFO.SDP.SIMPLE_PRIM18.ram/DOUTBDOUT[11]
                         net (fo=1, routed)           3.317     9.853    m_axis_0_tdata_OBUF[7]
    N12                  OBUF (Prop_OUTBUF_HPIOB_S_I_O)
                                                      0.891    10.745 r  m_axis_0_tdata_OBUF[7]_inst/O
                         net (fo=0)                   0.000    10.745    m_axis_0_tdata[7]
    N12                                                               r  m_axis_0_tdata[7] (OUT)
  -------------------------------------------------------------------    -------------------

Slack:                    inf
  Source:                 FSRCNN_CORE_i/FSRCNN_CORE/D_top_0/inst/inst_FIFO/U0/inst_fifo_gen/gconvfifo.rf/grf.rf/gntv_or_sync_fifo.mem/gbm.gbmg.gbmgb.ngecc.bmg/inst_blk_mem_gen/gnbram.gnativebmg.native_blk_mem_gen/valid.cstr/ramloop[0].ram.r/prim_noinit.ram/DEVICE_8SERIES.NO_BMM_INFO.SDP.SIMPLE_PRIM18.ram/CLKBWRCLK
                            (rising edge-triggered cell RAMB18E2 clocked by ref_clk  {rise@0.000ns fall@1.666ns period=3.333ns})
  Destination:            m_axis_0_tdata[5]
                            (output port)
  Path Group:             (none)
  Path Type:              Max at Slow Process Corner
  Data Path Delay:        4.432ns  (logic 1.119ns (25.249%)  route 3.313ns (74.751%))
  Logic Levels:           1  (OBUF=1)
  Clock Uncertainty:      0.025ns  ((TSJ^2 + TIJ^2)^1/2 + DJ) / 2 + PE
    Total System Jitter     (TSJ):    0.050ns
    Total Input Jitter      (TIJ):    0.000ns
    Discrete Jitter          (DJ):    0.000ns
    Phase Error              (PE):    0.000ns
  Clock Net Delay (Source):      2.989ns (routing 1.388ns, distribution 1.601ns)

    Location             Delay type                Incr(ns)  Path(ns)    Netlist Resource(s)
  -------------------------------------------------------------------    -------------------
                         (clock ref_clk rise edge)    0.000     0.000 r  
    P10                                               0.000     0.000 r  axi_clk_0 (IN)
                         net (fo=0)                   0.000     0.000    axi_clk_0_IBUF_inst/I
    P10                  INBUF (Prop_INBUF_HPIOB_M_PAD_O)
                                                      0.545     0.545 r  axi_clk_0_IBUF_inst/INBUF_INST/O
                         net (fo=1, routed)           0.000     0.545    axi_clk_0_IBUF_inst/OUT
    P10                  IBUFCTRL (Prop_IBUFCTRL_HPIOB_M_I_O)
                                                      0.000     0.545 r  axi_clk_0_IBUF_inst/IBUFCTRL_INST/O
                         net (fo=1, routed)           2.747     3.292    axi_clk_0_IBUF
    BUFGCE_HDIO_X0Y8     BUFGCE (Prop_BUFCE_BUFGCE_HDIO_I_O)
                                                      0.028     3.320 r  axi_clk_0_IBUF_BUFG_inst/O
    X1Y3 (CLOCK_ROOT)    net (fo=39327, routed)       2.989     6.309    FSRCNN_CORE_i/FSRCNN_CORE/D_top_0/inst/inst_FIFO/U0/inst_fifo_gen/gconvfifo.rf/grf.rf/gntv_or_sync_fifo.mem/gbm.gbmg.gbmgb.ngecc.bmg/inst_blk_mem_gen/gnbram.gnativebmg.native_blk_mem_gen/valid.cstr/ramloop[0].ram.r/prim_noinit.ram/clk
    RAMB18_X5Y154        RAMB18E2                                     r  FSRCNN_CORE_i/FSRCNN_CORE/D_top_0/inst/inst_FIFO/U0/inst_fifo_gen/gconvfifo.rf/grf.rf/gntv_or_sync_fifo.mem/gbm.gbmg.gbmgb.ngecc.bmg/inst_blk_mem_gen/gnbram.gnativebmg.native_blk_mem_gen/valid.cstr/ramloop[0].ram.r/prim_noinit.ram/DEVICE_8SERIES.NO_BMM_INFO.SDP.SIMPLE_PRIM18.ram/CLKBWRCLK
  -------------------------------------------------------------------    -------------------
    RAMB18_X5Y154        RAMB18E2 (Prop_RAMB18E2_L_RAMB180_CLKBWRCLK_DOUTBDOUT[9])
                                                      0.228     6.537 r  FSRCNN_CORE_i/FSRCNN_CORE/D_top_0/inst/inst_FIFO/U0/inst_fifo_gen/gconvfifo.rf/grf.rf/gntv_or_sync_fifo.mem/gbm.gbmg.gbmgb.ngecc.bmg/inst_blk_mem_gen/gnbram.gnativebmg.native_blk_mem_gen/valid.cstr/ramloop[0].ram.r/prim_noinit.ram/DEVICE_8SERIES.NO_BMM_INFO.SDP.SIMPLE_PRIM18.ram/DOUTBDOUT[9]
                         net (fo=1, routed)           3.313     9.850    m_axis_0_tdata_OBUF[5]
    M13                  OBUF (Prop_OUTBUF_HPIOB_S_I_O)
                                                      0.891    10.741 r  m_axis_0_tdata_OBUF[5]_inst/O
                         net (fo=0)                   0.000    10.741    m_axis_0_tdata[5]
    M13                                                               r  m_axis_0_tdata[5] (OUT)
  -------------------------------------------------------------------    -------------------

Slack:                    inf
  Source:                 FSRCNN_CORE_i/FSRCNN_CORE/D_top_0/inst/inst_FIFO/U0/inst_fifo_gen/gconvfifo.rf/grf.rf/gntv_or_sync_fifo.mem/gbm.gbmg.gbmgb.ngecc.bmg/inst_blk_mem_gen/gnbram.gnativebmg.native_blk_mem_gen/valid.cstr/ramloop[0].ram.r/prim_noinit.ram/DEVICE_8SERIES.NO_BMM_INFO.SDP.SIMPLE_PRIM18.ram/CLKBWRCLK
                            (rising edge-triggered cell RAMB18E2 clocked by ref_clk  {rise@0.000ns fall@1.666ns period=3.333ns})
  Destination:            m_axis_0_tdata[6]
                            (output port)
  Path Group:             (none)
  Path Type:              Max at Slow Process Corner
  Data Path Delay:        4.397ns  (logic 1.119ns (25.454%)  route 3.278ns (74.546%))
  Logic Levels:           1  (OBUF=1)
  Clock Uncertainty:      0.025ns  ((TSJ^2 + TIJ^2)^1/2 + DJ) / 2 + PE
    Total System Jitter     (TSJ):    0.050ns
    Total Input Jitter      (TIJ):    0.000ns
    Discrete Jitter          (DJ):    0.000ns
    Phase Error              (PE):    0.000ns
  Clock Net Delay (Source):      2.989ns (routing 1.388ns, distribution 1.601ns)

    Location             Delay type                Incr(ns)  Path(ns)    Netlist Resource(s)
  -------------------------------------------------------------------    -------------------
                         (clock ref_clk rise edge)    0.000     0.000 r  
    P10                                               0.000     0.000 r  axi_clk_0 (IN)
                         net (fo=0)                   0.000     0.000    axi_clk_0_IBUF_inst/I
    P10                  INBUF (Prop_INBUF_HPIOB_M_PAD_O)
                                                      0.545     0.545 r  axi_clk_0_IBUF_inst/INBUF_INST/O
                         net (fo=1, routed)           0.000     0.545    axi_clk_0_IBUF_inst/OUT
    P10                  IBUFCTRL (Prop_IBUFCTRL_HPIOB_M_I_O)
                                                      0.000     0.545 r  axi_clk_0_IBUF_inst/IBUFCTRL_INST/O
                         net (fo=1, routed)           2.747     3.292    axi_clk_0_IBUF
    BUFGCE_HDIO_X0Y8     BUFGCE (Prop_BUFCE_BUFGCE_HDIO_I_O)
                                                      0.028     3.320 r  axi_clk_0_IBUF_BUFG_inst/O
    X1Y3 (CLOCK_ROOT)    net (fo=39327, routed)       2.989     6.309    FSRCNN_CORE_i/FSRCNN_CORE/D_top_0/inst/inst_FIFO/U0/inst_fifo_gen/gconvfifo.rf/grf.rf/gntv_or_sync_fifo.mem/gbm.gbmg.gbmgb.ngecc.bmg/inst_blk_mem_gen/gnbram.gnativebmg.native_blk_mem_gen/valid.cstr/ramloop[0].ram.r/prim_noinit.ram/clk
    RAMB18_X5Y154        RAMB18E2                                     r  FSRCNN_CORE_i/FSRCNN_CORE/D_top_0/inst/inst_FIFO/U0/inst_fifo_gen/gconvfifo.rf/grf.rf/gntv_or_sync_fifo.mem/gbm.gbmg.gbmgb.ngecc.bmg/inst_blk_mem_gen/gnbram.gnativebmg.native_blk_mem_gen/valid.cstr/ramloop[0].ram.r/prim_noinit.ram/DEVICE_8SERIES.NO_BMM_INFO.SDP.SIMPLE_PRIM18.ram/CLKBWRCLK
  -------------------------------------------------------------------    -------------------
    RAMB18_X5Y154        RAMB18E2 (Prop_RAMB18E2_L_RAMB180_CLKBWRCLK_DOUTBDOUT[10])
                                                      0.228     6.537 r  FSRCNN_CORE_i/FSRCNN_CORE/D_top_0/inst/inst_FIFO/U0/inst_fifo_gen/gconvfifo.rf/grf.rf/gntv_or_sync_fifo.mem/gbm.gbmg.gbmgb.ngecc.bmg/inst_blk_mem_gen/gnbram.gnativebmg.native_blk_mem_gen/valid.cstr/ramloop[0].ram.r/prim_noinit.ram/DEVICE_8SERIES.NO_BMM_INFO.SDP.SIMPLE_PRIM18.ram/DOUTBDOUT[10]
                         net (fo=1, routed)           3.278     9.815    m_axis_0_tdata_OBUF[6]
    P12                  OBUF (Prop_OUTBUF_HPIOB_M_I_O)
                                                      0.891    10.707 r  m_axis_0_tdata_OBUF[6]_inst/O
                         net (fo=0)                   0.000    10.707    m_axis_0_tdata[6]
    P12                                                               r  m_axis_0_tdata[6] (OUT)
  -------------------------------------------------------------------    -------------------

Slack:                    inf
  Source:                 FSRCNN_CORE_i/FSRCNN_CORE/D_top_0/inst/inst_FIFO/U0/inst_fifo_gen/gconvfifo.rf/grf.rf/gntv_or_sync_fifo.mem/gbm.gbmg.gbmgb.ngecc.bmg/inst_blk_mem_gen/gnbram.gnativebmg.native_blk_mem_gen/valid.cstr/ramloop[0].ram.r/prim_noinit.ram/DEVICE_8SERIES.NO_BMM_INFO.SDP.SIMPLE_PRIM18.ram/CLKBWRCLK
                            (rising edge-triggered cell RAMB18E2 clocked by ref_clk  {rise@0.000ns fall@1.666ns period=3.333ns})
  Destination:            m_axis_0_tdata[1]
                            (output port)
  Path Group:             (none)
  Path Type:              Max at Slow Process Corner
  Data Path Delay:        4.384ns  (logic 1.136ns (25.921%)  route 3.248ns (74.079%))
  Logic Levels:           1  (OBUF=1)
  Clock Uncertainty:      0.025ns  ((TSJ^2 + TIJ^2)^1/2 + DJ) / 2 + PE
    Total System Jitter     (TSJ):    0.050ns
    Total Input Jitter      (TIJ):    0.000ns
    Discrete Jitter          (DJ):    0.000ns
    Phase Error              (PE):    0.000ns
  Clock Net Delay (Source):      2.989ns (routing 1.388ns, distribution 1.601ns)

    Location             Delay type                Incr(ns)  Path(ns)    Netlist Resource(s)
  -------------------------------------------------------------------    -------------------
                         (clock ref_clk rise edge)    0.000     0.000 r  
    P10                                               0.000     0.000 r  axi_clk_0 (IN)
                         net (fo=0)                   0.000     0.000    axi_clk_0_IBUF_inst/I
    P10                  INBUF (Prop_INBUF_HPIOB_M_PAD_O)
                                                      0.545     0.545 r  axi_clk_0_IBUF_inst/INBUF_INST/O
                         net (fo=1, routed)           0.000     0.545    axi_clk_0_IBUF_inst/OUT
    P10                  IBUFCTRL (Prop_IBUFCTRL_HPIOB_M_I_O)
                                                      0.000     0.545 r  axi_clk_0_IBUF_inst/IBUFCTRL_INST/O
                         net (fo=1, routed)           2.747     3.292    axi_clk_0_IBUF
    BUFGCE_HDIO_X0Y8     BUFGCE (Prop_BUFCE_BUFGCE_HDIO_I_O)
                                                      0.028     3.320 r  axi_clk_0_IBUF_BUFG_inst/O
    X1Y3 (CLOCK_ROOT)    net (fo=39327, routed)       2.989     6.309    FSRCNN_CORE_i/FSRCNN_CORE/D_top_0/inst/inst_FIFO/U0/inst_fifo_gen/gconvfifo.rf/grf.rf/gntv_or_sync_fifo.mem/gbm.gbmg.gbmgb.ngecc.bmg/inst_blk_mem_gen/gnbram.gnativebmg.native_blk_mem_gen/valid.cstr/ramloop[0].ram.r/prim_noinit.ram/clk
    RAMB18_X5Y154        RAMB18E2                                     r  FSRCNN_CORE_i/FSRCNN_CORE/D_top_0/inst/inst_FIFO/U0/inst_fifo_gen/gconvfifo.rf/grf.rf/gntv_or_sync_fifo.mem/gbm.gbmg.gbmgb.ngecc.bmg/inst_blk_mem_gen/gnbram.gnativebmg.native_blk_mem_gen/valid.cstr/ramloop[0].ram.r/prim_noinit.ram/DEVICE_8SERIES.NO_BMM_INFO.SDP.SIMPLE_PRIM18.ram/CLKBWRCLK
  -------------------------------------------------------------------    -------------------
    RAMB18_X5Y154        RAMB18E2 (Prop_RAMB18E2_L_RAMB180_CLKBWRCLK_DOUTBDOUT[1])
                                                      0.229     6.538 r  FSRCNN_CORE_i/FSRCNN_CORE/D_top_0/inst/inst_FIFO/U0/inst_fifo_gen/gconvfifo.rf/grf.rf/gntv_or_sync_fifo.mem/gbm.gbmg.gbmgb.ngecc.bmg/inst_blk_mem_gen/gnbram.gnativebmg.native_blk_mem_gen/valid.cstr/ramloop[0].ram.r/prim_noinit.ram/DEVICE_8SERIES.NO_BMM_INFO.SDP.SIMPLE_PRIM18.ram/DOUTBDOUT[1]
                         net (fo=1, routed)           3.248     9.786    m_axis_0_tdata_OBUF[1]
    K15                  OBUF (Prop_OUTBUF_HPIOB_S_I_O)
                                                      0.907    10.694 r  m_axis_0_tdata_OBUF[1]_inst/O
                         net (fo=0)                   0.000    10.694    m_axis_0_tdata[1]
    K15                                                               r  m_axis_0_tdata[1] (OUT)
  -------------------------------------------------------------------    -------------------

Slack:                    inf
  Source:                 FSRCNN_CORE_i/FSRCNN_CORE/D_top_0/inst/inst_FIFO/U0/inst_fifo_gen/gconvfifo.rf/grf.rf/gntv_or_sync_fifo.mem/gbm.gbmg.gbmgb.ngecc.bmg/inst_blk_mem_gen/gnbram.gnativebmg.native_blk_mem_gen/valid.cstr/ramloop[0].ram.r/prim_noinit.ram/DEVICE_8SERIES.NO_BMM_INFO.SDP.SIMPLE_PRIM18.ram/CLKBWRCLK
                            (rising edge-triggered cell RAMB18E2 clocked by ref_clk  {rise@0.000ns fall@1.666ns period=3.333ns})
  Destination:            m_axis_0_tdata[0]
                            (output port)
  Path Group:             (none)
  Path Type:              Max at Slow Process Corner
  Data Path Delay:        4.371ns  (logic 1.125ns (25.730%)  route 3.246ns (74.270%))
  Logic Levels:           1  (OBUF=1)
  Clock Uncertainty:      0.025ns  ((TSJ^2 + TIJ^2)^1/2 + DJ) / 2 + PE
    Total System Jitter     (TSJ):    0.050ns
    Total Input Jitter      (TIJ):    0.000ns
    Discrete Jitter          (DJ):    0.000ns
    Phase Error              (PE):    0.000ns
  Clock Net Delay (Source):      2.989ns (routing 1.388ns, distribution 1.601ns)

    Location             Delay type                Incr(ns)  Path(ns)    Netlist Resource(s)
  -------------------------------------------------------------------    -------------------
                         (clock ref_clk rise edge)    0.000     0.000 r  
    P10                                               0.000     0.000 r  axi_clk_0 (IN)
                         net (fo=0)                   0.000     0.000    axi_clk_0_IBUF_inst/I
    P10                  INBUF (Prop_INBUF_HPIOB_M_PAD_O)
                                                      0.545     0.545 r  axi_clk_0_IBUF_inst/INBUF_INST/O
                         net (fo=1, routed)           0.000     0.545    axi_clk_0_IBUF_inst/OUT
    P10                  IBUFCTRL (Prop_IBUFCTRL_HPIOB_M_I_O)
                                                      0.000     0.545 r  axi_clk_0_IBUF_inst/IBUFCTRL_INST/O
                         net (fo=1, routed)           2.747     3.292    axi_clk_0_IBUF
    BUFGCE_HDIO_X0Y8     BUFGCE (Prop_BUFCE_BUFGCE_HDIO_I_O)
                                                      0.028     3.320 r  axi_clk_0_IBUF_BUFG_inst/O
    X1Y3 (CLOCK_ROOT)    net (fo=39327, routed)       2.989     6.309    FSRCNN_CORE_i/FSRCNN_CORE/D_top_0/inst/inst_FIFO/U0/inst_fifo_gen/gconvfifo.rf/grf.rf/gntv_or_sync_fifo.mem/gbm.gbmg.gbmgb.ngecc.bmg/inst_blk_mem_gen/gnbram.gnativebmg.native_blk_mem_gen/valid.cstr/ramloop[0].ram.r/prim_noinit.ram/clk
    RAMB18_X5Y154        RAMB18E2                                     r  FSRCNN_CORE_i/FSRCNN_CORE/D_top_0/inst/inst_FIFO/U0/inst_fifo_gen/gconvfifo.rf/grf.rf/gntv_or_sync_fifo.mem/gbm.gbmg.gbmgb.ngecc.bmg/inst_blk_mem_gen/gnbram.gnativebmg.native_blk_mem_gen/valid.cstr/ramloop[0].ram.r/prim_noinit.ram/DEVICE_8SERIES.NO_BMM_INFO.SDP.SIMPLE_PRIM18.ram/CLKBWRCLK
  -------------------------------------------------------------------    -------------------
    RAMB18_X5Y154        RAMB18E2 (Prop_RAMB18E2_L_RAMB180_CLKBWRCLK_DOUTBDOUT[0])
                                                      0.229     6.538 r  FSRCNN_CORE_i/FSRCNN_CORE/D_top_0/inst/inst_FIFO/U0/inst_fifo_gen/gconvfifo.rf/grf.rf/gntv_or_sync_fifo.mem/gbm.gbmg.gbmgb.ngecc.bmg/inst_blk_mem_gen/gnbram.gnativebmg.native_blk_mem_gen/valid.cstr/ramloop[0].ram.r/prim_noinit.ram/DEVICE_8SERIES.NO_BMM_INFO.SDP.SIMPLE_PRIM18.ram/DOUTBDOUT[0]
                         net (fo=1, routed)           3.246     9.784    m_axis_0_tdata_OBUF[0]
    L15                  OBUF (Prop_OUTBUF_HPIOB_M_I_O)
                                                      0.896    10.680 r  m_axis_0_tdata_OBUF[0]_inst/O
                         net (fo=0)                   0.000    10.680    m_axis_0_tdata[0]
    L15                                                               r  m_axis_0_tdata[0] (OUT)
  -------------------------------------------------------------------    -------------------

Slack:                    inf
  Source:                 FSRCNN_CORE_i/FSRCNN_CORE/D_top_0/inst/inst_FIFO/U0/inst_fifo_gen/gconvfifo.rf/grf.rf/gntv_or_sync_fifo.mem/gbm.gbmg.gbmgb.ngecc.bmg/inst_blk_mem_gen/gnbram.gnativebmg.native_blk_mem_gen/valid.cstr/ramloop[0].ram.r/prim_noinit.ram/DEVICE_8SERIES.NO_BMM_INFO.SDP.SIMPLE_PRIM18.ram/CLKBWRCLK
                            (rising edge-triggered cell RAMB18E2 clocked by ref_clk  {rise@0.000ns fall@1.666ns period=3.333ns})
  Destination:            m_axis_0_tdata[3]
                            (output port)
  Path Group:             (none)
  Path Type:              Max at Slow Process Corner
  Data Path Delay:        4.367ns  (logic 1.118ns (25.604%)  route 3.249ns (74.396%))
  Logic Levels:           1  (OBUF=1)
  Clock Uncertainty:      0.025ns  ((TSJ^2 + TIJ^2)^1/2 + DJ) / 2 + PE
    Total System Jitter     (TSJ):    0.050ns
    Total Input Jitter      (TIJ):    0.000ns
    Discrete Jitter          (DJ):    0.000ns
    Phase Error              (PE):    0.000ns
  Clock Net Delay (Source):      2.989ns (routing 1.388ns, distribution 1.601ns)

    Location             Delay type                Incr(ns)  Path(ns)    Netlist Resource(s)
  -------------------------------------------------------------------    -------------------
                         (clock ref_clk rise edge)    0.000     0.000 r  
    P10                                               0.000     0.000 r  axi_clk_0 (IN)
                         net (fo=0)                   0.000     0.000    axi_clk_0_IBUF_inst/I
    P10                  INBUF (Prop_INBUF_HPIOB_M_PAD_O)
                                                      0.545     0.545 r  axi_clk_0_IBUF_inst/INBUF_INST/O
                         net (fo=1, routed)           0.000     0.545    axi_clk_0_IBUF_inst/OUT
    P10                  IBUFCTRL (Prop_IBUFCTRL_HPIOB_M_I_O)
                                                      0.000     0.545 r  axi_clk_0_IBUF_inst/IBUFCTRL_INST/O
                         net (fo=1, routed)           2.747     3.292    axi_clk_0_IBUF
    BUFGCE_HDIO_X0Y8     BUFGCE (Prop_BUFCE_BUFGCE_HDIO_I_O)
                                                      0.028     3.320 r  axi_clk_0_IBUF_BUFG_inst/O
    X1Y3 (CLOCK_ROOT)    net (fo=39327, routed)       2.989     6.309    FSRCNN_CORE_i/FSRCNN_CORE/D_top_0/inst/inst_FIFO/U0/inst_fifo_gen/gconvfifo.rf/grf.rf/gntv_or_sync_fifo.mem/gbm.gbmg.gbmgb.ngecc.bmg/inst_blk_mem_gen/gnbram.gnativebmg.native_blk_mem_gen/valid.cstr/ramloop[0].ram.r/prim_noinit.ram/clk
    RAMB18_X5Y154        RAMB18E2                                     r  FSRCNN_CORE_i/FSRCNN_CORE/D_top_0/inst/inst_FIFO/U0/inst_fifo_gen/gconvfifo.rf/grf.rf/gntv_or_sync_fifo.mem/gbm.gbmg.gbmgb.ngecc.bmg/inst_blk_mem_gen/gnbram.gnativebmg.native_blk_mem_gen/valid.cstr/ramloop[0].ram.r/prim_noinit.ram/DEVICE_8SERIES.NO_BMM_INFO.SDP.SIMPLE_PRIM18.ram/CLKBWRCLK
  -------------------------------------------------------------------    -------------------
    RAMB18_X5Y154        RAMB18E2 (Prop_RAMB18E2_L_RAMB180_CLKBWRCLK_DOUTBDOUT[3])
                                                      0.227     6.536 r  FSRCNN_CORE_i/FSRCNN_CORE/D_top_0/inst/inst_FIFO/U0/inst_fifo_gen/gconvfifo.rf/grf.rf/gntv_or_sync_fifo.mem/gbm.gbmg.gbmgb.ngecc.bmg/inst_blk_mem_gen/gnbram.gnativebmg.native_blk_mem_gen/valid.cstr/ramloop[0].ram.r/prim_noinit.ram/DEVICE_8SERIES.NO_BMM_INFO.SDP.SIMPLE_PRIM18.ram/DOUTBDOUT[3]
                         net (fo=1, routed)           3.249     9.785    m_axis_0_tdata_OBUF[3]
    K13                  OBUF (Prop_OUTBUF_HPIOB_S_I_O)
                                                      0.891    10.676 r  m_axis_0_tdata_OBUF[3]_inst/O
                         net (fo=0)                   0.000    10.676    m_axis_0_tdata[3]
    K13                                                               r  m_axis_0_tdata[3] (OUT)
  -------------------------------------------------------------------    -------------------

Slack:                    inf
  Source:                 FSRCNN_CORE_i/FSRCNN_CORE/D_top_0/inst/inst_FIFO/U0/inst_fifo_gen/gconvfifo.rf/grf.rf/gntv_or_sync_fifo.gl0.rd/gr1.gr1_int.rfwft/empty_fwft_i_reg/C
                            (rising edge-triggered cell FDSE clocked by ref_clk  {rise@0.000ns fall@1.666ns period=3.333ns})
  Destination:            m_axis_0_tvalid
                            (output port)
  Path Group:             (none)
  Path Type:              Max at Slow Process Corner
  Data Path Delay:        4.450ns  (logic 1.034ns (23.236%)  route 3.416ns (76.764%))
  Logic Levels:           2  (LUT1=1 OBUF=1)
  Clock Uncertainty:      0.025ns  ((TSJ^2 + TIJ^2)^1/2 + DJ) / 2 + PE
    Total System Jitter     (TSJ):    0.050ns
    Total Input Jitter      (TIJ):    0.000ns
    Discrete Jitter          (DJ):    0.000ns
    Phase Error              (PE):    0.000ns
  Clock Net Delay (Source):      2.866ns (routing 1.388ns, distribution 1.478ns)

    Location             Delay type                Incr(ns)  Path(ns)    Netlist Resource(s)
  -------------------------------------------------------------------    -------------------
                         (clock ref_clk rise edge)    0.000     0.000 r  
    P10                                               0.000     0.000 r  axi_clk_0 (IN)
                         net (fo=0)                   0.000     0.000    axi_clk_0_IBUF_inst/I
    P10                  INBUF (Prop_INBUF_HPIOB_M_PAD_O)
                                                      0.545     0.545 r  axi_clk_0_IBUF_inst/INBUF_INST/O
                         net (fo=1, routed)           0.000     0.545    axi_clk_0_IBUF_inst/OUT
    P10                  IBUFCTRL (Prop_IBUFCTRL_HPIOB_M_I_O)
                                                      0.000     0.545 r  axi_clk_0_IBUF_inst/IBUFCTRL_INST/O
                         net (fo=1, routed)           2.747     3.292    axi_clk_0_IBUF
    BUFGCE_HDIO_X0Y8     BUFGCE (Prop_BUFCE_BUFGCE_HDIO_I_O)
                                                      0.028     3.320 r  axi_clk_0_IBUF_BUFG_inst/O
    X1Y3 (CLOCK_ROOT)    net (fo=39327, routed)       2.866     6.186    FSRCNN_CORE_i/FSRCNN_CORE/D_top_0/inst/inst_FIFO/U0/inst_fifo_gen/gconvfifo.rf/grf.rf/gntv_or_sync_fifo.gl0.rd/gr1.gr1_int.rfwft/clk
    SLICE_X42Y387        FDSE                                         r  FSRCNN_CORE_i/FSRCNN_CORE/D_top_0/inst/inst_FIFO/U0/inst_fifo_gen/gconvfifo.rf/grf.rf/gntv_or_sync_fifo.gl0.rd/gr1.gr1_int.rfwft/empty_fwft_i_reg/C
  -------------------------------------------------------------------    -------------------
    SLICE_X42Y387        FDSE (Prop_AFF_SLICEL_C_Q)
                                                      0.079     6.265 f  FSRCNN_CORE_i/FSRCNN_CORE/D_top_0/inst/inst_FIFO/U0/inst_fifo_gen/gconvfifo.rf/grf.rf/gntv_or_sync_fifo.gl0.rd/gr1.gr1_int.rfwft/empty_fwft_i_reg/Q
                         net (fo=3, routed)           0.297     6.562    FSRCNN_CORE_i/FSRCNN_CORE/D_top_0/inst/inst_FIFO_n_9
    SLICE_X48Y386        LUT1 (Prop_C6LUT_SLICEL_I0_O)
                                                      0.050     6.612 r  FSRCNN_CORE_i/FSRCNN_CORE/D_top_0/inst/m_axis_tvalid_INST_0/O
                         net (fo=1, routed)           3.119     9.731    m_axis_0_tvalid_OBUF
    M14                  OBUF (Prop_OUTBUF_HPIOB_S_I_O)
                                                      0.905    10.636 r  m_axis_0_tvalid_OBUF_inst/O
                         net (fo=0)                   0.000    10.636    m_axis_0_tvalid
    M14                                                               r  m_axis_0_tvalid (OUT)
  -------------------------------------------------------------------    -------------------





Min Delay Paths
--------------------------------------------------------------------------------------
Slack:                    inf
  Source:                 FSRCNN_CORE_i/FSRCNN_CORE/Y_Converter_0/inst/out_buffer/U0/inst_fifo_gen/gaxis_fifo.gaxisf.axisf/grf.rf/gntv_or_sync_fifo.gl0.wr/gwss.gpf.wrpf/gpfs.prog_full_i_reg/C
                            (rising edge-triggered cell FDPE clocked by ref_clk  {rise@0.000ns fall@1.666ns period=3.333ns})
  Destination:            s_axis_0_tready
                            (output port)
  Path Group:             (none)
  Path Type:              Min at Fast Process Corner
  Data Path Delay:        1.705ns  (logic 0.483ns (28.303%)  route 1.223ns (71.697%))
  Logic Levels:           2  (LUT2=1 OBUF=1)
  Clock Uncertainty:      0.025ns  ((TSJ^2 + TIJ^2)^1/2 + DJ) / 2 + PE
    Total System Jitter     (TSJ):    0.050ns
    Total Input Jitter      (TIJ):    0.000ns
    Discrete Jitter          (DJ):    0.000ns
    Phase Error              (PE):    0.000ns
  Clock Net Delay (Source):      1.525ns (routing 0.763ns, distribution 0.762ns)

    Location             Delay type                Incr(ns)  Path(ns)    Netlist Resource(s)
  -------------------------------------------------------------------    -------------------
                         (clock ref_clk rise edge)    0.000     0.000 r  
    P10                                               0.000     0.000 r  axi_clk_0 (IN)
                         net (fo=0)                   0.000     0.000    axi_clk_0_IBUF_inst/I
    P10                  INBUF (Prop_INBUF_HPIOB_M_PAD_O)
                                                      0.180     0.180 r  axi_clk_0_IBUF_inst/INBUF_INST/O
                         net (fo=1, routed)           0.000     0.180    axi_clk_0_IBUF_inst/OUT
    P10                  IBUFCTRL (Prop_IBUFCTRL_HPIOB_M_I_O)
                                                      0.000     0.180 r  axi_clk_0_IBUF_inst/IBUFCTRL_INST/O
                         net (fo=1, routed)           1.302     1.482    axi_clk_0_IBUF
    BUFGCE_HDIO_X0Y8     BUFGCE (Prop_BUFCE_BUFGCE_HDIO_I_O)
                                                      0.017     1.499 r  axi_clk_0_IBUF_BUFG_inst/O
    X1Y3 (CLOCK_ROOT)    net (fo=39327, routed)       1.525     3.024    FSRCNN_CORE_i/FSRCNN_CORE/Y_Converter_0/inst/out_buffer/U0/inst_fifo_gen/gaxis_fifo.gaxisf.axisf/grf.rf/gntv_or_sync_fifo.gl0.wr/gwss.gpf.wrpf/s_aclk
    SLICE_X44Y167        FDPE                                         r  FSRCNN_CORE_i/FSRCNN_CORE/Y_Converter_0/inst/out_buffer/U0/inst_fifo_gen/gaxis_fifo.gaxisf.axisf/grf.rf/gntv_or_sync_fifo.gl0.wr/gwss.gpf.wrpf/gpfs.prog_full_i_reg/C
  -------------------------------------------------------------------    -------------------
    SLICE_X44Y167        FDPE (Prop_HFF2_SLICEM_C_Q)
                                                      0.039     3.063 f  FSRCNN_CORE_i/FSRCNN_CORE/Y_Converter_0/inst/out_buffer/U0/inst_fifo_gen/gaxis_fifo.gaxisf.axisf/grf.rf/gntv_or_sync_fifo.gl0.wr/gwss.gpf.wrpf/gpfs.prog_full_i_reg/Q
                         net (fo=3, routed)           0.140     3.202    FSRCNN_CORE_i/FSRCNN_CORE/Y_Converter_0/inst/axis_prog_full
    SLICE_X44Y181        LUT2 (Prop_G6LUT_SLICEM_I1_O)
                                                      0.040     3.242 r  FSRCNN_CORE_i/FSRCNN_CORE/Y_Converter_0/inst/s_axis_tready_INST_0/O
                         net (fo=1, routed)           1.083     4.325    s_axis_0_tready_OBUF
    L16                  OBUF (Prop_OUTBUF_HPIOB_M_I_O)
                                                      0.404     4.729 r  s_axis_0_tready_OBUF_inst/O
                         net (fo=0)                   0.000     4.729    s_axis_0_tready
    L16                                                               r  s_axis_0_tready (OUT)
  -------------------------------------------------------------------    -------------------

Slack:                    inf
  Source:                 FSRCNN_CORE_i/FSRCNN_CORE/D_top_0/inst/fifo_x_cnt_reg[8]/C
                            (rising edge-triggered cell FDCE clocked by ref_clk  {rise@0.000ns fall@1.666ns period=3.333ns})
  Destination:            EOF_0
                            (output port)
  Path Group:             (none)
  Path Type:              Min at Fast Process Corner
  Data Path Delay:        2.087ns  (logic 0.502ns (24.055%)  route 1.585ns (75.945%))
  Logic Levels:           2  (LUT6=1 OBUF=1)
  Clock Uncertainty:      0.025ns  ((TSJ^2 + TIJ^2)^1/2 + DJ) / 2 + PE
    Total System Jitter     (TSJ):    0.050ns
    Total Input Jitter      (TIJ):    0.000ns
    Discrete Jitter          (DJ):    0.000ns
    Phase Error              (PE):    0.000ns
  Clock Net Delay (Source):      1.550ns (routing 0.763ns, distribution 0.787ns)

    Location             Delay type                Incr(ns)  Path(ns)    Netlist Resource(s)
  -------------------------------------------------------------------    -------------------
                         (clock ref_clk rise edge)    0.000     0.000 r  
    P10                                               0.000     0.000 r  axi_clk_0 (IN)
                         net (fo=0)                   0.000     0.000    axi_clk_0_IBUF_inst/I
    P10                  INBUF (Prop_INBUF_HPIOB_M_PAD_O)
                                                      0.180     0.180 r  axi_clk_0_IBUF_inst/INBUF_INST/O
                         net (fo=1, routed)           0.000     0.180    axi_clk_0_IBUF_inst/OUT
    P10                  IBUFCTRL (Prop_IBUFCTRL_HPIOB_M_I_O)
                                                      0.000     0.180 r  axi_clk_0_IBUF_inst/IBUFCTRL_INST/O
                         net (fo=1, routed)           1.302     1.482    axi_clk_0_IBUF
    BUFGCE_HDIO_X0Y8     BUFGCE (Prop_BUFCE_BUFGCE_HDIO_I_O)
                                                      0.017     1.499 r  axi_clk_0_IBUF_BUFG_inst/O
    X1Y3 (CLOCK_ROOT)    net (fo=39327, routed)       1.550     3.049    FSRCNN_CORE_i/FSRCNN_CORE/D_top_0/inst/axi_clk
    SLICE_X48Y385        FDCE                                         r  FSRCNN_CORE_i/FSRCNN_CORE/D_top_0/inst/fifo_x_cnt_reg[8]/C
  -------------------------------------------------------------------    -------------------
    SLICE_X48Y385        FDCE (Prop_DFF2_SLICEL_C_Q)
                                                      0.041     3.090 f  FSRCNN_CORE_i/FSRCNN_CORE/D_top_0/inst/fifo_x_cnt_reg[8]/Q
                         net (fo=5, routed)           0.059     3.149    FSRCNN_CORE_i/FSRCNN_CORE/D_top_0/inst/fifo_x_cnt_reg_n_0_[8]
    SLICE_X48Y386        LUT6 (Prop_G6LUT_SLICEL_I5_O)
                                                      0.050     3.199 r  FSRCNN_CORE_i/FSRCNN_CORE/D_top_0/inst/EOF_INST_0/O
                         net (fo=1, routed)           1.526     4.725    EOF_0_OBUF
    M15                  OBUF (Prop_OUTBUF_HPIOB_M_I_O)
                                                      0.411     5.136 r  EOF_0_OBUF_inst/O
                         net (fo=0)                   0.000     5.136    EOF_0
    M15                                                               r  EOF_0 (OUT)
  -------------------------------------------------------------------    -------------------

Slack:                    inf
  Source:                 FSRCNN_CORE_i/FSRCNN_CORE/D_top_0/inst/inst_FIFO/U0/inst_fifo_gen/gconvfifo.rf/grf.rf/gntv_or_sync_fifo.mem/gbm.gbmg.gbmgb.ngecc.bmg/inst_blk_mem_gen/gnbram.gnativebmg.native_blk_mem_gen/valid.cstr/ramloop[0].ram.r/prim_noinit.ram/DEVICE_8SERIES.NO_BMM_INFO.SDP.SIMPLE_PRIM18.ram/CLKBWRCLK
                            (rising edge-triggered cell RAMB18E2 clocked by ref_clk  {rise@0.000ns fall@1.666ns period=3.333ns})
  Destination:            m_axis_0_tdata[0]
                            (output port)
  Path Group:             (none)
  Path Type:              Min at Fast Process Corner
  Data Path Delay:        2.086ns  (logic 0.518ns (24.815%)  route 1.568ns (75.185%))
  Logic Levels:           1  (OBUF=1)
  Clock Uncertainty:      0.025ns  ((TSJ^2 + TIJ^2)^1/2 + DJ) / 2 + PE
    Total System Jitter     (TSJ):    0.050ns
    Total Input Jitter      (TIJ):    0.000ns
    Discrete Jitter          (DJ):    0.000ns
    Phase Error              (PE):    0.000ns
  Clock Net Delay (Source):      1.607ns (routing 0.763ns, distribution 0.844ns)

    Location             Delay type                Incr(ns)  Path(ns)    Netlist Resource(s)
  -------------------------------------------------------------------    -------------------
                         (clock ref_clk rise edge)    0.000     0.000 r  
    P10                                               0.000     0.000 r  axi_clk_0 (IN)
                         net (fo=0)                   0.000     0.000    axi_clk_0_IBUF_inst/I
    P10                  INBUF (Prop_INBUF_HPIOB_M_PAD_O)
                                                      0.180     0.180 r  axi_clk_0_IBUF_inst/INBUF_INST/O
                         net (fo=1, routed)           0.000     0.180    axi_clk_0_IBUF_inst/OUT
    P10                  IBUFCTRL (Prop_IBUFCTRL_HPIOB_M_I_O)
                                                      0.000     0.180 r  axi_clk_0_IBUF_inst/IBUFCTRL_INST/O
                         net (fo=1, routed)           1.302     1.482    axi_clk_0_IBUF
    BUFGCE_HDIO_X0Y8     BUFGCE (Prop_BUFCE_BUFGCE_HDIO_I_O)
                                                      0.017     1.499 r  axi_clk_0_IBUF_BUFG_inst/O
    X1Y3 (CLOCK_ROOT)    net (fo=39327, routed)       1.607     3.106    FSRCNN_CORE_i/FSRCNN_CORE/D_top_0/inst/inst_FIFO/U0/inst_fifo_gen/gconvfifo.rf/grf.rf/gntv_or_sync_fifo.mem/gbm.gbmg.gbmgb.ngecc.bmg/inst_blk_mem_gen/gnbram.gnativebmg.native_blk_mem_gen/valid.cstr/ramloop[0].ram.r/prim_noinit.ram/clk
    RAMB18_X5Y154        RAMB18E2                                     r  FSRCNN_CORE_i/FSRCNN_CORE/D_top_0/inst/inst_FIFO/U0/inst_fifo_gen/gconvfifo.rf/grf.rf/gntv_or_sync_fifo.mem/gbm.gbmg.gbmgb.ngecc.bmg/inst_blk_mem_gen/gnbram.gnativebmg.native_blk_mem_gen/valid.cstr/ramloop[0].ram.r/prim_noinit.ram/DEVICE_8SERIES.NO_BMM_INFO.SDP.SIMPLE_PRIM18.ram/CLKBWRCLK
  -------------------------------------------------------------------    -------------------
    RAMB18_X5Y154        RAMB18E2 (Prop_RAMB18E2_L_RAMB180_CLKBWRCLK_DOUTBDOUT[0])
                                                      0.130     3.236 r  FSRCNN_CORE_i/FSRCNN_CORE/D_top_0/inst/inst_FIFO/U0/inst_fifo_gen/gconvfifo.rf/grf.rf/gntv_or_sync_fifo.mem/gbm.gbmg.gbmgb.ngecc.bmg/inst_blk_mem_gen/gnbram.gnativebmg.native_blk_mem_gen/valid.cstr/ramloop[0].ram.r/prim_noinit.ram/DEVICE_8SERIES.NO_BMM_INFO.SDP.SIMPLE_PRIM18.ram/DOUTBDOUT[0]
                         net (fo=1, routed)           1.568     4.804    m_axis_0_tdata_OBUF[0]
    L15                  OBUF (Prop_OUTBUF_HPIOB_M_I_O)
                                                      0.388     5.191 r  m_axis_0_tdata_OBUF[0]_inst/O
                         net (fo=0)                   0.000     5.191    m_axis_0_tdata[0]
    L15                                                               r  m_axis_0_tdata[0] (OUT)
  -------------------------------------------------------------------    -------------------

Slack:                    inf
  Source:                 FSRCNN_CORE_i/FSRCNN_CORE/D_top_0/inst/inst_FIFO/U0/inst_fifo_gen/gconvfifo.rf/grf.rf/gntv_or_sync_fifo.mem/gbm.gbmg.gbmgb.ngecc.bmg/inst_blk_mem_gen/gnbram.gnativebmg.native_blk_mem_gen/valid.cstr/ramloop[0].ram.r/prim_noinit.ram/DEVICE_8SERIES.NO_BMM_INFO.SDP.SIMPLE_PRIM18.ram/CLKBWRCLK
                            (rising edge-triggered cell RAMB18E2 clocked by ref_clk  {rise@0.000ns fall@1.666ns period=3.333ns})
  Destination:            m_axis_0_tdata[3]
                            (output port)
  Path Group:             (none)
  Path Type:              Min at Fast Process Corner
  Data Path Delay:        2.092ns  (logic 0.511ns (24.433%)  route 1.581ns (75.567%))
  Logic Levels:           1  (OBUF=1)
  Clock Uncertainty:      0.025ns  ((TSJ^2 + TIJ^2)^1/2 + DJ) / 2 + PE
    Total System Jitter     (TSJ):    0.050ns
    Total Input Jitter      (TIJ):    0.000ns
    Discrete Jitter          (DJ):    0.000ns
    Phase Error              (PE):    0.000ns
  Clock Net Delay (Source):      1.607ns (routing 0.763ns, distribution 0.844ns)

    Location             Delay type                Incr(ns)  Path(ns)    Netlist Resource(s)
  -------------------------------------------------------------------    -------------------
                         (clock ref_clk rise edge)    0.000     0.000 r  
    P10                                               0.000     0.000 r  axi_clk_0 (IN)
                         net (fo=0)                   0.000     0.000    axi_clk_0_IBUF_inst/I
    P10                  INBUF (Prop_INBUF_HPIOB_M_PAD_O)
                                                      0.180     0.180 r  axi_clk_0_IBUF_inst/INBUF_INST/O
                         net (fo=1, routed)           0.000     0.180    axi_clk_0_IBUF_inst/OUT
    P10                  IBUFCTRL (Prop_IBUFCTRL_HPIOB_M_I_O)
                                                      0.000     0.180 r  axi_clk_0_IBUF_inst/IBUFCTRL_INST/O
                         net (fo=1, routed)           1.302     1.482    axi_clk_0_IBUF
    BUFGCE_HDIO_X0Y8     BUFGCE (Prop_BUFCE_BUFGCE_HDIO_I_O)
                                                      0.017     1.499 r  axi_clk_0_IBUF_BUFG_inst/O
    X1Y3 (CLOCK_ROOT)    net (fo=39327, routed)       1.607     3.106    FSRCNN_CORE_i/FSRCNN_CORE/D_top_0/inst/inst_FIFO/U0/inst_fifo_gen/gconvfifo.rf/grf.rf/gntv_or_sync_fifo.mem/gbm.gbmg.gbmgb.ngecc.bmg/inst_blk_mem_gen/gnbram.gnativebmg.native_blk_mem_gen/valid.cstr/ramloop[0].ram.r/prim_noinit.ram/clk
    RAMB18_X5Y154        RAMB18E2                                     r  FSRCNN_CORE_i/FSRCNN_CORE/D_top_0/inst/inst_FIFO/U0/inst_fifo_gen/gconvfifo.rf/grf.rf/gntv_or_sync_fifo.mem/gbm.gbmg.gbmgb.ngecc.bmg/inst_blk_mem_gen/gnbram.gnativebmg.native_blk_mem_gen/valid.cstr/ramloop[0].ram.r/prim_noinit.ram/DEVICE_8SERIES.NO_BMM_INFO.SDP.SIMPLE_PRIM18.ram/CLKBWRCLK
  -------------------------------------------------------------------    -------------------
    RAMB18_X5Y154        RAMB18E2 (Prop_RAMB18E2_L_RAMB180_CLKBWRCLK_DOUTBDOUT[3])
                                                      0.128     3.234 r  FSRCNN_CORE_i/FSRCNN_CORE/D_top_0/inst/inst_FIFO/U0/inst_fifo_gen/gconvfifo.rf/grf.rf/gntv_or_sync_fifo.mem/gbm.gbmg.gbmgb.ngecc.bmg/inst_blk_mem_gen/gnbram.gnativebmg.native_blk_mem_gen/valid.cstr/ramloop[0].ram.r/prim_noinit.ram/DEVICE_8SERIES.NO_BMM_INFO.SDP.SIMPLE_PRIM18.ram/DOUTBDOUT[3]
                         net (fo=1, routed)           1.581     4.815    m_axis_0_tdata_OBUF[3]
    K13                  OBUF (Prop_OUTBUF_HPIOB_S_I_O)
                                                      0.383     5.198 r  m_axis_0_tdata_OBUF[3]_inst/O
                         net (fo=0)                   0.000     5.198    m_axis_0_tdata[3]
    K13                                                               r  m_axis_0_tdata[3] (OUT)
  -------------------------------------------------------------------    -------------------

Slack:                    inf
  Source:                 FSRCNN_CORE_i/FSRCNN_CORE/D_top_0/inst/inst_FIFO/U0/inst_fifo_gen/gconvfifo.rf/grf.rf/gntv_or_sync_fifo.gl0.rd/gr1.gr1_int.rfwft/empty_fwft_i_reg/C
                            (rising edge-triggered cell FDSE clocked by ref_clk  {rise@0.000ns fall@1.666ns period=3.333ns})
  Destination:            m_axis_0_tvalid
                            (output port)
  Path Group:             (none)
  Path Type:              Min at Fast Process Corner
  Data Path Delay:        2.136ns  (logic 0.458ns (21.438%)  route 1.678ns (78.562%))
  Logic Levels:           2  (LUT1=1 OBUF=1)
  Clock Uncertainty:      0.025ns  ((TSJ^2 + TIJ^2)^1/2 + DJ) / 2 + PE
    Total System Jitter     (TSJ):    0.050ns
    Total Input Jitter      (TIJ):    0.000ns
    Discrete Jitter          (DJ):    0.000ns
    Phase Error              (PE):    0.000ns
  Clock Net Delay (Source):      1.571ns (routing 0.763ns, distribution 0.808ns)

    Location             Delay type                Incr(ns)  Path(ns)    Netlist Resource(s)
  -------------------------------------------------------------------    -------------------
                         (clock ref_clk rise edge)    0.000     0.000 r  
    P10                                               0.000     0.000 r  axi_clk_0 (IN)
                         net (fo=0)                   0.000     0.000    axi_clk_0_IBUF_inst/I
    P10                  INBUF (Prop_INBUF_HPIOB_M_PAD_O)
                                                      0.180     0.180 r  axi_clk_0_IBUF_inst/INBUF_INST/O
                         net (fo=1, routed)           0.000     0.180    axi_clk_0_IBUF_inst/OUT
    P10                  IBUFCTRL (Prop_IBUFCTRL_HPIOB_M_I_O)
                                                      0.000     0.180 r  axi_clk_0_IBUF_inst/IBUFCTRL_INST/O
                         net (fo=1, routed)           1.302     1.482    axi_clk_0_IBUF
    BUFGCE_HDIO_X0Y8     BUFGCE (Prop_BUFCE_BUFGCE_HDIO_I_O)
                                                      0.017     1.499 r  axi_clk_0_IBUF_BUFG_inst/O
    X1Y3 (CLOCK_ROOT)    net (fo=39327, routed)       1.571     3.070    FSRCNN_CORE_i/FSRCNN_CORE/D_top_0/inst/inst_FIFO/U0/inst_fifo_gen/gconvfifo.rf/grf.rf/gntv_or_sync_fifo.gl0.rd/gr1.gr1_int.rfwft/clk
    SLICE_X42Y387        FDSE                                         r  FSRCNN_CORE_i/FSRCNN_CORE/D_top_0/inst/inst_FIFO/U0/inst_fifo_gen/gconvfifo.rf/grf.rf/gntv_or_sync_fifo.gl0.rd/gr1.gr1_int.rfwft/empty_fwft_i_reg/C
  -------------------------------------------------------------------    -------------------
    SLICE_X42Y387        FDSE (Prop_AFF_SLICEL_C_Q)
                                                      0.039     3.109 f  FSRCNN_CORE_i/FSRCNN_CORE/D_top_0/inst/inst_FIFO/U0/inst_fifo_gen/gconvfifo.rf/grf.rf/gntv_or_sync_fifo.gl0.rd/gr1.gr1_int.rfwft/empty_fwft_i_reg/Q
                         net (fo=3, routed)           0.153     3.262    FSRCNN_CORE_i/FSRCNN_CORE/D_top_0/inst/inst_FIFO_n_9
    SLICE_X48Y386        LUT1 (Prop_C6LUT_SLICEL_I0_O)
                                                      0.022     3.284 r  FSRCNN_CORE_i/FSRCNN_CORE/D_top_0/inst/m_axis_tvalid_INST_0/O
                         net (fo=1, routed)           1.525     4.809    m_axis_0_tvalid_OBUF
    M14                  OBUF (Prop_OUTBUF_HPIOB_S_I_O)
                                                      0.397     5.206 r  m_axis_0_tvalid_OBUF_inst/O
                         net (fo=0)                   0.000     5.206    m_axis_0_tvalid
    M14                                                               r  m_axis_0_tvalid (OUT)
  -------------------------------------------------------------------    -------------------

Slack:                    inf
  Source:                 FSRCNN_CORE_i/FSRCNN_CORE/D_top_0/inst/inst_FIFO/U0/inst_fifo_gen/gconvfifo.rf/grf.rf/gntv_or_sync_fifo.mem/gbm.gbmg.gbmgb.ngecc.bmg/inst_blk_mem_gen/gnbram.gnativebmg.native_blk_mem_gen/valid.cstr/ramloop[0].ram.r/prim_noinit.ram/DEVICE_8SERIES.NO_BMM_INFO.SDP.SIMPLE_PRIM18.ram/CLKBWRCLK
                            (rising edge-triggered cell RAMB18E2 clocked by ref_clk  {rise@0.000ns fall@1.666ns period=3.333ns})
  Destination:            m_axis_0_tdata[6]
                            (output port)
  Path Group:             (none)
  Path Type:              Min at Fast Process Corner
  Data Path Delay:        2.102ns  (logic 0.512ns (24.370%)  route 1.590ns (75.630%))
  Logic Levels:           1  (OBUF=1)
  Clock Uncertainty:      0.025ns  ((TSJ^2 + TIJ^2)^1/2 + DJ) / 2 + PE
    Total System Jitter     (TSJ):    0.050ns
    Total Input Jitter      (TIJ):    0.000ns
    Discrete Jitter          (DJ):    0.000ns
    Phase Error              (PE):    0.000ns
  Clock Net Delay (Source):      1.607ns (routing 0.763ns, distribution 0.844ns)

    Location             Delay type                Incr(ns)  Path(ns)    Netlist Resource(s)
  -------------------------------------------------------------------    -------------------
                         (clock ref_clk rise edge)    0.000     0.000 r  
    P10                                               0.000     0.000 r  axi_clk_0 (IN)
                         net (fo=0)                   0.000     0.000    axi_clk_0_IBUF_inst/I
    P10                  INBUF (Prop_INBUF_HPIOB_M_PAD_O)
                                                      0.180     0.180 r  axi_clk_0_IBUF_inst/INBUF_INST/O
                         net (fo=1, routed)           0.000     0.180    axi_clk_0_IBUF_inst/OUT
    P10                  IBUFCTRL (Prop_IBUFCTRL_HPIOB_M_I_O)
                                                      0.000     0.180 r  axi_clk_0_IBUF_inst/IBUFCTRL_INST/O
                         net (fo=1, routed)           1.302     1.482    axi_clk_0_IBUF
    BUFGCE_HDIO_X0Y8     BUFGCE (Prop_BUFCE_BUFGCE_HDIO_I_O)
                                                      0.017     1.499 r  axi_clk_0_IBUF_BUFG_inst/O
    X1Y3 (CLOCK_ROOT)    net (fo=39327, routed)       1.607     3.106    FSRCNN_CORE_i/FSRCNN_CORE/D_top_0/inst/inst_FIFO/U0/inst_fifo_gen/gconvfifo.rf/grf.rf/gntv_or_sync_fifo.mem/gbm.gbmg.gbmgb.ngecc.bmg/inst_blk_mem_gen/gnbram.gnativebmg.native_blk_mem_gen/valid.cstr/ramloop[0].ram.r/prim_noinit.ram/clk
    RAMB18_X5Y154        RAMB18E2                                     r  FSRCNN_CORE_i/FSRCNN_CORE/D_top_0/inst/inst_FIFO/U0/inst_fifo_gen/gconvfifo.rf/grf.rf/gntv_or_sync_fifo.mem/gbm.gbmg.gbmgb.ngecc.bmg/inst_blk_mem_gen/gnbram.gnativebmg.native_blk_mem_gen/valid.cstr/ramloop[0].ram.r/prim_noinit.ram/DEVICE_8SERIES.NO_BMM_INFO.SDP.SIMPLE_PRIM18.ram/CLKBWRCLK
  -------------------------------------------------------------------    -------------------
    RAMB18_X5Y154        RAMB18E2 (Prop_RAMB18E2_L_RAMB180_CLKBWRCLK_DOUTBDOUT[10])
                                                      0.129     3.235 r  FSRCNN_CORE_i/FSRCNN_CORE/D_top_0/inst/inst_FIFO/U0/inst_fifo_gen/gconvfifo.rf/grf.rf/gntv_or_sync_fifo.mem/gbm.gbmg.gbmgb.ngecc.bmg/inst_blk_mem_gen/gnbram.gnativebmg.native_blk_mem_gen/valid.cstr/ramloop[0].ram.r/prim_noinit.ram/DEVICE_8SERIES.NO_BMM_INFO.SDP.SIMPLE_PRIM18.ram/DOUTBDOUT[10]
                         net (fo=1, routed)           1.590     4.825    m_axis_0_tdata_OBUF[6]
    P12                  OBUF (Prop_OUTBUF_HPIOB_M_I_O)
                                                      0.383     5.208 r  m_axis_0_tdata_OBUF[6]_inst/O
                         net (fo=0)                   0.000     5.208    m_axis_0_tdata[6]
    P12                                                               r  m_axis_0_tdata[6] (OUT)
  -------------------------------------------------------------------    -------------------

Slack:                    inf
  Source:                 FSRCNN_CORE_i/FSRCNN_CORE/D_top_0/inst/inst_FIFO/U0/inst_fifo_gen/gconvfifo.rf/grf.rf/gntv_or_sync_fifo.mem/gbm.gbmg.gbmgb.ngecc.bmg/inst_blk_mem_gen/gnbram.gnativebmg.native_blk_mem_gen/valid.cstr/ramloop[0].ram.r/prim_noinit.ram/DEVICE_8SERIES.NO_BMM_INFO.SDP.SIMPLE_PRIM18.ram/CLKBWRCLK
                            (rising edge-triggered cell RAMB18E2 clocked by ref_clk  {rise@0.000ns fall@1.666ns period=3.333ns})
  Destination:            m_axis_0_tdata[1]
                            (output port)
  Path Group:             (none)
  Path Type:              Min at Fast Process Corner
  Data Path Delay:        2.105ns  (logic 0.529ns (25.144%)  route 1.576ns (74.856%))
  Logic Levels:           1  (OBUF=1)
  Clock Uncertainty:      0.025ns  ((TSJ^2 + TIJ^2)^1/2 + DJ) / 2 + PE
    Total System Jitter     (TSJ):    0.050ns
    Total Input Jitter      (TIJ):    0.000ns
    Discrete Jitter          (DJ):    0.000ns
    Phase Error              (PE):    0.000ns
  Clock Net Delay (Source):      1.607ns (routing 0.763ns, distribution 0.844ns)

    Location             Delay type                Incr(ns)  Path(ns)    Netlist Resource(s)
  -------------------------------------------------------------------    -------------------
                         (clock ref_clk rise edge)    0.000     0.000 r  
    P10                                               0.000     0.000 r  axi_clk_0 (IN)
                         net (fo=0)                   0.000     0.000    axi_clk_0_IBUF_inst/I
    P10                  INBUF (Prop_INBUF_HPIOB_M_PAD_O)
                                                      0.180     0.180 r  axi_clk_0_IBUF_inst/INBUF_INST/O
                         net (fo=1, routed)           0.000     0.180    axi_clk_0_IBUF_inst/OUT
    P10                  IBUFCTRL (Prop_IBUFCTRL_HPIOB_M_I_O)
                                                      0.000     0.180 r  axi_clk_0_IBUF_inst/IBUFCTRL_INST/O
                         net (fo=1, routed)           1.302     1.482    axi_clk_0_IBUF
    BUFGCE_HDIO_X0Y8     BUFGCE (Prop_BUFCE_BUFGCE_HDIO_I_O)
                                                      0.017     1.499 r  axi_clk_0_IBUF_BUFG_inst/O
    X1Y3 (CLOCK_ROOT)    net (fo=39327, routed)       1.607     3.106    FSRCNN_CORE_i/FSRCNN_CORE/D_top_0/inst/inst_FIFO/U0/inst_fifo_gen/gconvfifo.rf/grf.rf/gntv_or_sync_fifo.mem/gbm.gbmg.gbmgb.ngecc.bmg/inst_blk_mem_gen/gnbram.gnativebmg.native_blk_mem_gen/valid.cstr/ramloop[0].ram.r/prim_noinit.ram/clk
    RAMB18_X5Y154        RAMB18E2                                     r  FSRCNN_CORE_i/FSRCNN_CORE/D_top_0/inst/inst_FIFO/U0/inst_fifo_gen/gconvfifo.rf/grf.rf/gntv_or_sync_fifo.mem/gbm.gbmg.gbmgb.ngecc.bmg/inst_blk_mem_gen/gnbram.gnativebmg.native_blk_mem_gen/valid.cstr/ramloop[0].ram.r/prim_noinit.ram/DEVICE_8SERIES.NO_BMM_INFO.SDP.SIMPLE_PRIM18.ram/CLKBWRCLK
  -------------------------------------------------------------------    -------------------
    RAMB18_X5Y154        RAMB18E2 (Prop_RAMB18E2_L_RAMB180_CLKBWRCLK_DOUTBDOUT[1])
                                                      0.130     3.236 r  FSRCNN_CORE_i/FSRCNN_CORE/D_top_0/inst/inst_FIFO/U0/inst_fifo_gen/gconvfifo.rf/grf.rf/gntv_or_sync_fifo.mem/gbm.gbmg.gbmgb.ngecc.bmg/inst_blk_mem_gen/gnbram.gnativebmg.native_blk_mem_gen/valid.cstr/ramloop[0].ram.r/prim_noinit.ram/DEVICE_8SERIES.NO_BMM_INFO.SDP.SIMPLE_PRIM18.ram/DOUTBDOUT[1]
                         net (fo=1, routed)           1.576     4.812    m_axis_0_tdata_OBUF[1]
    K15                  OBUF (Prop_OUTBUF_HPIOB_S_I_O)
                                                      0.399     5.211 r  m_axis_0_tdata_OBUF[1]_inst/O
                         net (fo=0)                   0.000     5.211    m_axis_0_tdata[1]
    K15                                                               r  m_axis_0_tdata[1] (OUT)
  -------------------------------------------------------------------    -------------------

Slack:                    inf
  Source:                 FSRCNN_CORE_i/FSRCNN_CORE/D_top_0/inst/inst_FIFO/U0/inst_fifo_gen/gconvfifo.rf/grf.rf/gntv_or_sync_fifo.mem/gbm.gbmg.gbmgb.ngecc.bmg/inst_blk_mem_gen/gnbram.gnativebmg.native_blk_mem_gen/valid.cstr/ramloop[0].ram.r/prim_noinit.ram/DEVICE_8SERIES.NO_BMM_INFO.SDP.SIMPLE_PRIM18.ram/CLKBWRCLK
                            (rising edge-triggered cell RAMB18E2 clocked by ref_clk  {rise@0.000ns fall@1.666ns period=3.333ns})
  Destination:            m_axis_0_tdata[7]
                            (output port)
  Path Group:             (none)
  Path Type:              Min at Fast Process Corner
  Data Path Delay:        2.121ns  (logic 0.512ns (24.150%)  route 1.609ns (75.850%))
  Logic Levels:           1  (OBUF=1)
  Clock Uncertainty:      0.025ns  ((TSJ^2 + TIJ^2)^1/2 + DJ) / 2 + PE
    Total System Jitter     (TSJ):    0.050ns
    Total Input Jitter      (TIJ):    0.000ns
    Discrete Jitter          (DJ):    0.000ns
    Phase Error              (PE):    0.000ns
  Clock Net Delay (Source):      1.607ns (routing 0.763ns, distribution 0.844ns)

    Location             Delay type                Incr(ns)  Path(ns)    Netlist Resource(s)
  -------------------------------------------------------------------    -------------------
                         (clock ref_clk rise edge)    0.000     0.000 r  
    P10                                               0.000     0.000 r  axi_clk_0 (IN)
                         net (fo=0)                   0.000     0.000    axi_clk_0_IBUF_inst/I
    P10                  INBUF (Prop_INBUF_HPIOB_M_PAD_O)
                                                      0.180     0.180 r  axi_clk_0_IBUF_inst/INBUF_INST/O
                         net (fo=1, routed)           0.000     0.180    axi_clk_0_IBUF_inst/OUT
    P10                  IBUFCTRL (Prop_IBUFCTRL_HPIOB_M_I_O)
                                                      0.000     0.180 r  axi_clk_0_IBUF_inst/IBUFCTRL_INST/O
                         net (fo=1, routed)           1.302     1.482    axi_clk_0_IBUF
    BUFGCE_HDIO_X0Y8     BUFGCE (Prop_BUFCE_BUFGCE_HDIO_I_O)
                                                      0.017     1.499 r  axi_clk_0_IBUF_BUFG_inst/O
    X1Y3 (CLOCK_ROOT)    net (fo=39327, routed)       1.607     3.106    FSRCNN_CORE_i/FSRCNN_CORE/D_top_0/inst/inst_FIFO/U0/inst_fifo_gen/gconvfifo.rf/grf.rf/gntv_or_sync_fifo.mem/gbm.gbmg.gbmgb.ngecc.bmg/inst_blk_mem_gen/gnbram.gnativebmg.native_blk_mem_gen/valid.cstr/ramloop[0].ram.r/prim_noinit.ram/clk
    RAMB18_X5Y154        RAMB18E2                                     r  FSRCNN_CORE_i/FSRCNN_CORE/D_top_0/inst/inst_FIFO/U0/inst_fifo_gen/gconvfifo.rf/grf.rf/gntv_or_sync_fifo.mem/gbm.gbmg.gbmgb.ngecc.bmg/inst_blk_mem_gen/gnbram.gnativebmg.native_blk_mem_gen/valid.cstr/ramloop[0].ram.r/prim_noinit.ram/DEVICE_8SERIES.NO_BMM_INFO.SDP.SIMPLE_PRIM18.ram/CLKBWRCLK
  -------------------------------------------------------------------    -------------------
    RAMB18_X5Y154        RAMB18E2 (Prop_RAMB18E2_L_RAMB180_CLKBWRCLK_DOUTBDOUT[11])
                                                      0.129     3.235 r  FSRCNN_CORE_i/FSRCNN_CORE/D_top_0/inst/inst_FIFO/U0/inst_fifo_gen/gconvfifo.rf/grf.rf/gntv_or_sync_fifo.mem/gbm.gbmg.gbmgb.ngecc.bmg/inst_blk_mem_gen/gnbram.gnativebmg.native_blk_mem_gen/valid.cstr/ramloop[0].ram.r/prim_noinit.ram/DEVICE_8SERIES.NO_BMM_INFO.SDP.SIMPLE_PRIM18.ram/DOUTBDOUT[11]
                         net (fo=1, routed)           1.609     4.844    m_axis_0_tdata_OBUF[7]
    N12                  OBUF (Prop_OUTBUF_HPIOB_S_I_O)
                                                      0.383     5.227 r  m_axis_0_tdata_OBUF[7]_inst/O
                         net (fo=0)                   0.000     5.227    m_axis_0_tdata[7]
    N12                                                               r  m_axis_0_tdata[7] (OUT)
  -------------------------------------------------------------------    -------------------

Slack:                    inf
  Source:                 FSRCNN_CORE_i/FSRCNN_CORE/D_top_0/inst/inst_FIFO/U0/inst_fifo_gen/gconvfifo.rf/grf.rf/gntv_or_sync_fifo.mem/gbm.gbmg.gbmgb.ngecc.bmg/inst_blk_mem_gen/gnbram.gnativebmg.native_blk_mem_gen/valid.cstr/ramloop[0].ram.r/prim_noinit.ram/DEVICE_8SERIES.NO_BMM_INFO.SDP.SIMPLE_PRIM18.ram/CLKBWRCLK
                            (rising edge-triggered cell RAMB18E2 clocked by ref_clk  {rise@0.000ns fall@1.666ns period=3.333ns})
  Destination:            m_axis_0_tdata[4]
                            (output port)
  Path Group:             (none)
  Path Type:              Min at Fast Process Corner
  Data Path Delay:        2.126ns  (logic 0.513ns (24.142%)  route 1.613ns (75.858%))
  Logic Levels:           1  (OBUF=1)
  Clock Uncertainty:      0.025ns  ((TSJ^2 + TIJ^2)^1/2 + DJ) / 2 + PE
    Total System Jitter     (TSJ):    0.050ns
    Total Input Jitter      (TIJ):    0.000ns
    Discrete Jitter          (DJ):    0.000ns
    Phase Error              (PE):    0.000ns
  Clock Net Delay (Source):      1.607ns (routing 0.763ns, distribution 0.844ns)

    Location             Delay type                Incr(ns)  Path(ns)    Netlist Resource(s)
  -------------------------------------------------------------------    -------------------
                         (clock ref_clk rise edge)    0.000     0.000 r  
    P10                                               0.000     0.000 r  axi_clk_0 (IN)
                         net (fo=0)                   0.000     0.000    axi_clk_0_IBUF_inst/I
    P10                  INBUF (Prop_INBUF_HPIOB_M_PAD_O)
                                                      0.180     0.180 r  axi_clk_0_IBUF_inst/INBUF_INST/O
                         net (fo=1, routed)           0.000     0.180    axi_clk_0_IBUF_inst/OUT
    P10                  IBUFCTRL (Prop_IBUFCTRL_HPIOB_M_I_O)
                                                      0.000     0.180 r  axi_clk_0_IBUF_inst/IBUFCTRL_INST/O
                         net (fo=1, routed)           1.302     1.482    axi_clk_0_IBUF
    BUFGCE_HDIO_X0Y8     BUFGCE (Prop_BUFCE_BUFGCE_HDIO_I_O)
                                                      0.017     1.499 r  axi_clk_0_IBUF_BUFG_inst/O
    X1Y3 (CLOCK_ROOT)    net (fo=39327, routed)       1.607     3.106    FSRCNN_CORE_i/FSRCNN_CORE/D_top_0/inst/inst_FIFO/U0/inst_fifo_gen/gconvfifo.rf/grf.rf/gntv_or_sync_fifo.mem/gbm.gbmg.gbmgb.ngecc.bmg/inst_blk_mem_gen/gnbram.gnativebmg.native_blk_mem_gen/valid.cstr/ramloop[0].ram.r/prim_noinit.ram/clk
    RAMB18_X5Y154        RAMB18E2                                     r  FSRCNN_CORE_i/FSRCNN_CORE/D_top_0/inst/inst_FIFO/U0/inst_fifo_gen/gconvfifo.rf/grf.rf/gntv_or_sync_fifo.mem/gbm.gbmg.gbmgb.ngecc.bmg/inst_blk_mem_gen/gnbram.gnativebmg.native_blk_mem_gen/valid.cstr/ramloop[0].ram.r/prim_noinit.ram/DEVICE_8SERIES.NO_BMM_INFO.SDP.SIMPLE_PRIM18.ram/CLKBWRCLK
  -------------------------------------------------------------------    -------------------
    RAMB18_X5Y154        RAMB18E2 (Prop_RAMB18E2_L_RAMB180_CLKBWRCLK_DOUTBDOUT[8])
                                                      0.130     3.236 r  FSRCNN_CORE_i/FSRCNN_CORE/D_top_0/inst/inst_FIFO/U0/inst_fifo_gen/gconvfifo.rf/grf.rf/gntv_or_sync_fifo.mem/gbm.gbmg.gbmgb.ngecc.bmg/inst_blk_mem_gen/gnbram.gnativebmg.native_blk_mem_gen/valid.cstr/ramloop[0].ram.r/prim_noinit.ram/DEVICE_8SERIES.NO_BMM_INFO.SDP.SIMPLE_PRIM18.ram/DOUTBDOUT[8]
                         net (fo=1, routed)           1.613     4.849    m_axis_0_tdata_OBUF[4]
    N13                  OBUF (Prop_OUTBUF_HPIOB_M_I_O)
                                                      0.383     5.232 r  m_axis_0_tdata_OBUF[4]_inst/O
                         net (fo=0)                   0.000     5.232    m_axis_0_tdata[4]
    N13                                                               r  m_axis_0_tdata[4] (OUT)
  -------------------------------------------------------------------    -------------------

Slack:                    inf
  Source:                 FSRCNN_CORE_i/FSRCNN_CORE/D_top_0/inst/inst_FIFO/U0/inst_fifo_gen/gconvfifo.rf/grf.rf/gntv_or_sync_fifo.mem/gbm.gbmg.gbmgb.ngecc.bmg/inst_blk_mem_gen/gnbram.gnativebmg.native_blk_mem_gen/valid.cstr/ramloop[0].ram.r/prim_noinit.ram/DEVICE_8SERIES.NO_BMM_INFO.SDP.SIMPLE_PRIM18.ram/CLKBWRCLK
                            (rising edge-triggered cell RAMB18E2 clocked by ref_clk  {rise@0.000ns fall@1.666ns period=3.333ns})
  Destination:            m_axis_0_tdata[5]
                            (output port)
  Path Group:             (none)
  Path Type:              Min at Fast Process Corner
  Data Path Delay:        2.127ns  (logic 0.513ns (24.121%)  route 1.614ns (75.879%))
  Logic Levels:           1  (OBUF=1)
  Clock Uncertainty:      0.025ns  ((TSJ^2 + TIJ^2)^1/2 + DJ) / 2 + PE
    Total System Jitter     (TSJ):    0.050ns
    Total Input Jitter      (TIJ):    0.000ns
    Discrete Jitter          (DJ):    0.000ns
    Phase Error              (PE):    0.000ns
  Clock Net Delay (Source):      1.607ns (routing 0.763ns, distribution 0.844ns)

    Location             Delay type                Incr(ns)  Path(ns)    Netlist Resource(s)
  -------------------------------------------------------------------    -------------------
                         (clock ref_clk rise edge)    0.000     0.000 r  
    P10                                               0.000     0.000 r  axi_clk_0 (IN)
                         net (fo=0)                   0.000     0.000    axi_clk_0_IBUF_inst/I
    P10                  INBUF (Prop_INBUF_HPIOB_M_PAD_O)
                                                      0.180     0.180 r  axi_clk_0_IBUF_inst/INBUF_INST/O
                         net (fo=1, routed)           0.000     0.180    axi_clk_0_IBUF_inst/OUT
    P10                  IBUFCTRL (Prop_IBUFCTRL_HPIOB_M_I_O)
                                                      0.000     0.180 r  axi_clk_0_IBUF_inst/IBUFCTRL_INST/O
                         net (fo=1, routed)           1.302     1.482    axi_clk_0_IBUF
    BUFGCE_HDIO_X0Y8     BUFGCE (Prop_BUFCE_BUFGCE_HDIO_I_O)
                                                      0.017     1.499 r  axi_clk_0_IBUF_BUFG_inst/O
    X1Y3 (CLOCK_ROOT)    net (fo=39327, routed)       1.607     3.106    FSRCNN_CORE_i/FSRCNN_CORE/D_top_0/inst/inst_FIFO/U0/inst_fifo_gen/gconvfifo.rf/grf.rf/gntv_or_sync_fifo.mem/gbm.gbmg.gbmgb.ngecc.bmg/inst_blk_mem_gen/gnbram.gnativebmg.native_blk_mem_gen/valid.cstr/ramloop[0].ram.r/prim_noinit.ram/clk
    RAMB18_X5Y154        RAMB18E2                                     r  FSRCNN_CORE_i/FSRCNN_CORE/D_top_0/inst/inst_FIFO/U0/inst_fifo_gen/gconvfifo.rf/grf.rf/gntv_or_sync_fifo.mem/gbm.gbmg.gbmgb.ngecc.bmg/inst_blk_mem_gen/gnbram.gnativebmg.native_blk_mem_gen/valid.cstr/ramloop[0].ram.r/prim_noinit.ram/DEVICE_8SERIES.NO_BMM_INFO.SDP.SIMPLE_PRIM18.ram/CLKBWRCLK
  -------------------------------------------------------------------    -------------------
    RAMB18_X5Y154        RAMB18E2 (Prop_RAMB18E2_L_RAMB180_CLKBWRCLK_DOUTBDOUT[9])
                                                      0.130     3.236 r  FSRCNN_CORE_i/FSRCNN_CORE/D_top_0/inst/inst_FIFO/U0/inst_fifo_gen/gconvfifo.rf/grf.rf/gntv_or_sync_fifo.mem/gbm.gbmg.gbmgb.ngecc.bmg/inst_blk_mem_gen/gnbram.gnativebmg.native_blk_mem_gen/valid.cstr/ramloop[0].ram.r/prim_noinit.ram/DEVICE_8SERIES.NO_BMM_INFO.SDP.SIMPLE_PRIM18.ram/DOUTBDOUT[9]
                         net (fo=1, routed)           1.614     4.850    m_axis_0_tdata_OBUF[5]
    M13                  OBUF (Prop_OUTBUF_HPIOB_S_I_O)
                                                      0.383     5.233 r  m_axis_0_tdata_OBUF[5]_inst/O
                         net (fo=0)                   0.000     5.233    m_axis_0_tdata[5]
    M13                                                               r  m_axis_0_tdata[5] (OUT)
  -------------------------------------------------------------------    -------------------





--------------------------------------------------------------------------------------
Path Group:  (none)
From Clock:  
  To Clock:  ref_clk

Max Delay         19198 Endpoints
Min Delay         19198 Endpoints
--------------------------------------------------------------------------------------


Max Delay Paths
--------------------------------------------------------------------------------------
Slack:                    inf
  Source:                 axi_reset_n_0
                            (input port)
  Destination:            FSRCNN_CORE_i/FSRCNN_CORE/D_top_0/inst/inst_FIFO/U0/inst_fifo_gen/gconvfifo.rf/grf.rf/gntv_or_sync_fifo.gl0.wr/wpntr/gcc0.gc0.count_reg[1]/R
                            (rising edge-triggered cell FDRE clocked by ref_clk  {rise@0.000ns fall@1.666ns period=3.333ns})
  Path Group:             (none)
  Path Type:              Setup (Max at Slow Process Corner)
  Data Path Delay:        5.943ns  (logic 0.647ns (10.894%)  route 5.296ns (89.106%))
  Logic Levels:           3  (IBUFCTRL=1 INBUF=1 LUT2=1)
  Clock Path Skew:        4.656ns (DCD - SCD + CPR)
    Destination Clock Delay (DCD):    4.656ns
    Source Clock Delay      (SCD):    0.000ns
    Clock Pessimism Removal (CPR):    0.000ns
  Clock Uncertainty:      0.025ns  ((TSJ^2 + TIJ^2)^1/2 + DJ) / 2 + PE
    Total System Jitter     (TSJ):    0.050ns
    Total Input Jitter      (TIJ):    0.000ns
    Discrete Jitter          (DJ):    0.000ns
    Phase Error              (PE):    0.000ns
  Clock Net Delay (Destination): 2.542ns (routing 1.261ns, distribution 1.281ns)

    Location             Delay type                Incr(ns)  Path(ns)    Netlist Resource(s)
  -------------------------------------------------------------------    -------------------
    U11                                               0.000     0.000 f  axi_reset_n_0 (IN)
                         net (fo=0)                   0.000     0.000    axi_reset_n_0_IBUF_inst/I
    U11                  INBUF (Prop_INBUF_HPIOB_M_PAD_O)
                                                      0.510     0.510 f  axi_reset_n_0_IBUF_inst/INBUF_INST/O
                         net (fo=1, routed)           0.000     0.510    axi_reset_n_0_IBUF_inst/OUT
    U11                  IBUFCTRL (Prop_IBUFCTRL_HPIOB_M_I_O)
                                                      0.000     0.510 f  axi_reset_n_0_IBUF_inst/IBUFCTRL_INST/O
                         net (fo=13870, routed)       4.350     4.861    FSRCNN_CORE_i/FSRCNN_CORE/D_top_0/inst/inst_FIFO/U0/inst_fifo_gen/gconvfifo.rf/grf.rf/rstblk/g8serrst.usrst_inst/srst
    SLICE_X41Y387        LUT2 (Prop_C5LUT_SLICEM_I0_O)
                                                      0.137     4.998 r  FSRCNN_CORE_i/FSRCNN_CORE/D_top_0/inst/inst_FIFO/U0/inst_fifo_gen/gconvfifo.rf/grf.rf/rstblk/g8serrst.usrst_inst/DEVICE_8SERIES.NO_BMM_INFO.SDP.SIMPLE_PRIM18.ram_i_4/O
                         net (fo=66, routed)          0.945     5.943    FSRCNN_CORE_i/FSRCNN_CORE/D_top_0/inst/inst_FIFO/U0/inst_fifo_gen/gconvfifo.rf/grf.rf/gntv_or_sync_fifo.gl0.wr/wpntr/srst_full_ff_i
    SLICE_X39Y390        FDRE                                         r  FSRCNN_CORE_i/FSRCNN_CORE/D_top_0/inst/inst_FIFO/U0/inst_fifo_gen/gconvfifo.rf/grf.rf/gntv_or_sync_fifo.gl0.wr/wpntr/gcc0.gc0.count_reg[1]/R
  -------------------------------------------------------------------    -------------------

                         (clock ref_clk rise edge)    0.000     0.000 r  
    P10                                               0.000     0.000 r  axi_clk_0 (IN)
                         net (fo=0)                   0.000     0.000    axi_clk_0_IBUF_inst/I
    P10                  INBUF (Prop_INBUF_HPIOB_M_PAD_O)
                                                      0.295     0.295 r  axi_clk_0_IBUF_inst/INBUF_INST/O
                         net (fo=1, routed)           0.000     0.295    axi_clk_0_IBUF_inst/OUT
    P10                  IBUFCTRL (Prop_IBUFCTRL_HPIOB_M_I_O)
                                                      0.000     0.295 r  axi_clk_0_IBUF_inst/IBUFCTRL_INST/O
                         net (fo=1, routed)           1.795     2.090    axi_clk_0_IBUF
    BUFGCE_HDIO_X0Y8     BUFGCE (Prop_BUFCE_BUFGCE_HDIO_I_O)
                                                      0.024     2.114 r  axi_clk_0_IBUF_BUFG_inst/O
    X1Y3 (CLOCK_ROOT)    net (fo=39327, routed)       2.542     4.656    FSRCNN_CORE_i/FSRCNN_CORE/D_top_0/inst/inst_FIFO/U0/inst_fifo_gen/gconvfifo.rf/grf.rf/gntv_or_sync_fifo.gl0.wr/wpntr/clk
    SLICE_X39Y390        FDRE                                         r  FSRCNN_CORE_i/FSRCNN_CORE/D_top_0/inst/inst_FIFO/U0/inst_fifo_gen/gconvfifo.rf/grf.rf/gntv_or_sync_fifo.gl0.wr/wpntr/gcc0.gc0.count_reg[1]/C

Slack:                    inf
  Source:                 axi_reset_n_0
                            (input port)
  Destination:            FSRCNN_CORE_i/FSRCNN_CORE/D_top_0/inst/inst_FIFO/U0/inst_fifo_gen/gconvfifo.rf/grf.rf/gntv_or_sync_fifo.gl0.wr/wpntr/gcc0.gc0.count_reg[2]/R
                            (rising edge-triggered cell FDRE clocked by ref_clk  {rise@0.000ns fall@1.666ns period=3.333ns})
  Path Group:             (none)
  Path Type:              Setup (Max at Slow Process Corner)
  Data Path Delay:        5.943ns  (logic 0.647ns (10.894%)  route 5.296ns (89.106%))
  Logic Levels:           3  (IBUFCTRL=1 INBUF=1 LUT2=1)
  Clock Path Skew:        4.656ns (DCD - SCD + CPR)
    Destination Clock Delay (DCD):    4.656ns
    Source Clock Delay      (SCD):    0.000ns
    Clock Pessimism Removal (CPR):    0.000ns
  Clock Uncertainty:      0.025ns  ((TSJ^2 + TIJ^2)^1/2 + DJ) / 2 + PE
    Total System Jitter     (TSJ):    0.050ns
    Total Input Jitter      (TIJ):    0.000ns
    Discrete Jitter          (DJ):    0.000ns
    Phase Error              (PE):    0.000ns
  Clock Net Delay (Destination): 2.542ns (routing 1.261ns, distribution 1.281ns)

    Location             Delay type                Incr(ns)  Path(ns)    Netlist Resource(s)
  -------------------------------------------------------------------    -------------------
    U11                                               0.000     0.000 f  axi_reset_n_0 (IN)
                         net (fo=0)                   0.000     0.000    axi_reset_n_0_IBUF_inst/I
    U11                  INBUF (Prop_INBUF_HPIOB_M_PAD_O)
                                                      0.510     0.510 f  axi_reset_n_0_IBUF_inst/INBUF_INST/O
                         net (fo=1, routed)           0.000     0.510    axi_reset_n_0_IBUF_inst/OUT
    U11                  IBUFCTRL (Prop_IBUFCTRL_HPIOB_M_I_O)
                                                      0.000     0.510 f  axi_reset_n_0_IBUF_inst/IBUFCTRL_INST/O
                         net (fo=13870, routed)       4.350     4.861    FSRCNN_CORE_i/FSRCNN_CORE/D_top_0/inst/inst_FIFO/U0/inst_fifo_gen/gconvfifo.rf/grf.rf/rstblk/g8serrst.usrst_inst/srst
    SLICE_X41Y387        LUT2 (Prop_C5LUT_SLICEM_I0_O)
                                                      0.137     4.998 r  FSRCNN_CORE_i/FSRCNN_CORE/D_top_0/inst/inst_FIFO/U0/inst_fifo_gen/gconvfifo.rf/grf.rf/rstblk/g8serrst.usrst_inst/DEVICE_8SERIES.NO_BMM_INFO.SDP.SIMPLE_PRIM18.ram_i_4/O
                         net (fo=66, routed)          0.945     5.943    FSRCNN_CORE_i/FSRCNN_CORE/D_top_0/inst/inst_FIFO/U0/inst_fifo_gen/gconvfifo.rf/grf.rf/gntv_or_sync_fifo.gl0.wr/wpntr/srst_full_ff_i
    SLICE_X39Y390        FDRE                                         r  FSRCNN_CORE_i/FSRCNN_CORE/D_top_0/inst/inst_FIFO/U0/inst_fifo_gen/gconvfifo.rf/grf.rf/gntv_or_sync_fifo.gl0.wr/wpntr/gcc0.gc0.count_reg[2]/R
  -------------------------------------------------------------------    -------------------

                         (clock ref_clk rise edge)    0.000     0.000 r  
    P10                                               0.000     0.000 r  axi_clk_0 (IN)
                         net (fo=0)                   0.000     0.000    axi_clk_0_IBUF_inst/I
    P10                  INBUF (Prop_INBUF_HPIOB_M_PAD_O)
                                                      0.295     0.295 r  axi_clk_0_IBUF_inst/INBUF_INST/O
                         net (fo=1, routed)           0.000     0.295    axi_clk_0_IBUF_inst/OUT
    P10                  IBUFCTRL (Prop_IBUFCTRL_HPIOB_M_I_O)
                                                      0.000     0.295 r  axi_clk_0_IBUF_inst/IBUFCTRL_INST/O
                         net (fo=1, routed)           1.795     2.090    axi_clk_0_IBUF
    BUFGCE_HDIO_X0Y8     BUFGCE (Prop_BUFCE_BUFGCE_HDIO_I_O)
                                                      0.024     2.114 r  axi_clk_0_IBUF_BUFG_inst/O
    X1Y3 (CLOCK_ROOT)    net (fo=39327, routed)       2.542     4.656    FSRCNN_CORE_i/FSRCNN_CORE/D_top_0/inst/inst_FIFO/U0/inst_fifo_gen/gconvfifo.rf/grf.rf/gntv_or_sync_fifo.gl0.wr/wpntr/clk
    SLICE_X39Y390        FDRE                                         r  FSRCNN_CORE_i/FSRCNN_CORE/D_top_0/inst/inst_FIFO/U0/inst_fifo_gen/gconvfifo.rf/grf.rf/gntv_or_sync_fifo.gl0.wr/wpntr/gcc0.gc0.count_reg[2]/C

Slack:                    inf
  Source:                 axi_reset_n_0
                            (input port)
  Destination:            FSRCNN_CORE_i/FSRCNN_CORE/D_top_0/inst/inst_FIFO/U0/inst_fifo_gen/gconvfifo.rf/grf.rf/gntv_or_sync_fifo.gl0.wr/wpntr/gcc0.gc0.count_reg[3]/R
                            (rising edge-triggered cell FDRE clocked by ref_clk  {rise@0.000ns fall@1.666ns period=3.333ns})
  Path Group:             (none)
  Path Type:              Setup (Max at Slow Process Corner)
  Data Path Delay:        5.943ns  (logic 0.647ns (10.894%)  route 5.296ns (89.106%))
  Logic Levels:           3  (IBUFCTRL=1 INBUF=1 LUT2=1)
  Clock Path Skew:        4.656ns (DCD - SCD + CPR)
    Destination Clock Delay (DCD):    4.656ns
    Source Clock Delay      (SCD):    0.000ns
    Clock Pessimism Removal (CPR):    0.000ns
  Clock Uncertainty:      0.025ns  ((TSJ^2 + TIJ^2)^1/2 + DJ) / 2 + PE
    Total System Jitter     (TSJ):    0.050ns
    Total Input Jitter      (TIJ):    0.000ns
    Discrete Jitter          (DJ):    0.000ns
    Phase Error              (PE):    0.000ns
  Clock Net Delay (Destination): 2.542ns (routing 1.261ns, distribution 1.281ns)

    Location             Delay type                Incr(ns)  Path(ns)    Netlist Resource(s)
  -------------------------------------------------------------------    -------------------
    U11                                               0.000     0.000 f  axi_reset_n_0 (IN)
                         net (fo=0)                   0.000     0.000    axi_reset_n_0_IBUF_inst/I
    U11                  INBUF (Prop_INBUF_HPIOB_M_PAD_O)
                                                      0.510     0.510 f  axi_reset_n_0_IBUF_inst/INBUF_INST/O
                         net (fo=1, routed)           0.000     0.510    axi_reset_n_0_IBUF_inst/OUT
    U11                  IBUFCTRL (Prop_IBUFCTRL_HPIOB_M_I_O)
                                                      0.000     0.510 f  axi_reset_n_0_IBUF_inst/IBUFCTRL_INST/O
                         net (fo=13870, routed)       4.350     4.861    FSRCNN_CORE_i/FSRCNN_CORE/D_top_0/inst/inst_FIFO/U0/inst_fifo_gen/gconvfifo.rf/grf.rf/rstblk/g8serrst.usrst_inst/srst
    SLICE_X41Y387        LUT2 (Prop_C5LUT_SLICEM_I0_O)
                                                      0.137     4.998 r  FSRCNN_CORE_i/FSRCNN_CORE/D_top_0/inst/inst_FIFO/U0/inst_fifo_gen/gconvfifo.rf/grf.rf/rstblk/g8serrst.usrst_inst/DEVICE_8SERIES.NO_BMM_INFO.SDP.SIMPLE_PRIM18.ram_i_4/O
                         net (fo=66, routed)          0.945     5.943    FSRCNN_CORE_i/FSRCNN_CORE/D_top_0/inst/inst_FIFO/U0/inst_fifo_gen/gconvfifo.rf/grf.rf/gntv_or_sync_fifo.gl0.wr/wpntr/srst_full_ff_i
    SLICE_X39Y390        FDRE                                         r  FSRCNN_CORE_i/FSRCNN_CORE/D_top_0/inst/inst_FIFO/U0/inst_fifo_gen/gconvfifo.rf/grf.rf/gntv_or_sync_fifo.gl0.wr/wpntr/gcc0.gc0.count_reg[3]/R
  -------------------------------------------------------------------    -------------------

                         (clock ref_clk rise edge)    0.000     0.000 r  
    P10                                               0.000     0.000 r  axi_clk_0 (IN)
                         net (fo=0)                   0.000     0.000    axi_clk_0_IBUF_inst/I
    P10                  INBUF (Prop_INBUF_HPIOB_M_PAD_O)
                                                      0.295     0.295 r  axi_clk_0_IBUF_inst/INBUF_INST/O
                         net (fo=1, routed)           0.000     0.295    axi_clk_0_IBUF_inst/OUT
    P10                  IBUFCTRL (Prop_IBUFCTRL_HPIOB_M_I_O)
                                                      0.000     0.295 r  axi_clk_0_IBUF_inst/IBUFCTRL_INST/O
                         net (fo=1, routed)           1.795     2.090    axi_clk_0_IBUF
    BUFGCE_HDIO_X0Y8     BUFGCE (Prop_BUFCE_BUFGCE_HDIO_I_O)
                                                      0.024     2.114 r  axi_clk_0_IBUF_BUFG_inst/O
    X1Y3 (CLOCK_ROOT)    net (fo=39327, routed)       2.542     4.656    FSRCNN_CORE_i/FSRCNN_CORE/D_top_0/inst/inst_FIFO/U0/inst_fifo_gen/gconvfifo.rf/grf.rf/gntv_or_sync_fifo.gl0.wr/wpntr/clk
    SLICE_X39Y390        FDRE                                         r  FSRCNN_CORE_i/FSRCNN_CORE/D_top_0/inst/inst_FIFO/U0/inst_fifo_gen/gconvfifo.rf/grf.rf/gntv_or_sync_fifo.gl0.wr/wpntr/gcc0.gc0.count_reg[3]/C

Slack:                    inf
  Source:                 axi_reset_n_0
                            (input port)
  Destination:            FSRCNN_CORE_i/FSRCNN_CORE/D_top_0/inst/inst_FIFO/U0/inst_fifo_gen/gconvfifo.rf/grf.rf/gntv_or_sync_fifo.gl0.wr/wpntr/gcc0.gc0.count_reg[4]/R
                            (rising edge-triggered cell FDRE clocked by ref_clk  {rise@0.000ns fall@1.666ns period=3.333ns})
  Path Group:             (none)
  Path Type:              Setup (Max at Slow Process Corner)
  Data Path Delay:        5.943ns  (logic 0.647ns (10.894%)  route 5.296ns (89.106%))
  Logic Levels:           3  (IBUFCTRL=1 INBUF=1 LUT2=1)
  Clock Path Skew:        4.656ns (DCD - SCD + CPR)
    Destination Clock Delay (DCD):    4.656ns
    Source Clock Delay      (SCD):    0.000ns
    Clock Pessimism Removal (CPR):    0.000ns
  Clock Uncertainty:      0.025ns  ((TSJ^2 + TIJ^2)^1/2 + DJ) / 2 + PE
    Total System Jitter     (TSJ):    0.050ns
    Total Input Jitter      (TIJ):    0.000ns
    Discrete Jitter          (DJ):    0.000ns
    Phase Error              (PE):    0.000ns
  Clock Net Delay (Destination): 2.542ns (routing 1.261ns, distribution 1.281ns)

    Location             Delay type                Incr(ns)  Path(ns)    Netlist Resource(s)
  -------------------------------------------------------------------    -------------------
    U11                                               0.000     0.000 f  axi_reset_n_0 (IN)
                         net (fo=0)                   0.000     0.000    axi_reset_n_0_IBUF_inst/I
    U11                  INBUF (Prop_INBUF_HPIOB_M_PAD_O)
                                                      0.510     0.510 f  axi_reset_n_0_IBUF_inst/INBUF_INST/O
                         net (fo=1, routed)           0.000     0.510    axi_reset_n_0_IBUF_inst/OUT
    U11                  IBUFCTRL (Prop_IBUFCTRL_HPIOB_M_I_O)
                                                      0.000     0.510 f  axi_reset_n_0_IBUF_inst/IBUFCTRL_INST/O
                         net (fo=13870, routed)       4.350     4.861    FSRCNN_CORE_i/FSRCNN_CORE/D_top_0/inst/inst_FIFO/U0/inst_fifo_gen/gconvfifo.rf/grf.rf/rstblk/g8serrst.usrst_inst/srst
    SLICE_X41Y387        LUT2 (Prop_C5LUT_SLICEM_I0_O)
                                                      0.137     4.998 r  FSRCNN_CORE_i/FSRCNN_CORE/D_top_0/inst/inst_FIFO/U0/inst_fifo_gen/gconvfifo.rf/grf.rf/rstblk/g8serrst.usrst_inst/DEVICE_8SERIES.NO_BMM_INFO.SDP.SIMPLE_PRIM18.ram_i_4/O
                         net (fo=66, routed)          0.945     5.943    FSRCNN_CORE_i/FSRCNN_CORE/D_top_0/inst/inst_FIFO/U0/inst_fifo_gen/gconvfifo.rf/grf.rf/gntv_or_sync_fifo.gl0.wr/wpntr/srst_full_ff_i
    SLICE_X39Y390        FDRE                                         r  FSRCNN_CORE_i/FSRCNN_CORE/D_top_0/inst/inst_FIFO/U0/inst_fifo_gen/gconvfifo.rf/grf.rf/gntv_or_sync_fifo.gl0.wr/wpntr/gcc0.gc0.count_reg[4]/R
  -------------------------------------------------------------------    -------------------

                         (clock ref_clk rise edge)    0.000     0.000 r  
    P10                                               0.000     0.000 r  axi_clk_0 (IN)
                         net (fo=0)                   0.000     0.000    axi_clk_0_IBUF_inst/I
    P10                  INBUF (Prop_INBUF_HPIOB_M_PAD_O)
                                                      0.295     0.295 r  axi_clk_0_IBUF_inst/INBUF_INST/O
                         net (fo=1, routed)           0.000     0.295    axi_clk_0_IBUF_inst/OUT
    P10                  IBUFCTRL (Prop_IBUFCTRL_HPIOB_M_I_O)
                                                      0.000     0.295 r  axi_clk_0_IBUF_inst/IBUFCTRL_INST/O
                         net (fo=1, routed)           1.795     2.090    axi_clk_0_IBUF
    BUFGCE_HDIO_X0Y8     BUFGCE (Prop_BUFCE_BUFGCE_HDIO_I_O)
                                                      0.024     2.114 r  axi_clk_0_IBUF_BUFG_inst/O
    X1Y3 (CLOCK_ROOT)    net (fo=39327, routed)       2.542     4.656    FSRCNN_CORE_i/FSRCNN_CORE/D_top_0/inst/inst_FIFO/U0/inst_fifo_gen/gconvfifo.rf/grf.rf/gntv_or_sync_fifo.gl0.wr/wpntr/clk
    SLICE_X39Y390        FDRE                                         r  FSRCNN_CORE_i/FSRCNN_CORE/D_top_0/inst/inst_FIFO/U0/inst_fifo_gen/gconvfifo.rf/grf.rf/gntv_or_sync_fifo.gl0.wr/wpntr/gcc0.gc0.count_reg[4]/C

Slack:                    inf
  Source:                 axi_reset_n_0
                            (input port)
  Destination:            FSRCNN_CORE_i/FSRCNN_CORE/D_top_0/inst/inst_FIFO/U0/inst_fifo_gen/gconvfifo.rf/grf.rf/gntv_or_sync_fifo.gl0.wr/wpntr/gcc0.gc0.count_d1_reg[0]/R
                            (rising edge-triggered cell FDRE clocked by ref_clk  {rise@0.000ns fall@1.666ns period=3.333ns})
  Path Group:             (none)
  Path Type:              Setup (Max at Slow Process Corner)
  Data Path Delay:        5.942ns  (logic 0.647ns (10.896%)  route 5.295ns (89.104%))
  Logic Levels:           3  (IBUFCTRL=1 INBUF=1 LUT2=1)
  Clock Path Skew:        4.658ns (DCD - SCD + CPR)
    Destination Clock Delay (DCD):    4.658ns
    Source Clock Delay      (SCD):    0.000ns
    Clock Pessimism Removal (CPR):    0.000ns
  Clock Uncertainty:      0.025ns  ((TSJ^2 + TIJ^2)^1/2 + DJ) / 2 + PE
    Total System Jitter     (TSJ):    0.050ns
    Total Input Jitter      (TIJ):    0.000ns
    Discrete Jitter          (DJ):    0.000ns
    Phase Error              (PE):    0.000ns
  Clock Net Delay (Destination): 2.544ns (routing 1.261ns, distribution 1.283ns)

    Location             Delay type                Incr(ns)  Path(ns)    Netlist Resource(s)
  -------------------------------------------------------------------    -------------------
    U11                                               0.000     0.000 f  axi_reset_n_0 (IN)
                         net (fo=0)                   0.000     0.000    axi_reset_n_0_IBUF_inst/I
    U11                  INBUF (Prop_INBUF_HPIOB_M_PAD_O)
                                                      0.510     0.510 f  axi_reset_n_0_IBUF_inst/INBUF_INST/O
                         net (fo=1, routed)           0.000     0.510    axi_reset_n_0_IBUF_inst/OUT
    U11                  IBUFCTRL (Prop_IBUFCTRL_HPIOB_M_I_O)
                                                      0.000     0.510 f  axi_reset_n_0_IBUF_inst/IBUFCTRL_INST/O
                         net (fo=13870, routed)       4.350     4.861    FSRCNN_CORE_i/FSRCNN_CORE/D_top_0/inst/inst_FIFO/U0/inst_fifo_gen/gconvfifo.rf/grf.rf/rstblk/g8serrst.usrst_inst/srst
    SLICE_X41Y387        LUT2 (Prop_C5LUT_SLICEM_I0_O)
                                                      0.137     4.998 r  FSRCNN_CORE_i/FSRCNN_CORE/D_top_0/inst/inst_FIFO/U0/inst_fifo_gen/gconvfifo.rf/grf.rf/rstblk/g8serrst.usrst_inst/DEVICE_8SERIES.NO_BMM_INFO.SDP.SIMPLE_PRIM18.ram_i_4/O
                         net (fo=66, routed)          0.944     5.942    FSRCNN_CORE_i/FSRCNN_CORE/D_top_0/inst/inst_FIFO/U0/inst_fifo_gen/gconvfifo.rf/grf.rf/gntv_or_sync_fifo.gl0.wr/wpntr/srst_full_ff_i
    SLICE_X39Y390        FDRE                                         r  FSRCNN_CORE_i/FSRCNN_CORE/D_top_0/inst/inst_FIFO/U0/inst_fifo_gen/gconvfifo.rf/grf.rf/gntv_or_sync_fifo.gl0.wr/wpntr/gcc0.gc0.count_d1_reg[0]/R
  -------------------------------------------------------------------    -------------------

                         (clock ref_clk rise edge)    0.000     0.000 r  
    P10                                               0.000     0.000 r  axi_clk_0 (IN)
                         net (fo=0)                   0.000     0.000    axi_clk_0_IBUF_inst/I
    P10                  INBUF (Prop_INBUF_HPIOB_M_PAD_O)
                                                      0.295     0.295 r  axi_clk_0_IBUF_inst/INBUF_INST/O
                         net (fo=1, routed)           0.000     0.295    axi_clk_0_IBUF_inst/OUT
    P10                  IBUFCTRL (Prop_IBUFCTRL_HPIOB_M_I_O)
                                                      0.000     0.295 r  axi_clk_0_IBUF_inst/IBUFCTRL_INST/O
                         net (fo=1, routed)           1.795     2.090    axi_clk_0_IBUF
    BUFGCE_HDIO_X0Y8     BUFGCE (Prop_BUFCE_BUFGCE_HDIO_I_O)
                                                      0.024     2.114 r  axi_clk_0_IBUF_BUFG_inst/O
    X1Y3 (CLOCK_ROOT)    net (fo=39327, routed)       2.544     4.658    FSRCNN_CORE_i/FSRCNN_CORE/D_top_0/inst/inst_FIFO/U0/inst_fifo_gen/gconvfifo.rf/grf.rf/gntv_or_sync_fifo.gl0.wr/wpntr/clk
    SLICE_X39Y390        FDRE                                         r  FSRCNN_CORE_i/FSRCNN_CORE/D_top_0/inst/inst_FIFO/U0/inst_fifo_gen/gconvfifo.rf/grf.rf/gntv_or_sync_fifo.gl0.wr/wpntr/gcc0.gc0.count_d1_reg[0]/C

Slack:                    inf
  Source:                 axi_reset_n_0
                            (input port)
  Destination:            FSRCNN_CORE_i/FSRCNN_CORE/D_top_0/inst/inst_FIFO/U0/inst_fifo_gen/gconvfifo.rf/grf.rf/gntv_or_sync_fifo.gl0.wr/gwss.gpf.wrpf/gdiff.gcry_1_sym.diff_pntr_pad_reg[10]/R
                            (rising edge-triggered cell FDRE clocked by ref_clk  {rise@0.000ns fall@1.666ns period=3.333ns})
  Path Group:             (none)
  Path Type:              Setup (Max at Slow Process Corner)
  Data Path Delay:        5.939ns  (logic 0.647ns (10.901%)  route 5.292ns (89.099%))
  Logic Levels:           3  (IBUFCTRL=1 INBUF=1 LUT2=1)
  Clock Path Skew:        4.659ns (DCD - SCD + CPR)
    Destination Clock Delay (DCD):    4.659ns
    Source Clock Delay      (SCD):    0.000ns
    Clock Pessimism Removal (CPR):    0.000ns
  Clock Uncertainty:      0.025ns  ((TSJ^2 + TIJ^2)^1/2 + DJ) / 2 + PE
    Total System Jitter     (TSJ):    0.050ns
    Total Input Jitter      (TIJ):    0.000ns
    Discrete Jitter          (DJ):    0.000ns
    Phase Error              (PE):    0.000ns
  Clock Net Delay (Destination): 2.545ns (routing 1.261ns, distribution 1.284ns)

    Location             Delay type                Incr(ns)  Path(ns)    Netlist Resource(s)
  -------------------------------------------------------------------    -------------------
    U11                                               0.000     0.000 f  axi_reset_n_0 (IN)
                         net (fo=0)                   0.000     0.000    axi_reset_n_0_IBUF_inst/I
    U11                  INBUF (Prop_INBUF_HPIOB_M_PAD_O)
                                                      0.510     0.510 f  axi_reset_n_0_IBUF_inst/INBUF_INST/O
                         net (fo=1, routed)           0.000     0.510    axi_reset_n_0_IBUF_inst/OUT
    U11                  IBUFCTRL (Prop_IBUFCTRL_HPIOB_M_I_O)
                                                      0.000     0.510 f  axi_reset_n_0_IBUF_inst/IBUFCTRL_INST/O
                         net (fo=13870, routed)       4.350     4.861    FSRCNN_CORE_i/FSRCNN_CORE/D_top_0/inst/inst_FIFO/U0/inst_fifo_gen/gconvfifo.rf/grf.rf/rstblk/g8serrst.usrst_inst/srst
    SLICE_X41Y387        LUT2 (Prop_C5LUT_SLICEM_I0_O)
                                                      0.137     4.998 r  FSRCNN_CORE_i/FSRCNN_CORE/D_top_0/inst/inst_FIFO/U0/inst_fifo_gen/gconvfifo.rf/grf.rf/rstblk/g8serrst.usrst_inst/DEVICE_8SERIES.NO_BMM_INFO.SDP.SIMPLE_PRIM18.ram_i_4/O
                         net (fo=66, routed)          0.941     5.939    FSRCNN_CORE_i/FSRCNN_CORE/D_top_0/inst/inst_FIFO/U0/inst_fifo_gen/gconvfifo.rf/grf.rf/gntv_or_sync_fifo.gl0.wr/gwss.gpf.wrpf/srst_full_ff_i
    SLICE_X39Y389        FDRE                                         r  FSRCNN_CORE_i/FSRCNN_CORE/D_top_0/inst/inst_FIFO/U0/inst_fifo_gen/gconvfifo.rf/grf.rf/gntv_or_sync_fifo.gl0.wr/gwss.gpf.wrpf/gdiff.gcry_1_sym.diff_pntr_pad_reg[10]/R
  -------------------------------------------------------------------    -------------------

                         (clock ref_clk rise edge)    0.000     0.000 r  
    P10                                               0.000     0.000 r  axi_clk_0 (IN)
                         net (fo=0)                   0.000     0.000    axi_clk_0_IBUF_inst/I
    P10                  INBUF (Prop_INBUF_HPIOB_M_PAD_O)
                                                      0.295     0.295 r  axi_clk_0_IBUF_inst/INBUF_INST/O
                         net (fo=1, routed)           0.000     0.295    axi_clk_0_IBUF_inst/OUT
    P10                  IBUFCTRL (Prop_IBUFCTRL_HPIOB_M_I_O)
                                                      0.000     0.295 r  axi_clk_0_IBUF_inst/IBUFCTRL_INST/O
                         net (fo=1, routed)           1.795     2.090    axi_clk_0_IBUF
    BUFGCE_HDIO_X0Y8     BUFGCE (Prop_BUFCE_BUFGCE_HDIO_I_O)
                                                      0.024     2.114 r  axi_clk_0_IBUF_BUFG_inst/O
    X1Y3 (CLOCK_ROOT)    net (fo=39327, routed)       2.545     4.659    FSRCNN_CORE_i/FSRCNN_CORE/D_top_0/inst/inst_FIFO/U0/inst_fifo_gen/gconvfifo.rf/grf.rf/gntv_or_sync_fifo.gl0.wr/gwss.gpf.wrpf/clk
    SLICE_X39Y389        FDRE                                         r  FSRCNN_CORE_i/FSRCNN_CORE/D_top_0/inst/inst_FIFO/U0/inst_fifo_gen/gconvfifo.rf/grf.rf/gntv_or_sync_fifo.gl0.wr/gwss.gpf.wrpf/gdiff.gcry_1_sym.diff_pntr_pad_reg[10]/C

Slack:                    inf
  Source:                 axi_reset_n_0
                            (input port)
  Destination:            FSRCNN_CORE_i/FSRCNN_CORE/D_top_0/inst/inst_FIFO/U0/inst_fifo_gen/gconvfifo.rf/grf.rf/gntv_or_sync_fifo.gl0.wr/gwss.gpf.wrpf/gdiff.gcry_1_sym.diff_pntr_pad_reg[9]/R
                            (rising edge-triggered cell FDRE clocked by ref_clk  {rise@0.000ns fall@1.666ns period=3.333ns})
  Path Group:             (none)
  Path Type:              Setup (Max at Slow Process Corner)
  Data Path Delay:        5.939ns  (logic 0.647ns (10.901%)  route 5.292ns (89.099%))
  Logic Levels:           3  (IBUFCTRL=1 INBUF=1 LUT2=1)
  Clock Path Skew:        4.659ns (DCD - SCD + CPR)
    Destination Clock Delay (DCD):    4.659ns
    Source Clock Delay      (SCD):    0.000ns
    Clock Pessimism Removal (CPR):    0.000ns
  Clock Uncertainty:      0.025ns  ((TSJ^2 + TIJ^2)^1/2 + DJ) / 2 + PE
    Total System Jitter     (TSJ):    0.050ns
    Total Input Jitter      (TIJ):    0.000ns
    Discrete Jitter          (DJ):    0.000ns
    Phase Error              (PE):    0.000ns
  Clock Net Delay (Destination): 2.545ns (routing 1.261ns, distribution 1.284ns)

    Location             Delay type                Incr(ns)  Path(ns)    Netlist Resource(s)
  -------------------------------------------------------------------    -------------------
    U11                                               0.000     0.000 f  axi_reset_n_0 (IN)
                         net (fo=0)                   0.000     0.000    axi_reset_n_0_IBUF_inst/I
    U11                  INBUF (Prop_INBUF_HPIOB_M_PAD_O)
                                                      0.510     0.510 f  axi_reset_n_0_IBUF_inst/INBUF_INST/O
                         net (fo=1, routed)           0.000     0.510    axi_reset_n_0_IBUF_inst/OUT
    U11                  IBUFCTRL (Prop_IBUFCTRL_HPIOB_M_I_O)
                                                      0.000     0.510 f  axi_reset_n_0_IBUF_inst/IBUFCTRL_INST/O
                         net (fo=13870, routed)       4.350     4.861    FSRCNN_CORE_i/FSRCNN_CORE/D_top_0/inst/inst_FIFO/U0/inst_fifo_gen/gconvfifo.rf/grf.rf/rstblk/g8serrst.usrst_inst/srst
    SLICE_X41Y387        LUT2 (Prop_C5LUT_SLICEM_I0_O)
                                                      0.137     4.998 r  FSRCNN_CORE_i/FSRCNN_CORE/D_top_0/inst/inst_FIFO/U0/inst_fifo_gen/gconvfifo.rf/grf.rf/rstblk/g8serrst.usrst_inst/DEVICE_8SERIES.NO_BMM_INFO.SDP.SIMPLE_PRIM18.ram_i_4/O
                         net (fo=66, routed)          0.941     5.939    FSRCNN_CORE_i/FSRCNN_CORE/D_top_0/inst/inst_FIFO/U0/inst_fifo_gen/gconvfifo.rf/grf.rf/gntv_or_sync_fifo.gl0.wr/gwss.gpf.wrpf/srst_full_ff_i
    SLICE_X39Y389        FDRE                                         r  FSRCNN_CORE_i/FSRCNN_CORE/D_top_0/inst/inst_FIFO/U0/inst_fifo_gen/gconvfifo.rf/grf.rf/gntv_or_sync_fifo.gl0.wr/gwss.gpf.wrpf/gdiff.gcry_1_sym.diff_pntr_pad_reg[9]/R
  -------------------------------------------------------------------    -------------------

                         (clock ref_clk rise edge)    0.000     0.000 r  
    P10                                               0.000     0.000 r  axi_clk_0 (IN)
                         net (fo=0)                   0.000     0.000    axi_clk_0_IBUF_inst/I
    P10                  INBUF (Prop_INBUF_HPIOB_M_PAD_O)
                                                      0.295     0.295 r  axi_clk_0_IBUF_inst/INBUF_INST/O
                         net (fo=1, routed)           0.000     0.295    axi_clk_0_IBUF_inst/OUT
    P10                  IBUFCTRL (Prop_IBUFCTRL_HPIOB_M_I_O)
                                                      0.000     0.295 r  axi_clk_0_IBUF_inst/IBUFCTRL_INST/O
                         net (fo=1, routed)           1.795     2.090    axi_clk_0_IBUF
    BUFGCE_HDIO_X0Y8     BUFGCE (Prop_BUFCE_BUFGCE_HDIO_I_O)
                                                      0.024     2.114 r  axi_clk_0_IBUF_BUFG_inst/O
    X1Y3 (CLOCK_ROOT)    net (fo=39327, routed)       2.545     4.659    FSRCNN_CORE_i/FSRCNN_CORE/D_top_0/inst/inst_FIFO/U0/inst_fifo_gen/gconvfifo.rf/grf.rf/gntv_or_sync_fifo.gl0.wr/gwss.gpf.wrpf/clk
    SLICE_X39Y389        FDRE                                         r  FSRCNN_CORE_i/FSRCNN_CORE/D_top_0/inst/inst_FIFO/U0/inst_fifo_gen/gconvfifo.rf/grf.rf/gntv_or_sync_fifo.gl0.wr/gwss.gpf.wrpf/gdiff.gcry_1_sym.diff_pntr_pad_reg[9]/C

Slack:                    inf
  Source:                 axi_reset_n_0
                            (input port)
  Destination:            FSRCNN_CORE_i/FSRCNN_CORE/D_top_0/inst/inst_FIFO/U0/inst_fifo_gen/gconvfifo.rf/grf.rf/gntv_or_sync_fifo.gl0.wr/wpntr/gcc0.gc0.count_d1_reg[3]/R
                            (rising edge-triggered cell FDRE clocked by ref_clk  {rise@0.000ns fall@1.666ns period=3.333ns})
  Path Group:             (none)
  Path Type:              Setup (Max at Slow Process Corner)
  Data Path Delay:        5.939ns  (logic 0.647ns (10.901%)  route 5.292ns (89.099%))
  Logic Levels:           3  (IBUFCTRL=1 INBUF=1 LUT2=1)
  Clock Path Skew:        4.659ns (DCD - SCD + CPR)
    Destination Clock Delay (DCD):    4.659ns
    Source Clock Delay      (SCD):    0.000ns
    Clock Pessimism Removal (CPR):    0.000ns
  Clock Uncertainty:      0.025ns  ((TSJ^2 + TIJ^2)^1/2 + DJ) / 2 + PE
    Total System Jitter     (TSJ):    0.050ns
    Total Input Jitter      (TIJ):    0.000ns
    Discrete Jitter          (DJ):    0.000ns
    Phase Error              (PE):    0.000ns
  Clock Net Delay (Destination): 2.545ns (routing 1.261ns, distribution 1.284ns)

    Location             Delay type                Incr(ns)  Path(ns)    Netlist Resource(s)
  -------------------------------------------------------------------    -------------------
    U11                                               0.000     0.000 f  axi_reset_n_0 (IN)
                         net (fo=0)                   0.000     0.000    axi_reset_n_0_IBUF_inst/I
    U11                  INBUF (Prop_INBUF_HPIOB_M_PAD_O)
                                                      0.510     0.510 f  axi_reset_n_0_IBUF_inst/INBUF_INST/O
                         net (fo=1, routed)           0.000     0.510    axi_reset_n_0_IBUF_inst/OUT
    U11                  IBUFCTRL (Prop_IBUFCTRL_HPIOB_M_I_O)
                                                      0.000     0.510 f  axi_reset_n_0_IBUF_inst/IBUFCTRL_INST/O
                         net (fo=13870, routed)       4.350     4.861    FSRCNN_CORE_i/FSRCNN_CORE/D_top_0/inst/inst_FIFO/U0/inst_fifo_gen/gconvfifo.rf/grf.rf/rstblk/g8serrst.usrst_inst/srst
    SLICE_X41Y387        LUT2 (Prop_C5LUT_SLICEM_I0_O)
                                                      0.137     4.998 r  FSRCNN_CORE_i/FSRCNN_CORE/D_top_0/inst/inst_FIFO/U0/inst_fifo_gen/gconvfifo.rf/grf.rf/rstblk/g8serrst.usrst_inst/DEVICE_8SERIES.NO_BMM_INFO.SDP.SIMPLE_PRIM18.ram_i_4/O
                         net (fo=66, routed)          0.941     5.939    FSRCNN_CORE_i/FSRCNN_CORE/D_top_0/inst/inst_FIFO/U0/inst_fifo_gen/gconvfifo.rf/grf.rf/gntv_or_sync_fifo.gl0.wr/wpntr/srst_full_ff_i
    SLICE_X39Y389        FDRE                                         r  FSRCNN_CORE_i/FSRCNN_CORE/D_top_0/inst/inst_FIFO/U0/inst_fifo_gen/gconvfifo.rf/grf.rf/gntv_or_sync_fifo.gl0.wr/wpntr/gcc0.gc0.count_d1_reg[3]/R
  -------------------------------------------------------------------    -------------------

                         (clock ref_clk rise edge)    0.000     0.000 r  
    P10                                               0.000     0.000 r  axi_clk_0 (IN)
                         net (fo=0)                   0.000     0.000    axi_clk_0_IBUF_inst/I
    P10                  INBUF (Prop_INBUF_HPIOB_M_PAD_O)
                                                      0.295     0.295 r  axi_clk_0_IBUF_inst/INBUF_INST/O
                         net (fo=1, routed)           0.000     0.295    axi_clk_0_IBUF_inst/OUT
    P10                  IBUFCTRL (Prop_IBUFCTRL_HPIOB_M_I_O)
                                                      0.000     0.295 r  axi_clk_0_IBUF_inst/IBUFCTRL_INST/O
                         net (fo=1, routed)           1.795     2.090    axi_clk_0_IBUF
    BUFGCE_HDIO_X0Y8     BUFGCE (Prop_BUFCE_BUFGCE_HDIO_I_O)
                                                      0.024     2.114 r  axi_clk_0_IBUF_BUFG_inst/O
    X1Y3 (CLOCK_ROOT)    net (fo=39327, routed)       2.545     4.659    FSRCNN_CORE_i/FSRCNN_CORE/D_top_0/inst/inst_FIFO/U0/inst_fifo_gen/gconvfifo.rf/grf.rf/gntv_or_sync_fifo.gl0.wr/wpntr/clk
    SLICE_X39Y389        FDRE                                         r  FSRCNN_CORE_i/FSRCNN_CORE/D_top_0/inst/inst_FIFO/U0/inst_fifo_gen/gconvfifo.rf/grf.rf/gntv_or_sync_fifo.gl0.wr/wpntr/gcc0.gc0.count_d1_reg[3]/C

Slack:                    inf
  Source:                 axi_reset_n_0
                            (input port)
  Destination:            FSRCNN_CORE_i/FSRCNN_CORE/D_top_0/inst/inst_FIFO/U0/inst_fifo_gen/gconvfifo.rf/grf.rf/gntv_or_sync_fifo.gl0.wr/wpntr/gcc0.gc0.count_d1_reg[5]/R
                            (rising edge-triggered cell FDRE clocked by ref_clk  {rise@0.000ns fall@1.666ns period=3.333ns})
  Path Group:             (none)
  Path Type:              Setup (Max at Slow Process Corner)
  Data Path Delay:        5.939ns  (logic 0.647ns (10.901%)  route 5.292ns (89.099%))
  Logic Levels:           3  (IBUFCTRL=1 INBUF=1 LUT2=1)
  Clock Path Skew:        4.659ns (DCD - SCD + CPR)
    Destination Clock Delay (DCD):    4.659ns
    Source Clock Delay      (SCD):    0.000ns
    Clock Pessimism Removal (CPR):    0.000ns
  Clock Uncertainty:      0.025ns  ((TSJ^2 + TIJ^2)^1/2 + DJ) / 2 + PE
    Total System Jitter     (TSJ):    0.050ns
    Total Input Jitter      (TIJ):    0.000ns
    Discrete Jitter          (DJ):    0.000ns
    Phase Error              (PE):    0.000ns
  Clock Net Delay (Destination): 2.545ns (routing 1.261ns, distribution 1.284ns)

    Location             Delay type                Incr(ns)  Path(ns)    Netlist Resource(s)
  -------------------------------------------------------------------    -------------------
    U11                                               0.000     0.000 f  axi_reset_n_0 (IN)
                         net (fo=0)                   0.000     0.000    axi_reset_n_0_IBUF_inst/I
    U11                  INBUF (Prop_INBUF_HPIOB_M_PAD_O)
                                                      0.510     0.510 f  axi_reset_n_0_IBUF_inst/INBUF_INST/O
                         net (fo=1, routed)           0.000     0.510    axi_reset_n_0_IBUF_inst/OUT
    U11                  IBUFCTRL (Prop_IBUFCTRL_HPIOB_M_I_O)
                                                      0.000     0.510 f  axi_reset_n_0_IBUF_inst/IBUFCTRL_INST/O
                         net (fo=13870, routed)       4.350     4.861    FSRCNN_CORE_i/FSRCNN_CORE/D_top_0/inst/inst_FIFO/U0/inst_fifo_gen/gconvfifo.rf/grf.rf/rstblk/g8serrst.usrst_inst/srst
    SLICE_X41Y387        LUT2 (Prop_C5LUT_SLICEM_I0_O)
                                                      0.137     4.998 r  FSRCNN_CORE_i/FSRCNN_CORE/D_top_0/inst/inst_FIFO/U0/inst_fifo_gen/gconvfifo.rf/grf.rf/rstblk/g8serrst.usrst_inst/DEVICE_8SERIES.NO_BMM_INFO.SDP.SIMPLE_PRIM18.ram_i_4/O
                         net (fo=66, routed)          0.941     5.939    FSRCNN_CORE_i/FSRCNN_CORE/D_top_0/inst/inst_FIFO/U0/inst_fifo_gen/gconvfifo.rf/grf.rf/gntv_or_sync_fifo.gl0.wr/wpntr/srst_full_ff_i
    SLICE_X39Y389        FDRE                                         r  FSRCNN_CORE_i/FSRCNN_CORE/D_top_0/inst/inst_FIFO/U0/inst_fifo_gen/gconvfifo.rf/grf.rf/gntv_or_sync_fifo.gl0.wr/wpntr/gcc0.gc0.count_d1_reg[5]/R
  -------------------------------------------------------------------    -------------------

                         (clock ref_clk rise edge)    0.000     0.000 r  
    P10                                               0.000     0.000 r  axi_clk_0 (IN)
                         net (fo=0)                   0.000     0.000    axi_clk_0_IBUF_inst/I
    P10                  INBUF (Prop_INBUF_HPIOB_M_PAD_O)
                                                      0.295     0.295 r  axi_clk_0_IBUF_inst/INBUF_INST/O
                         net (fo=1, routed)           0.000     0.295    axi_clk_0_IBUF_inst/OUT
    P10                  IBUFCTRL (Prop_IBUFCTRL_HPIOB_M_I_O)
                                                      0.000     0.295 r  axi_clk_0_IBUF_inst/IBUFCTRL_INST/O
                         net (fo=1, routed)           1.795     2.090    axi_clk_0_IBUF
    BUFGCE_HDIO_X0Y8     BUFGCE (Prop_BUFCE_BUFGCE_HDIO_I_O)
                                                      0.024     2.114 r  axi_clk_0_IBUF_BUFG_inst/O
    X1Y3 (CLOCK_ROOT)    net (fo=39327, routed)       2.545     4.659    FSRCNN_CORE_i/FSRCNN_CORE/D_top_0/inst/inst_FIFO/U0/inst_fifo_gen/gconvfifo.rf/grf.rf/gntv_or_sync_fifo.gl0.wr/wpntr/clk
    SLICE_X39Y389        FDRE                                         r  FSRCNN_CORE_i/FSRCNN_CORE/D_top_0/inst/inst_FIFO/U0/inst_fifo_gen/gconvfifo.rf/grf.rf/gntv_or_sync_fifo.gl0.wr/wpntr/gcc0.gc0.count_d1_reg[5]/C

Slack:                    inf
  Source:                 axi_reset_n_0
                            (input port)
  Destination:            FSRCNN_CORE_i/FSRCNN_CORE/D_top_0/inst/inst_FIFO/U0/inst_fifo_gen/gconvfifo.rf/grf.rf/gntv_or_sync_fifo.gl0.wr/wpntr/gcc0.gc0.count_d1_reg[6]/R
                            (rising edge-triggered cell FDRE clocked by ref_clk  {rise@0.000ns fall@1.666ns period=3.333ns})
  Path Group:             (none)
  Path Type:              Setup (Max at Slow Process Corner)
  Data Path Delay:        5.939ns  (logic 0.647ns (10.901%)  route 5.292ns (89.099%))
  Logic Levels:           3  (IBUFCTRL=1 INBUF=1 LUT2=1)
  Clock Path Skew:        4.659ns (DCD - SCD + CPR)
    Destination Clock Delay (DCD):    4.659ns
    Source Clock Delay      (SCD):    0.000ns
    Clock Pessimism Removal (CPR):    0.000ns
  Clock Uncertainty:      0.025ns  ((TSJ^2 + TIJ^2)^1/2 + DJ) / 2 + PE
    Total System Jitter     (TSJ):    0.050ns
    Total Input Jitter      (TIJ):    0.000ns
    Discrete Jitter          (DJ):    0.000ns
    Phase Error              (PE):    0.000ns
  Clock Net Delay (Destination): 2.545ns (routing 1.261ns, distribution 1.284ns)

    Location             Delay type                Incr(ns)  Path(ns)    Netlist Resource(s)
  -------------------------------------------------------------------    -------------------
    U11                                               0.000     0.000 f  axi_reset_n_0 (IN)
                         net (fo=0)                   0.000     0.000    axi_reset_n_0_IBUF_inst/I
    U11                  INBUF (Prop_INBUF_HPIOB_M_PAD_O)
                                                      0.510     0.510 f  axi_reset_n_0_IBUF_inst/INBUF_INST/O
                         net (fo=1, routed)           0.000     0.510    axi_reset_n_0_IBUF_inst/OUT
    U11                  IBUFCTRL (Prop_IBUFCTRL_HPIOB_M_I_O)
                                                      0.000     0.510 f  axi_reset_n_0_IBUF_inst/IBUFCTRL_INST/O
                         net (fo=13870, routed)       4.350     4.861    FSRCNN_CORE_i/FSRCNN_CORE/D_top_0/inst/inst_FIFO/U0/inst_fifo_gen/gconvfifo.rf/grf.rf/rstblk/g8serrst.usrst_inst/srst
    SLICE_X41Y387        LUT2 (Prop_C5LUT_SLICEM_I0_O)
                                                      0.137     4.998 r  FSRCNN_CORE_i/FSRCNN_CORE/D_top_0/inst/inst_FIFO/U0/inst_fifo_gen/gconvfifo.rf/grf.rf/rstblk/g8serrst.usrst_inst/DEVICE_8SERIES.NO_BMM_INFO.SDP.SIMPLE_PRIM18.ram_i_4/O
                         net (fo=66, routed)          0.941     5.939    FSRCNN_CORE_i/FSRCNN_CORE/D_top_0/inst/inst_FIFO/U0/inst_fifo_gen/gconvfifo.rf/grf.rf/gntv_or_sync_fifo.gl0.wr/wpntr/srst_full_ff_i
    SLICE_X39Y389        FDRE                                         r  FSRCNN_CORE_i/FSRCNN_CORE/D_top_0/inst/inst_FIFO/U0/inst_fifo_gen/gconvfifo.rf/grf.rf/gntv_or_sync_fifo.gl0.wr/wpntr/gcc0.gc0.count_d1_reg[6]/R
  -------------------------------------------------------------------    -------------------

                         (clock ref_clk rise edge)    0.000     0.000 r  
    P10                                               0.000     0.000 r  axi_clk_0 (IN)
                         net (fo=0)                   0.000     0.000    axi_clk_0_IBUF_inst/I
    P10                  INBUF (Prop_INBUF_HPIOB_M_PAD_O)
                                                      0.295     0.295 r  axi_clk_0_IBUF_inst/INBUF_INST/O
                         net (fo=1, routed)           0.000     0.295    axi_clk_0_IBUF_inst/OUT
    P10                  IBUFCTRL (Prop_IBUFCTRL_HPIOB_M_I_O)
                                                      0.000     0.295 r  axi_clk_0_IBUF_inst/IBUFCTRL_INST/O
                         net (fo=1, routed)           1.795     2.090    axi_clk_0_IBUF
    BUFGCE_HDIO_X0Y8     BUFGCE (Prop_BUFCE_BUFGCE_HDIO_I_O)
                                                      0.024     2.114 r  axi_clk_0_IBUF_BUFG_inst/O
    X1Y3 (CLOCK_ROOT)    net (fo=39327, routed)       2.545     4.659    FSRCNN_CORE_i/FSRCNN_CORE/D_top_0/inst/inst_FIFO/U0/inst_fifo_gen/gconvfifo.rf/grf.rf/gntv_or_sync_fifo.gl0.wr/wpntr/clk
    SLICE_X39Y389        FDRE                                         r  FSRCNN_CORE_i/FSRCNN_CORE/D_top_0/inst/inst_FIFO/U0/inst_fifo_gen/gconvfifo.rf/grf.rf/gntv_or_sync_fifo.gl0.wr/wpntr/gcc0.gc0.count_d1_reg[6]/C





Min Delay Paths
--------------------------------------------------------------------------------------
Slack:                    inf
  Source:                 FSRCNN_CORE_i/FSRCNN_CORE/F_Layer_0/inst/core_calculator/pe14/DSP_Rq/U0/i_synth/i_synth_option.i_synth_model/opt_8series.i_uniwrap/i_primitive/DSP_C_DATA_INST/C_DATA[34]
                            (internal pin)
  Destination:            FSRCNN_CORE_i/FSRCNN_CORE/F_Layer_0/inst/core_calculator/pe14/o_result_reg[1]/R
                            (rising edge-triggered cell FDRE clocked by ref_clk  {rise@0.000ns fall@1.666ns period=3.333ns})
  Path Group:             (none)
  Path Type:              Hold (Min at Fast Process Corner)
  Data Path Delay:        0.220ns  (logic 0.132ns (59.874%)  route 0.088ns (40.126%))
  Logic Levels:           2  (DSP_ALU=1 DSP_OUTPUT=1)
  Clock Uncertainty:      0.025ns  ((TSJ^2 + TIJ^2)^1/2 + DJ) / 2 + PE
    Total System Jitter     (TSJ):    0.050ns
    Total Input Jitter      (TIJ):    0.000ns
    Discrete Jitter          (DJ):    0.000ns
    Phase Error              (PE):    0.000ns
  Clock Net Delay (Destination): 1.795ns (routing 0.853ns, distribution 0.942ns)

    Location             Delay type                Incr(ns)  Path(ns)    Netlist Resource(s)
  -------------------------------------------------------------------    -------------------
    DSP48E2_X1Y83        DSP_C_DATA                   0.000     0.000 r  FSRCNN_CORE_i/FSRCNN_CORE/F_Layer_0/inst/core_calculator/pe14/DSP_Rq/U0/i_synth/i_synth_option.i_synth_model/opt_8series.i_uniwrap/i_primitive/DSP_C_DATA_INST/C_DATA[34]
                         net (fo=2, routed)           0.000     0.000    FSRCNN_CORE_i/FSRCNN_CORE/F_Layer_0/inst/core_calculator/pe14/DSP_Rq/U0/i_synth/i_synth_option.i_synth_model/opt_8series.i_uniwrap/i_primitive/DSP_C_DATA.C_DATA<34>
    DSP48E2_X1Y83        DSP_ALU (Prop_DSP_ALU_DSP48E2_C_DATA[34]_ALU_OUT[34])
                                                      0.102     0.102 f  FSRCNN_CORE_i/FSRCNN_CORE/F_Layer_0/inst/core_calculator/pe14/DSP_Rq/U0/i_synth/i_synth_option.i_synth_model/opt_8series.i_uniwrap/i_primitive/DSP_ALU_INST/ALU_OUT[34]
                         net (fo=1, routed)           0.000     0.102    FSRCNN_CORE_i/FSRCNN_CORE/F_Layer_0/inst/core_calculator/pe14/DSP_Rq/U0/i_synth/i_synth_option.i_synth_model/opt_8series.i_uniwrap/i_primitive/DSP_ALU.ALU_OUT<34>
    DSP48E2_X1Y83        DSP_OUTPUT (Prop_DSP_OUTPUT_DSP48E2_ALU_OUT[34]_P[34])
                                                      0.030     0.132 r  FSRCNN_CORE_i/FSRCNN_CORE/F_Layer_0/inst/core_calculator/pe14/DSP_Rq/U0/i_synth/i_synth_option.i_synth_model/opt_8series.i_uniwrap/i_primitive/DSP_OUTPUT_INST/P[34]
                         net (fo=9, routed)           0.088     0.220    FSRCNN_CORE_i/FSRCNN_CORE/F_Layer_0/inst/core_calculator/pe14/requant_dsp_out[34]
    SLICE_X10Y209        FDRE                                         r  FSRCNN_CORE_i/FSRCNN_CORE/F_Layer_0/inst/core_calculator/pe14/o_result_reg[1]/R
  -------------------------------------------------------------------    -------------------

                         (clock ref_clk rise edge)    0.000     0.000 r  
    P10                                               0.000     0.000 r  axi_clk_0 (IN)
                         net (fo=0)                   0.000     0.000    axi_clk_0_IBUF_inst/I
    P10                  INBUF (Prop_INBUF_HPIOB_M_PAD_O)
                                                      0.365     0.365 r  axi_clk_0_IBUF_inst/INBUF_INST/O
                         net (fo=1, routed)           0.000     0.365    axi_clk_0_IBUF_inst/OUT
    P10                  IBUFCTRL (Prop_IBUFCTRL_HPIOB_M_I_O)
                                                      0.000     0.365 r  axi_clk_0_IBUF_inst/IBUFCTRL_INST/O
                         net (fo=1, routed)           1.795     2.160    axi_clk_0_IBUF
    BUFGCE_HDIO_X0Y8     BUFGCE (Prop_BUFCE_BUFGCE_HDIO_I_O)
                                                      0.019     2.179 r  axi_clk_0_IBUF_BUFG_inst/O
    X1Y3 (CLOCK_ROOT)    net (fo=39327, routed)       1.795     3.974    FSRCNN_CORE_i/FSRCNN_CORE/F_Layer_0/inst/core_calculator/pe14/axi_clk
    SLICE_X10Y209        FDRE                                         r  FSRCNN_CORE_i/FSRCNN_CORE/F_Layer_0/inst/core_calculator/pe14/o_result_reg[1]/C

Slack:                    inf
  Source:                 FSRCNN_CORE_i/FSRCNN_CORE/F_Layer_0/inst/core_calculator/pe14/DSP_Rq/U0/i_synth/i_synth_option.i_synth_model/opt_8series.i_uniwrap/i_primitive/DSP_C_DATA_INST/C_DATA[34]
                            (internal pin)
  Destination:            FSRCNN_CORE_i/FSRCNN_CORE/F_Layer_0/inst/core_calculator/pe14/o_result_reg[3]/R
                            (rising edge-triggered cell FDRE clocked by ref_clk  {rise@0.000ns fall@1.666ns period=3.333ns})
  Path Group:             (none)
  Path Type:              Hold (Min at Fast Process Corner)
  Data Path Delay:        0.220ns  (logic 0.132ns (59.874%)  route 0.088ns (40.126%))
  Logic Levels:           2  (DSP_ALU=1 DSP_OUTPUT=1)
  Clock Uncertainty:      0.025ns  ((TSJ^2 + TIJ^2)^1/2 + DJ) / 2 + PE
    Total System Jitter     (TSJ):    0.050ns
    Total Input Jitter      (TIJ):    0.000ns
    Discrete Jitter          (DJ):    0.000ns
    Phase Error              (PE):    0.000ns
  Clock Net Delay (Destination): 1.795ns (routing 0.853ns, distribution 0.942ns)

    Location             Delay type                Incr(ns)  Path(ns)    Netlist Resource(s)
  -------------------------------------------------------------------    -------------------
    DSP48E2_X1Y83        DSP_C_DATA                   0.000     0.000 r  FSRCNN_CORE_i/FSRCNN_CORE/F_Layer_0/inst/core_calculator/pe14/DSP_Rq/U0/i_synth/i_synth_option.i_synth_model/opt_8series.i_uniwrap/i_primitive/DSP_C_DATA_INST/C_DATA[34]
                         net (fo=2, routed)           0.000     0.000    FSRCNN_CORE_i/FSRCNN_CORE/F_Layer_0/inst/core_calculator/pe14/DSP_Rq/U0/i_synth/i_synth_option.i_synth_model/opt_8series.i_uniwrap/i_primitive/DSP_C_DATA.C_DATA<34>
    DSP48E2_X1Y83        DSP_ALU (Prop_DSP_ALU_DSP48E2_C_DATA[34]_ALU_OUT[34])
                                                      0.102     0.102 f  FSRCNN_CORE_i/FSRCNN_CORE/F_Layer_0/inst/core_calculator/pe14/DSP_Rq/U0/i_synth/i_synth_option.i_synth_model/opt_8series.i_uniwrap/i_primitive/DSP_ALU_INST/ALU_OUT[34]
                         net (fo=1, routed)           0.000     0.102    FSRCNN_CORE_i/FSRCNN_CORE/F_Layer_0/inst/core_calculator/pe14/DSP_Rq/U0/i_synth/i_synth_option.i_synth_model/opt_8series.i_uniwrap/i_primitive/DSP_ALU.ALU_OUT<34>
    DSP48E2_X1Y83        DSP_OUTPUT (Prop_DSP_OUTPUT_DSP48E2_ALU_OUT[34]_P[34])
                                                      0.030     0.132 r  FSRCNN_CORE_i/FSRCNN_CORE/F_Layer_0/inst/core_calculator/pe14/DSP_Rq/U0/i_synth/i_synth_option.i_synth_model/opt_8series.i_uniwrap/i_primitive/DSP_OUTPUT_INST/P[34]
                         net (fo=9, routed)           0.088     0.220    FSRCNN_CORE_i/FSRCNN_CORE/F_Layer_0/inst/core_calculator/pe14/requant_dsp_out[34]
    SLICE_X10Y209        FDRE                                         r  FSRCNN_CORE_i/FSRCNN_CORE/F_Layer_0/inst/core_calculator/pe14/o_result_reg[3]/R
  -------------------------------------------------------------------    -------------------

                         (clock ref_clk rise edge)    0.000     0.000 r  
    P10                                               0.000     0.000 r  axi_clk_0 (IN)
                         net (fo=0)                   0.000     0.000    axi_clk_0_IBUF_inst/I
    P10                  INBUF (Prop_INBUF_HPIOB_M_PAD_O)
                                                      0.365     0.365 r  axi_clk_0_IBUF_inst/INBUF_INST/O
                         net (fo=1, routed)           0.000     0.365    axi_clk_0_IBUF_inst/OUT
    P10                  IBUFCTRL (Prop_IBUFCTRL_HPIOB_M_I_O)
                                                      0.000     0.365 r  axi_clk_0_IBUF_inst/IBUFCTRL_INST/O
                         net (fo=1, routed)           1.795     2.160    axi_clk_0_IBUF
    BUFGCE_HDIO_X0Y8     BUFGCE (Prop_BUFCE_BUFGCE_HDIO_I_O)
                                                      0.019     2.179 r  axi_clk_0_IBUF_BUFG_inst/O
    X1Y3 (CLOCK_ROOT)    net (fo=39327, routed)       1.795     3.974    FSRCNN_CORE_i/FSRCNN_CORE/F_Layer_0/inst/core_calculator/pe14/axi_clk
    SLICE_X10Y209        FDRE                                         r  FSRCNN_CORE_i/FSRCNN_CORE/F_Layer_0/inst/core_calculator/pe14/o_result_reg[3]/C

Slack:                    inf
  Source:                 FSRCNN_CORE_i/FSRCNN_CORE/F_Layer_0/inst/core_calculator/pe14/DSP_Rq/U0/i_synth/i_synth_option.i_synth_model/opt_8series.i_uniwrap/i_primitive/DSP_C_DATA_INST/C_DATA[34]
                            (internal pin)
  Destination:            FSRCNN_CORE_i/FSRCNN_CORE/F_Layer_0/inst/core_calculator/pe14/o_result_reg[4]/R
                            (rising edge-triggered cell FDRE clocked by ref_clk  {rise@0.000ns fall@1.666ns period=3.333ns})
  Path Group:             (none)
  Path Type:              Hold (Min at Fast Process Corner)
  Data Path Delay:        0.220ns  (logic 0.132ns (59.874%)  route 0.088ns (40.126%))
  Logic Levels:           2  (DSP_ALU=1 DSP_OUTPUT=1)
  Clock Uncertainty:      0.025ns  ((TSJ^2 + TIJ^2)^1/2 + DJ) / 2 + PE
    Total System Jitter     (TSJ):    0.050ns
    Total Input Jitter      (TIJ):    0.000ns
    Discrete Jitter          (DJ):    0.000ns
    Phase Error              (PE):    0.000ns
  Clock Net Delay (Destination): 1.795ns (routing 0.853ns, distribution 0.942ns)

    Location             Delay type                Incr(ns)  Path(ns)    Netlist Resource(s)
  -------------------------------------------------------------------    -------------------
    DSP48E2_X1Y83        DSP_C_DATA                   0.000     0.000 r  FSRCNN_CORE_i/FSRCNN_CORE/F_Layer_0/inst/core_calculator/pe14/DSP_Rq/U0/i_synth/i_synth_option.i_synth_model/opt_8series.i_uniwrap/i_primitive/DSP_C_DATA_INST/C_DATA[34]
                         net (fo=2, routed)           0.000     0.000    FSRCNN_CORE_i/FSRCNN_CORE/F_Layer_0/inst/core_calculator/pe14/DSP_Rq/U0/i_synth/i_synth_option.i_synth_model/opt_8series.i_uniwrap/i_primitive/DSP_C_DATA.C_DATA<34>
    DSP48E2_X1Y83        DSP_ALU (Prop_DSP_ALU_DSP48E2_C_DATA[34]_ALU_OUT[34])
                                                      0.102     0.102 f  FSRCNN_CORE_i/FSRCNN_CORE/F_Layer_0/inst/core_calculator/pe14/DSP_Rq/U0/i_synth/i_synth_option.i_synth_model/opt_8series.i_uniwrap/i_primitive/DSP_ALU_INST/ALU_OUT[34]
                         net (fo=1, routed)           0.000     0.102    FSRCNN_CORE_i/FSRCNN_CORE/F_Layer_0/inst/core_calculator/pe14/DSP_Rq/U0/i_synth/i_synth_option.i_synth_model/opt_8series.i_uniwrap/i_primitive/DSP_ALU.ALU_OUT<34>
    DSP48E2_X1Y83        DSP_OUTPUT (Prop_DSP_OUTPUT_DSP48E2_ALU_OUT[34]_P[34])
                                                      0.030     0.132 r  FSRCNN_CORE_i/FSRCNN_CORE/F_Layer_0/inst/core_calculator/pe14/DSP_Rq/U0/i_synth/i_synth_option.i_synth_model/opt_8series.i_uniwrap/i_primitive/DSP_OUTPUT_INST/P[34]
                         net (fo=9, routed)           0.088     0.220    FSRCNN_CORE_i/FSRCNN_CORE/F_Layer_0/inst/core_calculator/pe14/requant_dsp_out[34]
    SLICE_X10Y209        FDRE                                         r  FSRCNN_CORE_i/FSRCNN_CORE/F_Layer_0/inst/core_calculator/pe14/o_result_reg[4]/R
  -------------------------------------------------------------------    -------------------

                         (clock ref_clk rise edge)    0.000     0.000 r  
    P10                                               0.000     0.000 r  axi_clk_0 (IN)
                         net (fo=0)                   0.000     0.000    axi_clk_0_IBUF_inst/I
    P10                  INBUF (Prop_INBUF_HPIOB_M_PAD_O)
                                                      0.365     0.365 r  axi_clk_0_IBUF_inst/INBUF_INST/O
                         net (fo=1, routed)           0.000     0.365    axi_clk_0_IBUF_inst/OUT
    P10                  IBUFCTRL (Prop_IBUFCTRL_HPIOB_M_I_O)
                                                      0.000     0.365 r  axi_clk_0_IBUF_inst/IBUFCTRL_INST/O
                         net (fo=1, routed)           1.795     2.160    axi_clk_0_IBUF
    BUFGCE_HDIO_X0Y8     BUFGCE (Prop_BUFCE_BUFGCE_HDIO_I_O)
                                                      0.019     2.179 r  axi_clk_0_IBUF_BUFG_inst/O
    X1Y3 (CLOCK_ROOT)    net (fo=39327, routed)       1.795     3.974    FSRCNN_CORE_i/FSRCNN_CORE/F_Layer_0/inst/core_calculator/pe14/axi_clk
    SLICE_X10Y209        FDRE                                         r  FSRCNN_CORE_i/FSRCNN_CORE/F_Layer_0/inst/core_calculator/pe14/o_result_reg[4]/C

Slack:                    inf
  Source:                 FSRCNN_CORE_i/FSRCNN_CORE/F_Layer_0/inst/core_calculator/pe14/DSP_Rq/U0/i_synth/i_synth_option.i_synth_model/opt_8series.i_uniwrap/i_primitive/DSP_C_DATA_INST/C_DATA[34]
                            (internal pin)
  Destination:            FSRCNN_CORE_i/FSRCNN_CORE/F_Layer_0/inst/core_calculator/pe14/o_result_reg[5]/R
                            (rising edge-triggered cell FDRE clocked by ref_clk  {rise@0.000ns fall@1.666ns period=3.333ns})
  Path Group:             (none)
  Path Type:              Hold (Min at Fast Process Corner)
  Data Path Delay:        0.220ns  (logic 0.132ns (59.874%)  route 0.088ns (40.126%))
  Logic Levels:           2  (DSP_ALU=1 DSP_OUTPUT=1)
  Clock Uncertainty:      0.025ns  ((TSJ^2 + TIJ^2)^1/2 + DJ) / 2 + PE
    Total System Jitter     (TSJ):    0.050ns
    Total Input Jitter      (TIJ):    0.000ns
    Discrete Jitter          (DJ):    0.000ns
    Phase Error              (PE):    0.000ns
  Clock Net Delay (Destination): 1.795ns (routing 0.853ns, distribution 0.942ns)

    Location             Delay type                Incr(ns)  Path(ns)    Netlist Resource(s)
  -------------------------------------------------------------------    -------------------
    DSP48E2_X1Y83        DSP_C_DATA                   0.000     0.000 r  FSRCNN_CORE_i/FSRCNN_CORE/F_Layer_0/inst/core_calculator/pe14/DSP_Rq/U0/i_synth/i_synth_option.i_synth_model/opt_8series.i_uniwrap/i_primitive/DSP_C_DATA_INST/C_DATA[34]
                         net (fo=2, routed)           0.000     0.000    FSRCNN_CORE_i/FSRCNN_CORE/F_Layer_0/inst/core_calculator/pe14/DSP_Rq/U0/i_synth/i_synth_option.i_synth_model/opt_8series.i_uniwrap/i_primitive/DSP_C_DATA.C_DATA<34>
    DSP48E2_X1Y83        DSP_ALU (Prop_DSP_ALU_DSP48E2_C_DATA[34]_ALU_OUT[34])
                                                      0.102     0.102 f  FSRCNN_CORE_i/FSRCNN_CORE/F_Layer_0/inst/core_calculator/pe14/DSP_Rq/U0/i_synth/i_synth_option.i_synth_model/opt_8series.i_uniwrap/i_primitive/DSP_ALU_INST/ALU_OUT[34]
                         net (fo=1, routed)           0.000     0.102    FSRCNN_CORE_i/FSRCNN_CORE/F_Layer_0/inst/core_calculator/pe14/DSP_Rq/U0/i_synth/i_synth_option.i_synth_model/opt_8series.i_uniwrap/i_primitive/DSP_ALU.ALU_OUT<34>
    DSP48E2_X1Y83        DSP_OUTPUT (Prop_DSP_OUTPUT_DSP48E2_ALU_OUT[34]_P[34])
                                                      0.030     0.132 r  FSRCNN_CORE_i/FSRCNN_CORE/F_Layer_0/inst/core_calculator/pe14/DSP_Rq/U0/i_synth/i_synth_option.i_synth_model/opt_8series.i_uniwrap/i_primitive/DSP_OUTPUT_INST/P[34]
                         net (fo=9, routed)           0.088     0.220    FSRCNN_CORE_i/FSRCNN_CORE/F_Layer_0/inst/core_calculator/pe14/requant_dsp_out[34]
    SLICE_X10Y209        FDRE                                         r  FSRCNN_CORE_i/FSRCNN_CORE/F_Layer_0/inst/core_calculator/pe14/o_result_reg[5]/R
  -------------------------------------------------------------------    -------------------

                         (clock ref_clk rise edge)    0.000     0.000 r  
    P10                                               0.000     0.000 r  axi_clk_0 (IN)
                         net (fo=0)                   0.000     0.000    axi_clk_0_IBUF_inst/I
    P10                  INBUF (Prop_INBUF_HPIOB_M_PAD_O)
                                                      0.365     0.365 r  axi_clk_0_IBUF_inst/INBUF_INST/O
                         net (fo=1, routed)           0.000     0.365    axi_clk_0_IBUF_inst/OUT
    P10                  IBUFCTRL (Prop_IBUFCTRL_HPIOB_M_I_O)
                                                      0.000     0.365 r  axi_clk_0_IBUF_inst/IBUFCTRL_INST/O
                         net (fo=1, routed)           1.795     2.160    axi_clk_0_IBUF
    BUFGCE_HDIO_X0Y8     BUFGCE (Prop_BUFCE_BUFGCE_HDIO_I_O)
                                                      0.019     2.179 r  axi_clk_0_IBUF_BUFG_inst/O
    X1Y3 (CLOCK_ROOT)    net (fo=39327, routed)       1.795     3.974    FSRCNN_CORE_i/FSRCNN_CORE/F_Layer_0/inst/core_calculator/pe14/axi_clk
    SLICE_X10Y209        FDRE                                         r  FSRCNN_CORE_i/FSRCNN_CORE/F_Layer_0/inst/core_calculator/pe14/o_result_reg[5]/C

Slack:                    inf
  Source:                 FSRCNN_CORE_i/FSRCNN_CORE/M_Layer_0/inst/core_layer3/pe_array1/DSP_Rq/U0/i_synth/i_synth_option.i_synth_model/opt_8series.i_uniwrap/i_primitive/DSP_C_DATA_INST/C_DATA[34]
                            (internal pin)
  Destination:            FSRCNN_CORE_i/FSRCNN_CORE/M_Layer_0/inst/core_layer3/pe_array1/o_result_reg[2]/R
                            (rising edge-triggered cell FDRE clocked by ref_clk  {rise@0.000ns fall@1.666ns period=3.333ns})
  Path Group:             (none)
  Path Type:              Hold (Min at Fast Process Corner)
  Data Path Delay:        0.221ns  (logic 0.132ns (59.729%)  route 0.089ns (40.271%))
  Logic Levels:           2  (DSP_ALU=1 DSP_OUTPUT=1)
  Clock Uncertainty:      0.025ns  ((TSJ^2 + TIJ^2)^1/2 + DJ) / 2 + PE
    Total System Jitter     (TSJ):    0.050ns
    Total Input Jitter      (TIJ):    0.000ns
    Discrete Jitter          (DJ):    0.000ns
    Phase Error              (PE):    0.000ns
  Clock Net Delay (Destination): 1.802ns (routing 0.853ns, distribution 0.949ns)

    Location             Delay type                Incr(ns)  Path(ns)    Netlist Resource(s)
  -------------------------------------------------------------------    -------------------
    DSP48E2_X15Y19       DSP_C_DATA                   0.000     0.000 r  FSRCNN_CORE_i/FSRCNN_CORE/M_Layer_0/inst/core_layer3/pe_array1/DSP_Rq/U0/i_synth/i_synth_option.i_synth_model/opt_8series.i_uniwrap/i_primitive/DSP_C_DATA_INST/C_DATA[34]
                         net (fo=2, routed)           0.000     0.000    FSRCNN_CORE_i/FSRCNN_CORE/M_Layer_0/inst/core_layer3/pe_array1/DSP_Rq/U0/i_synth/i_synth_option.i_synth_model/opt_8series.i_uniwrap/i_primitive/DSP_C_DATA.C_DATA<34>
    DSP48E2_X15Y19       DSP_ALU (Prop_DSP_ALU_DSP48E2_C_DATA[34]_ALU_OUT[34])
                                                      0.102     0.102 f  FSRCNN_CORE_i/FSRCNN_CORE/M_Layer_0/inst/core_layer3/pe_array1/DSP_Rq/U0/i_synth/i_synth_option.i_synth_model/opt_8series.i_uniwrap/i_primitive/DSP_ALU_INST/ALU_OUT[34]
                         net (fo=1, routed)           0.000     0.102    FSRCNN_CORE_i/FSRCNN_CORE/M_Layer_0/inst/core_layer3/pe_array1/DSP_Rq/U0/i_synth/i_synth_option.i_synth_model/opt_8series.i_uniwrap/i_primitive/DSP_ALU.ALU_OUT<34>
    DSP48E2_X15Y19       DSP_OUTPUT (Prop_DSP_OUTPUT_DSP48E2_ALU_OUT[34]_P[34])
                                                      0.030     0.132 r  FSRCNN_CORE_i/FSRCNN_CORE/M_Layer_0/inst/core_layer3/pe_array1/DSP_Rq/U0/i_synth/i_synth_option.i_synth_model/opt_8series.i_uniwrap/i_primitive/DSP_OUTPUT_INST/P[34]
                         net (fo=9, routed)           0.089     0.221    FSRCNN_CORE_i/FSRCNN_CORE/M_Layer_0/inst/core_layer3/pe_array1/requant_dsp_out[34]
    SLICE_X76Y49         FDRE                                         r  FSRCNN_CORE_i/FSRCNN_CORE/M_Layer_0/inst/core_layer3/pe_array1/o_result_reg[2]/R
  -------------------------------------------------------------------    -------------------

                         (clock ref_clk rise edge)    0.000     0.000 r  
    P10                                               0.000     0.000 r  axi_clk_0 (IN)
                         net (fo=0)                   0.000     0.000    axi_clk_0_IBUF_inst/I
    P10                  INBUF (Prop_INBUF_HPIOB_M_PAD_O)
                                                      0.365     0.365 r  axi_clk_0_IBUF_inst/INBUF_INST/O
                         net (fo=1, routed)           0.000     0.365    axi_clk_0_IBUF_inst/OUT
    P10                  IBUFCTRL (Prop_IBUFCTRL_HPIOB_M_I_O)
                                                      0.000     0.365 r  axi_clk_0_IBUF_inst/IBUFCTRL_INST/O
                         net (fo=1, routed)           1.795     2.160    axi_clk_0_IBUF
    BUFGCE_HDIO_X0Y8     BUFGCE (Prop_BUFCE_BUFGCE_HDIO_I_O)
                                                      0.019     2.179 r  axi_clk_0_IBUF_BUFG_inst/O
    X1Y3 (CLOCK_ROOT)    net (fo=39327, routed)       1.802     3.981    FSRCNN_CORE_i/FSRCNN_CORE/M_Layer_0/inst/core_layer3/pe_array1/axi_clk
    SLICE_X76Y49         FDRE                                         r  FSRCNN_CORE_i/FSRCNN_CORE/M_Layer_0/inst/core_layer3/pe_array1/o_result_reg[2]/C

Slack:                    inf
  Source:                 FSRCNN_CORE_i/FSRCNN_CORE/M_Layer_0/inst/core_layer3/pe_array1/DSP_Rq/U0/i_synth/i_synth_option.i_synth_model/opt_8series.i_uniwrap/i_primitive/DSP_C_DATA_INST/C_DATA[34]
                            (internal pin)
  Destination:            FSRCNN_CORE_i/FSRCNN_CORE/M_Layer_0/inst/core_layer3/pe_array1/o_result_reg[6]/R
                            (rising edge-triggered cell FDRE clocked by ref_clk  {rise@0.000ns fall@1.666ns period=3.333ns})
  Path Group:             (none)
  Path Type:              Hold (Min at Fast Process Corner)
  Data Path Delay:        0.221ns  (logic 0.132ns (59.729%)  route 0.089ns (40.271%))
  Logic Levels:           2  (DSP_ALU=1 DSP_OUTPUT=1)
  Clock Uncertainty:      0.025ns  ((TSJ^2 + TIJ^2)^1/2 + DJ) / 2 + PE
    Total System Jitter     (TSJ):    0.050ns
    Total Input Jitter      (TIJ):    0.000ns
    Discrete Jitter          (DJ):    0.000ns
    Phase Error              (PE):    0.000ns
  Clock Net Delay (Destination): 1.802ns (routing 0.853ns, distribution 0.949ns)

    Location             Delay type                Incr(ns)  Path(ns)    Netlist Resource(s)
  -------------------------------------------------------------------    -------------------
    DSP48E2_X15Y19       DSP_C_DATA                   0.000     0.000 r  FSRCNN_CORE_i/FSRCNN_CORE/M_Layer_0/inst/core_layer3/pe_array1/DSP_Rq/U0/i_synth/i_synth_option.i_synth_model/opt_8series.i_uniwrap/i_primitive/DSP_C_DATA_INST/C_DATA[34]
                         net (fo=2, routed)           0.000     0.000    FSRCNN_CORE_i/FSRCNN_CORE/M_Layer_0/inst/core_layer3/pe_array1/DSP_Rq/U0/i_synth/i_synth_option.i_synth_model/opt_8series.i_uniwrap/i_primitive/DSP_C_DATA.C_DATA<34>
    DSP48E2_X15Y19       DSP_ALU (Prop_DSP_ALU_DSP48E2_C_DATA[34]_ALU_OUT[34])
                                                      0.102     0.102 f  FSRCNN_CORE_i/FSRCNN_CORE/M_Layer_0/inst/core_layer3/pe_array1/DSP_Rq/U0/i_synth/i_synth_option.i_synth_model/opt_8series.i_uniwrap/i_primitive/DSP_ALU_INST/ALU_OUT[34]
                         net (fo=1, routed)           0.000     0.102    FSRCNN_CORE_i/FSRCNN_CORE/M_Layer_0/inst/core_layer3/pe_array1/DSP_Rq/U0/i_synth/i_synth_option.i_synth_model/opt_8series.i_uniwrap/i_primitive/DSP_ALU.ALU_OUT<34>
    DSP48E2_X15Y19       DSP_OUTPUT (Prop_DSP_OUTPUT_DSP48E2_ALU_OUT[34]_P[34])
                                                      0.030     0.132 r  FSRCNN_CORE_i/FSRCNN_CORE/M_Layer_0/inst/core_layer3/pe_array1/DSP_Rq/U0/i_synth/i_synth_option.i_synth_model/opt_8series.i_uniwrap/i_primitive/DSP_OUTPUT_INST/P[34]
                         net (fo=9, routed)           0.089     0.221    FSRCNN_CORE_i/FSRCNN_CORE/M_Layer_0/inst/core_layer3/pe_array1/requant_dsp_out[34]
    SLICE_X76Y49         FDRE                                         r  FSRCNN_CORE_i/FSRCNN_CORE/M_Layer_0/inst/core_layer3/pe_array1/o_result_reg[6]/R
  -------------------------------------------------------------------    -------------------

                         (clock ref_clk rise edge)    0.000     0.000 r  
    P10                                               0.000     0.000 r  axi_clk_0 (IN)
                         net (fo=0)                   0.000     0.000    axi_clk_0_IBUF_inst/I
    P10                  INBUF (Prop_INBUF_HPIOB_M_PAD_O)
                                                      0.365     0.365 r  axi_clk_0_IBUF_inst/INBUF_INST/O
                         net (fo=1, routed)           0.000     0.365    axi_clk_0_IBUF_inst/OUT
    P10                  IBUFCTRL (Prop_IBUFCTRL_HPIOB_M_I_O)
                                                      0.000     0.365 r  axi_clk_0_IBUF_inst/IBUFCTRL_INST/O
                         net (fo=1, routed)           1.795     2.160    axi_clk_0_IBUF
    BUFGCE_HDIO_X0Y8     BUFGCE (Prop_BUFCE_BUFGCE_HDIO_I_O)
                                                      0.019     2.179 r  axi_clk_0_IBUF_BUFG_inst/O
    X1Y3 (CLOCK_ROOT)    net (fo=39327, routed)       1.802     3.981    FSRCNN_CORE_i/FSRCNN_CORE/M_Layer_0/inst/core_layer3/pe_array1/axi_clk
    SLICE_X76Y49         FDRE                                         r  FSRCNN_CORE_i/FSRCNN_CORE/M_Layer_0/inst/core_layer3/pe_array1/o_result_reg[6]/C

Slack:                    inf
  Source:                 FSRCNN_CORE_i/FSRCNN_CORE/M_Layer_0/inst/core_layer3/pe_array1/DSP_Rq/U0/i_synth/i_synth_option.i_synth_model/opt_8series.i_uniwrap/i_primitive/DSP_C_DATA_INST/C_DATA[34]
                            (internal pin)
  Destination:            FSRCNN_CORE_i/FSRCNN_CORE/M_Layer_0/inst/core_layer3/pe_array1/o_result_reg[7]/R
                            (rising edge-triggered cell FDRE clocked by ref_clk  {rise@0.000ns fall@1.666ns period=3.333ns})
  Path Group:             (none)
  Path Type:              Hold (Min at Fast Process Corner)
  Data Path Delay:        0.221ns  (logic 0.132ns (59.729%)  route 0.089ns (40.271%))
  Logic Levels:           2  (DSP_ALU=1 DSP_OUTPUT=1)
  Clock Uncertainty:      0.025ns  ((TSJ^2 + TIJ^2)^1/2 + DJ) / 2 + PE
    Total System Jitter     (TSJ):    0.050ns
    Total Input Jitter      (TIJ):    0.000ns
    Discrete Jitter          (DJ):    0.000ns
    Phase Error              (PE):    0.000ns
  Clock Net Delay (Destination): 1.802ns (routing 0.853ns, distribution 0.949ns)

    Location             Delay type                Incr(ns)  Path(ns)    Netlist Resource(s)
  -------------------------------------------------------------------    -------------------
    DSP48E2_X15Y19       DSP_C_DATA                   0.000     0.000 r  FSRCNN_CORE_i/FSRCNN_CORE/M_Layer_0/inst/core_layer3/pe_array1/DSP_Rq/U0/i_synth/i_synth_option.i_synth_model/opt_8series.i_uniwrap/i_primitive/DSP_C_DATA_INST/C_DATA[34]
                         net (fo=2, routed)           0.000     0.000    FSRCNN_CORE_i/FSRCNN_CORE/M_Layer_0/inst/core_layer3/pe_array1/DSP_Rq/U0/i_synth/i_synth_option.i_synth_model/opt_8series.i_uniwrap/i_primitive/DSP_C_DATA.C_DATA<34>
    DSP48E2_X15Y19       DSP_ALU (Prop_DSP_ALU_DSP48E2_C_DATA[34]_ALU_OUT[34])
                                                      0.102     0.102 f  FSRCNN_CORE_i/FSRCNN_CORE/M_Layer_0/inst/core_layer3/pe_array1/DSP_Rq/U0/i_synth/i_synth_option.i_synth_model/opt_8series.i_uniwrap/i_primitive/DSP_ALU_INST/ALU_OUT[34]
                         net (fo=1, routed)           0.000     0.102    FSRCNN_CORE_i/FSRCNN_CORE/M_Layer_0/inst/core_layer3/pe_array1/DSP_Rq/U0/i_synth/i_synth_option.i_synth_model/opt_8series.i_uniwrap/i_primitive/DSP_ALU.ALU_OUT<34>
    DSP48E2_X15Y19       DSP_OUTPUT (Prop_DSP_OUTPUT_DSP48E2_ALU_OUT[34]_P[34])
                                                      0.030     0.132 r  FSRCNN_CORE_i/FSRCNN_CORE/M_Layer_0/inst/core_layer3/pe_array1/DSP_Rq/U0/i_synth/i_synth_option.i_synth_model/opt_8series.i_uniwrap/i_primitive/DSP_OUTPUT_INST/P[34]
                         net (fo=9, routed)           0.089     0.221    FSRCNN_CORE_i/FSRCNN_CORE/M_Layer_0/inst/core_layer3/pe_array1/requant_dsp_out[34]
    SLICE_X76Y49         FDRE                                         r  FSRCNN_CORE_i/FSRCNN_CORE/M_Layer_0/inst/core_layer3/pe_array1/o_result_reg[7]/R
  -------------------------------------------------------------------    -------------------

                         (clock ref_clk rise edge)    0.000     0.000 r  
    P10                                               0.000     0.000 r  axi_clk_0 (IN)
                         net (fo=0)                   0.000     0.000    axi_clk_0_IBUF_inst/I
    P10                  INBUF (Prop_INBUF_HPIOB_M_PAD_O)
                                                      0.365     0.365 r  axi_clk_0_IBUF_inst/INBUF_INST/O
                         net (fo=1, routed)           0.000     0.365    axi_clk_0_IBUF_inst/OUT
    P10                  IBUFCTRL (Prop_IBUFCTRL_HPIOB_M_I_O)
                                                      0.000     0.365 r  axi_clk_0_IBUF_inst/IBUFCTRL_INST/O
                         net (fo=1, routed)           1.795     2.160    axi_clk_0_IBUF
    BUFGCE_HDIO_X0Y8     BUFGCE (Prop_BUFCE_BUFGCE_HDIO_I_O)
                                                      0.019     2.179 r  axi_clk_0_IBUF_BUFG_inst/O
    X1Y3 (CLOCK_ROOT)    net (fo=39327, routed)       1.802     3.981    FSRCNN_CORE_i/FSRCNN_CORE/M_Layer_0/inst/core_layer3/pe_array1/axi_clk
    SLICE_X76Y49         FDRE                                         r  FSRCNN_CORE_i/FSRCNN_CORE/M_Layer_0/inst/core_layer3/pe_array1/o_result_reg[7]/C

Slack:                    inf
  Source:                 FSRCNN_CORE_i/FSRCNN_CORE/M_Layer_0/inst/core_layer1/pe_array4/DSP_Rq/U0/i_synth/i_synth_option.i_synth_model/opt_8series.i_uniwrap/i_primitive/DSP_C_DATA_INST/C_DATA[34]
                            (internal pin)
  Destination:            FSRCNN_CORE_i/FSRCNN_CORE/M_Layer_0/inst/core_layer1/pe_array4/o_result_reg[0]/R
                            (rising edge-triggered cell FDRE clocked by ref_clk  {rise@0.000ns fall@1.666ns period=3.333ns})
  Path Group:             (none)
  Path Type:              Hold (Min at Fast Process Corner)
  Data Path Delay:        0.221ns  (logic 0.132ns (59.719%)  route 0.089ns (40.281%))
  Logic Levels:           2  (DSP_ALU=1 DSP_OUTPUT=1)
  Clock Uncertainty:      0.025ns  ((TSJ^2 + TIJ^2)^1/2 + DJ) / 2 + PE
    Total System Jitter     (TSJ):    0.050ns
    Total Input Jitter      (TIJ):    0.000ns
    Discrete Jitter          (DJ):    0.000ns
    Phase Error              (PE):    0.000ns
  Clock Net Delay (Destination): 1.738ns (routing 0.853ns, distribution 0.885ns)

    Location             Delay type                Incr(ns)  Path(ns)    Netlist Resource(s)
  -------------------------------------------------------------------    -------------------
    DSP48E2_X12Y61       DSP_C_DATA                   0.000     0.000 r  FSRCNN_CORE_i/FSRCNN_CORE/M_Layer_0/inst/core_layer1/pe_array4/DSP_Rq/U0/i_synth/i_synth_option.i_synth_model/opt_8series.i_uniwrap/i_primitive/DSP_C_DATA_INST/C_DATA[34]
                         net (fo=2, routed)           0.000     0.000    FSRCNN_CORE_i/FSRCNN_CORE/M_Layer_0/inst/core_layer1/pe_array4/DSP_Rq/U0/i_synth/i_synth_option.i_synth_model/opt_8series.i_uniwrap/i_primitive/DSP_C_DATA.C_DATA<34>
    DSP48E2_X12Y61       DSP_ALU (Prop_DSP_ALU_DSP48E2_C_DATA[34]_ALU_OUT[34])
                                                      0.102     0.102 f  FSRCNN_CORE_i/FSRCNN_CORE/M_Layer_0/inst/core_layer1/pe_array4/DSP_Rq/U0/i_synth/i_synth_option.i_synth_model/opt_8series.i_uniwrap/i_primitive/DSP_ALU_INST/ALU_OUT[34]
                         net (fo=1, routed)           0.000     0.102    FSRCNN_CORE_i/FSRCNN_CORE/M_Layer_0/inst/core_layer1/pe_array4/DSP_Rq/U0/i_synth/i_synth_option.i_synth_model/opt_8series.i_uniwrap/i_primitive/DSP_ALU.ALU_OUT<34>
    DSP48E2_X12Y61       DSP_OUTPUT (Prop_DSP_OUTPUT_DSP48E2_ALU_OUT[34]_P[34])
                                                      0.030     0.132 r  FSRCNN_CORE_i/FSRCNN_CORE/M_Layer_0/inst/core_layer1/pe_array4/DSP_Rq/U0/i_synth/i_synth_option.i_synth_model/opt_8series.i_uniwrap/i_primitive/DSP_OUTPUT_INST/P[34]
                         net (fo=9, routed)           0.089     0.221    FSRCNN_CORE_i/FSRCNN_CORE/M_Layer_0/inst/core_layer1/pe_array4/requant_dsp_out[34]
    SLICE_X61Y154        FDRE                                         r  FSRCNN_CORE_i/FSRCNN_CORE/M_Layer_0/inst/core_layer1/pe_array4/o_result_reg[0]/R
  -------------------------------------------------------------------    -------------------

                         (clock ref_clk rise edge)    0.000     0.000 r  
    P10                                               0.000     0.000 r  axi_clk_0 (IN)
                         net (fo=0)                   0.000     0.000    axi_clk_0_IBUF_inst/I
    P10                  INBUF (Prop_INBUF_HPIOB_M_PAD_O)
                                                      0.365     0.365 r  axi_clk_0_IBUF_inst/INBUF_INST/O
                         net (fo=1, routed)           0.000     0.365    axi_clk_0_IBUF_inst/OUT
    P10                  IBUFCTRL (Prop_IBUFCTRL_HPIOB_M_I_O)
                                                      0.000     0.365 r  axi_clk_0_IBUF_inst/IBUFCTRL_INST/O
                         net (fo=1, routed)           1.795     2.160    axi_clk_0_IBUF
    BUFGCE_HDIO_X0Y8     BUFGCE (Prop_BUFCE_BUFGCE_HDIO_I_O)
                                                      0.019     2.179 r  axi_clk_0_IBUF_BUFG_inst/O
    X1Y3 (CLOCK_ROOT)    net (fo=39327, routed)       1.738     3.917    FSRCNN_CORE_i/FSRCNN_CORE/M_Layer_0/inst/core_layer1/pe_array4/axi_clk
    SLICE_X61Y154        FDRE                                         r  FSRCNN_CORE_i/FSRCNN_CORE/M_Layer_0/inst/core_layer1/pe_array4/o_result_reg[0]/C

Slack:                    inf
  Source:                 FSRCNN_CORE_i/FSRCNN_CORE/M_Layer_0/inst/core_layer1/pe_array4/DSP_Rq/U0/i_synth/i_synth_option.i_synth_model/opt_8series.i_uniwrap/i_primitive/DSP_C_DATA_INST/C_DATA[34]
                            (internal pin)
  Destination:            FSRCNN_CORE_i/FSRCNN_CORE/M_Layer_0/inst/core_layer1/pe_array4/o_result_reg[1]/R
                            (rising edge-triggered cell FDRE clocked by ref_clk  {rise@0.000ns fall@1.666ns period=3.333ns})
  Path Group:             (none)
  Path Type:              Hold (Min at Fast Process Corner)
  Data Path Delay:        0.221ns  (logic 0.132ns (59.719%)  route 0.089ns (40.281%))
  Logic Levels:           2  (DSP_ALU=1 DSP_OUTPUT=1)
  Clock Uncertainty:      0.025ns  ((TSJ^2 + TIJ^2)^1/2 + DJ) / 2 + PE
    Total System Jitter     (TSJ):    0.050ns
    Total Input Jitter      (TIJ):    0.000ns
    Discrete Jitter          (DJ):    0.000ns
    Phase Error              (PE):    0.000ns
  Clock Net Delay (Destination): 1.738ns (routing 0.853ns, distribution 0.885ns)

    Location             Delay type                Incr(ns)  Path(ns)    Netlist Resource(s)
  -------------------------------------------------------------------    -------------------
    DSP48E2_X12Y61       DSP_C_DATA                   0.000     0.000 r  FSRCNN_CORE_i/FSRCNN_CORE/M_Layer_0/inst/core_layer1/pe_array4/DSP_Rq/U0/i_synth/i_synth_option.i_synth_model/opt_8series.i_uniwrap/i_primitive/DSP_C_DATA_INST/C_DATA[34]
                         net (fo=2, routed)           0.000     0.000    FSRCNN_CORE_i/FSRCNN_CORE/M_Layer_0/inst/core_layer1/pe_array4/DSP_Rq/U0/i_synth/i_synth_option.i_synth_model/opt_8series.i_uniwrap/i_primitive/DSP_C_DATA.C_DATA<34>
    DSP48E2_X12Y61       DSP_ALU (Prop_DSP_ALU_DSP48E2_C_DATA[34]_ALU_OUT[34])
                                                      0.102     0.102 f  FSRCNN_CORE_i/FSRCNN_CORE/M_Layer_0/inst/core_layer1/pe_array4/DSP_Rq/U0/i_synth/i_synth_option.i_synth_model/opt_8series.i_uniwrap/i_primitive/DSP_ALU_INST/ALU_OUT[34]
                         net (fo=1, routed)           0.000     0.102    FSRCNN_CORE_i/FSRCNN_CORE/M_Layer_0/inst/core_layer1/pe_array4/DSP_Rq/U0/i_synth/i_synth_option.i_synth_model/opt_8series.i_uniwrap/i_primitive/DSP_ALU.ALU_OUT<34>
    DSP48E2_X12Y61       DSP_OUTPUT (Prop_DSP_OUTPUT_DSP48E2_ALU_OUT[34]_P[34])
                                                      0.030     0.132 r  FSRCNN_CORE_i/FSRCNN_CORE/M_Layer_0/inst/core_layer1/pe_array4/DSP_Rq/U0/i_synth/i_synth_option.i_synth_model/opt_8series.i_uniwrap/i_primitive/DSP_OUTPUT_INST/P[34]
                         net (fo=9, routed)           0.089     0.221    FSRCNN_CORE_i/FSRCNN_CORE/M_Layer_0/inst/core_layer1/pe_array4/requant_dsp_out[34]
    SLICE_X61Y154        FDRE                                         r  FSRCNN_CORE_i/FSRCNN_CORE/M_Layer_0/inst/core_layer1/pe_array4/o_result_reg[1]/R
  -------------------------------------------------------------------    -------------------

                         (clock ref_clk rise edge)    0.000     0.000 r  
    P10                                               0.000     0.000 r  axi_clk_0 (IN)
                         net (fo=0)                   0.000     0.000    axi_clk_0_IBUF_inst/I
    P10                  INBUF (Prop_INBUF_HPIOB_M_PAD_O)
                                                      0.365     0.365 r  axi_clk_0_IBUF_inst/INBUF_INST/O
                         net (fo=1, routed)           0.000     0.365    axi_clk_0_IBUF_inst/OUT
    P10                  IBUFCTRL (Prop_IBUFCTRL_HPIOB_M_I_O)
                                                      0.000     0.365 r  axi_clk_0_IBUF_inst/IBUFCTRL_INST/O
                         net (fo=1, routed)           1.795     2.160    axi_clk_0_IBUF
    BUFGCE_HDIO_X0Y8     BUFGCE (Prop_BUFCE_BUFGCE_HDIO_I_O)
                                                      0.019     2.179 r  axi_clk_0_IBUF_BUFG_inst/O
    X1Y3 (CLOCK_ROOT)    net (fo=39327, routed)       1.738     3.917    FSRCNN_CORE_i/FSRCNN_CORE/M_Layer_0/inst/core_layer1/pe_array4/axi_clk
    SLICE_X61Y154        FDRE                                         r  FSRCNN_CORE_i/FSRCNN_CORE/M_Layer_0/inst/core_layer1/pe_array4/o_result_reg[1]/C

Slack:                    inf
  Source:                 FSRCNN_CORE_i/FSRCNN_CORE/M_Layer_0/inst/core_layer3/pe_array4/DSP_Rq/U0/i_synth/i_synth_option.i_synth_model/opt_8series.i_uniwrap/i_primitive/DSP_C_DATA_INST/C_DATA[34]
                            (internal pin)
  Destination:            FSRCNN_CORE_i/FSRCNN_CORE/M_Layer_0/inst/core_layer3/pe_array4/o_result_reg[2]/R
                            (rising edge-triggered cell FDRE clocked by ref_clk  {rise@0.000ns fall@1.666ns period=3.333ns})
  Path Group:             (none)
  Path Type:              Hold (Min at Fast Process Corner)
  Data Path Delay:        0.222ns  (logic 0.132ns (59.523%)  route 0.090ns (40.477%))
  Logic Levels:           2  (DSP_ALU=1 DSP_OUTPUT=1)
  Clock Uncertainty:      0.025ns  ((TSJ^2 + TIJ^2)^1/2 + DJ) / 2 + PE
    Total System Jitter     (TSJ):    0.050ns
    Total Input Jitter      (TIJ):    0.000ns
    Discrete Jitter          (DJ):    0.000ns
    Phase Error              (PE):    0.000ns
  Clock Net Delay (Destination): 1.737ns (routing 0.853ns, distribution 0.884ns)

    Location             Delay type                Incr(ns)  Path(ns)    Netlist Resource(s)
  -------------------------------------------------------------------    -------------------
    DSP48E2_X8Y13        DSP_C_DATA                   0.000     0.000 r  FSRCNN_CORE_i/FSRCNN_CORE/M_Layer_0/inst/core_layer3/pe_array4/DSP_Rq/U0/i_synth/i_synth_option.i_synth_model/opt_8series.i_uniwrap/i_primitive/DSP_C_DATA_INST/C_DATA[34]
                         net (fo=2, routed)           0.000     0.000    FSRCNN_CORE_i/FSRCNN_CORE/M_Layer_0/inst/core_layer3/pe_array4/DSP_Rq/U0/i_synth/i_synth_option.i_synth_model/opt_8series.i_uniwrap/i_primitive/DSP_C_DATA.C_DATA<34>
    DSP48E2_X8Y13        DSP_ALU (Prop_DSP_ALU_DSP48E2_C_DATA[34]_ALU_OUT[34])
                                                      0.102     0.102 f  FSRCNN_CORE_i/FSRCNN_CORE/M_Layer_0/inst/core_layer3/pe_array4/DSP_Rq/U0/i_synth/i_synth_option.i_synth_model/opt_8series.i_uniwrap/i_primitive/DSP_ALU_INST/ALU_OUT[34]
                         net (fo=1, routed)           0.000     0.102    FSRCNN_CORE_i/FSRCNN_CORE/M_Layer_0/inst/core_layer3/pe_array4/DSP_Rq/U0/i_synth/i_synth_option.i_synth_model/opt_8series.i_uniwrap/i_primitive/DSP_ALU.ALU_OUT<34>
    DSP48E2_X8Y13        DSP_OUTPUT (Prop_DSP_OUTPUT_DSP48E2_ALU_OUT[34]_P[34])
                                                      0.030     0.132 r  FSRCNN_CORE_i/FSRCNN_CORE/M_Layer_0/inst/core_layer3/pe_array4/DSP_Rq/U0/i_synth/i_synth_option.i_synth_model/opt_8series.i_uniwrap/i_primitive/DSP_OUTPUT_INST/P[34]
                         net (fo=9, routed)           0.090     0.222    FSRCNN_CORE_i/FSRCNN_CORE/M_Layer_0/inst/core_layer3/pe_array4/requant_dsp_out[34]
    SLICE_X43Y34         FDRE                                         r  FSRCNN_CORE_i/FSRCNN_CORE/M_Layer_0/inst/core_layer3/pe_array4/o_result_reg[2]/R
  -------------------------------------------------------------------    -------------------

                         (clock ref_clk rise edge)    0.000     0.000 r  
    P10                                               0.000     0.000 r  axi_clk_0 (IN)
                         net (fo=0)                   0.000     0.000    axi_clk_0_IBUF_inst/I
    P10                  INBUF (Prop_INBUF_HPIOB_M_PAD_O)
                                                      0.365     0.365 r  axi_clk_0_IBUF_inst/INBUF_INST/O
                         net (fo=1, routed)           0.000     0.365    axi_clk_0_IBUF_inst/OUT
    P10                  IBUFCTRL (Prop_IBUFCTRL_HPIOB_M_I_O)
                                                      0.000     0.365 r  axi_clk_0_IBUF_inst/IBUFCTRL_INST/O
                         net (fo=1, routed)           1.795     2.160    axi_clk_0_IBUF
    BUFGCE_HDIO_X0Y8     BUFGCE (Prop_BUFCE_BUFGCE_HDIO_I_O)
                                                      0.019     2.179 r  axi_clk_0_IBUF_BUFG_inst/O
    X1Y3 (CLOCK_ROOT)    net (fo=39327, routed)       1.737     3.917    FSRCNN_CORE_i/FSRCNN_CORE/M_Layer_0/inst/core_layer3/pe_array4/axi_clk
    SLICE_X43Y34         FDRE                                         r  FSRCNN_CORE_i/FSRCNN_CORE/M_Layer_0/inst/core_layer3/pe_array4/o_result_reg[2]/C





