Copyright 1986-2022 Xilinx, Inc. All Rights Reserved.
-----------------------------------------------------------------------------------------------------------------------------------------------------------------------------------------------------------------------------------------------------------------------------------------
| Tool Version      : Vivado v.2022.1 (win64) Build 3526262 Mon Apr 18 15:48:16 MDT 2022
| Date              : Fri Sep 26 13:21:16 2025
| Host              : xylo running 64-bit major release  (build 9200)
| Command           : report_timing_summary -max_paths 10 -report_unconstrained -file Axis_Feature_Extraction_Layer_timing_summary_routed.rpt -pb Axis_Feature_Extraction_Layer_timing_summary_routed.pb -rpx Axis_Feature_Extraction_Layer_timing_summary_routed.rpx -warn_on_violation
| Design            : Axis_Feature_Extraction_Layer
| Device            : xczu9eg-ffvb1156
| Speed File        : -2  PRODUCTION 1.29 08-03-2020
| Temperature Grade : E
-----------------------------------------------------------------------------------------------------------------------------------------------------------------------------------------------------------------------------------------------------------------------------------------

Timing Summary Report

------------------------------------------------------------------------------------------------
| Timer Settings
| --------------
------------------------------------------------------------------------------------------------

  Enable Multi Corner Analysis               :  Yes
  Enable Pessimism Removal                   :  Yes
  Pessimism Removal Resolution               :  Nearest Common Node
  Enable Input Delay Default Clock           :  No
  Enable Preset / Clear Arcs                 :  No
  Disable Flight Delays                      :  No
  Ignore I/O Paths                           :  No
  Timing Early Launch at Borrowing Latches   :  No
  Borrow Time for Max Delay Exceptions       :  Yes
  Merge Timing Exceptions                    :  Yes

  Corner  Analyze    Analyze    
  Name    Max Paths  Min Paths  
  ------  ---------  ---------  
  Slow    Yes        Yes        
  Fast    Yes        Yes        


------------------------------------------------------------------------------------------------
| Report Methodology
| ------------------
------------------------------------------------------------------------------------------------

Rule       Severity  Description                                                  Violations  
---------  --------  -----------------------------------------------------------  ----------  
NTCN-11    Warning   CLOCK_DEDICATED_ROUTE net not driven by global clock buffer  1           
TIMING-18  Warning   Missing input or output delay                                143         

Note: This report is based on the most recent report_methodology run and may not be up-to-date. Run report_methodology on the current design for the latest report.



check_timing report

Table of Contents
-----------------
1. checking no_clock (0)
2. checking constant_clock (0)
3. checking pulse_width_clock (0)
4. checking unconstrained_internal_endpoints (0)
5. checking no_input_delay (11)
6. checking no_output_delay (132)
7. checking multiple_clock (0)
8. checking generated_clocks (0)
9. checking loops (0)
10. checking partial_input_delay (0)
11. checking partial_output_delay (0)
12. checking latch_loops (0)

1. checking no_clock (0)
------------------------
 There are 0 register/latch pins with no clock.


2. checking constant_clock (0)
------------------------------
 There are 0 register/latch pins with constant_clock.


3. checking pulse_width_clock (0)
---------------------------------
 There are 0 register/latch pins which need pulse_width check


4. checking unconstrained_internal_endpoints (0)
------------------------------------------------
 There are 0 pins that are not constrained for maximum delay.

 There are 0 pins that are not constrained for maximum delay due to constant clock.


5. checking no_input_delay (11)
-------------------------------
 There are 11 input ports with no input delay specified. (HIGH)

 There are 0 input ports with no input delay but user has a false path constraint.


6. checking no_output_delay (132)
---------------------------------
 There are 132 ports with no output delay specified. (HIGH)

 There are 0 ports with no output delay but user has a false path constraint

 There are 0 ports with no output delay but with a timing clock defined on it or propagating through it


7. checking multiple_clock (0)
------------------------------
 There are 0 register/latch pins with multiple clocks.


8. checking generated_clocks (0)
--------------------------------
 There are 0 generated clocks that are not connected to a clock source.


9. checking loops (0)
---------------------
 There are 0 combinational loops in the design.


10. checking partial_input_delay (0)
------------------------------------
 There are 0 input ports with partial input delay specified.


11. checking partial_output_delay (0)
-------------------------------------
 There are 0 ports with partial output delay specified.


12. checking latch_loops (0)
----------------------------
 There are 0 combinational latch loops in the design through latch input



------------------------------------------------------------------------------------------------
| Design Timing Summary
| ---------------------
------------------------------------------------------------------------------------------------

    WNS(ns)      TNS(ns)  TNS Failing Endpoints  TNS Total Endpoints      WHS(ns)      THS(ns)  THS Failing Endpoints  THS Total Endpoints     WPWS(ns)     TPWS(ns)  TPWS Failing Endpoints  TPWS Total Endpoints  
    -------      -------  ---------------------  -------------------      -------      -------  ---------------------  -------------------     --------     --------  ----------------------  --------------------  
      0.571        0.000                      0                17911        0.026        0.000                      0                17911        1.124        0.000                       0                  1612  


All user specified timing constraints are met.


------------------------------------------------------------------------------------------------
| Clock Summary
| -------------
------------------------------------------------------------------------------------------------

Clock    Waveform(ns)         Period(ns)      Frequency(MHz)
-----    ------------         ----------      --------------
ref_clk  {0.000 1.666}        3.333           300.030         


------------------------------------------------------------------------------------------------
| Intra Clock Table
| -----------------
------------------------------------------------------------------------------------------------

Clock             WNS(ns)      TNS(ns)  TNS Failing Endpoints  TNS Total Endpoints      WHS(ns)      THS(ns)  THS Failing Endpoints  THS Total Endpoints     WPWS(ns)     TPWS(ns)  TPWS Failing Endpoints  TPWS Total Endpoints  
-----             -------      -------  ---------------------  -------------------      -------      -------  ---------------------  -------------------     --------     --------  ----------------------  --------------------  
ref_clk             0.571        0.000                      0                17911        0.026        0.000                      0                17911        1.124        0.000                       0                  1612  


------------------------------------------------------------------------------------------------
| Inter Clock Table
| -----------------
------------------------------------------------------------------------------------------------

From Clock    To Clock          WNS(ns)      TNS(ns)  TNS Failing Endpoints  TNS Total Endpoints      WHS(ns)      THS(ns)  THS Failing Endpoints  THS Total Endpoints  
----------    --------          -------      -------  ---------------------  -------------------      -------      -------  ---------------------  -------------------  


------------------------------------------------------------------------------------------------
| Other Path Groups Table
| -----------------------
------------------------------------------------------------------------------------------------

Path Group    From Clock    To Clock          WNS(ns)      TNS(ns)  TNS Failing Endpoints  TNS Total Endpoints      WHS(ns)      THS(ns)  THS Failing Endpoints  THS Total Endpoints  
----------    ----------    --------          -------      -------  ---------------------  -------------------      -------      -------  ---------------------  -------------------  


------------------------------------------------------------------------------------------------
| User Ignored Path Table
| -----------------------
------------------------------------------------------------------------------------------------

Path Group    From Clock    To Clock    
----------    ----------    --------    
(none)                      ref_clk       


------------------------------------------------------------------------------------------------
| Unconstrained Path Table
| ------------------------
------------------------------------------------------------------------------------------------

Path Group    From Clock    To Clock    
----------    ----------    --------    
(none)        ref_clk                     
(none)                      ref_clk       


------------------------------------------------------------------------------------------------
| Timing Details
| --------------
------------------------------------------------------------------------------------------------


---------------------------------------------------------------------------------------------------
From Clock:  ref_clk
  To Clock:  ref_clk

Setup :            0  Failing Endpoints,  Worst Slack        0.571ns,  Total Violation        0.000ns
Hold  :            0  Failing Endpoints,  Worst Slack        0.026ns,  Total Violation        0.000ns
PW    :            0  Failing Endpoints,  Worst Slack        1.124ns,  Total Violation        0.000ns
---------------------------------------------------------------------------------------------------


Max Delay Paths
--------------------------------------------------------------------------------------
Slack (MET) :             0.571ns  (required time - arrival time)
  Source:                 Line_Buffer/data_packed_reg[4]/C
                            (rising edge-triggered cell FDRE clocked by ref_clk  {rise@0.000ns fall@1.666ns period=3.333ns})
  Destination:            core_calculator/pe10/DSP4/U0/i_synth/i_synth_option.i_synth_model/opt_8series.i_uniwrap/i_primitive/DSP_A_B_DATA_INST/A[4]
                            (rising edge-triggered cell DSP_A_B_DATA clocked by ref_clk  {rise@0.000ns fall@1.666ns period=3.333ns})
  Path Group:             ref_clk
  Path Type:              Setup (Max at Slow Process Corner)
  Requirement:            3.333ns  (ref_clk rise@3.333ns - ref_clk rise@0.000ns)
  Data Path Delay:        2.362ns  (logic 0.078ns (3.302%)  route 2.284ns (96.698%))
  Logic Levels:           0  
  Clock Path Skew:        -0.097ns (DCD - SCD + CPR)
    Destination Clock Delay (DCD):    4.932ns = ( 8.265 - 3.333 ) 
    Source Clock Delay      (SCD):    6.729ns
    Clock Pessimism Removal (CPR):    1.700ns
  Clock Uncertainty:      0.035ns  ((TSJ^2 + TIJ^2)^1/2 + DJ) / 2 + PE
    Total System Jitter     (TSJ):    0.071ns
    Total Input Jitter      (TIJ):    0.000ns
    Discrete Jitter          (DJ):    0.000ns
    Phase Error              (PE):    0.000ns
  Clock Net Delay (Source):      2.563ns (routing 1.618ns, distribution 0.945ns)
  Clock Net Delay (Destination): 2.273ns (routing 1.468ns, distribution 0.805ns)

    Location             Delay type                Incr(ns)  Path(ns)    Netlist Resource(s)
  -------------------------------------------------------------------    -------------------
                         (clock ref_clk rise edge)    0.000     0.000 r  
    AG5                                               0.000     0.000 r  axi_clk (IN)
                         net (fo=0)                   0.000     0.000    axi_clk_IBUF_inst/I
    AG5                  INBUF (Prop_INBUF_HPIOB_M_PAD_O)
                                                      0.521     0.521 r  axi_clk_IBUF_inst/INBUF_INST/O
                         net (fo=1, routed)           0.000     0.521    axi_clk_IBUF_inst/OUT
    AG5                  IBUFCTRL (Prop_IBUFCTRL_HPIOB_M_I_O)
                                                      0.000     0.521 r  axi_clk_IBUF_inst/IBUFCTRL_INST/O
                         net (fo=1, routed)           3.617     4.138    axi_clk_IBUF
    BUFGCE_HDIO_X0Y8     BUFGCE (Prop_BUFCE_BUFGCE_HDIO_I_O)
                                                      0.028     4.166 r  axi_clk_IBUF_BUFG_inst/O
    X2Y1 (CLOCK_ROOT)    net (fo=2187, routed)        2.563     6.729    Line_Buffer/axi_clk_IBUF_BUFG
    SLICE_X40Y68         FDRE                                         r  Line_Buffer/data_packed_reg[4]/C
  -------------------------------------------------------------------    -------------------
    SLICE_X40Y68         FDRE (Prop_CFF_SLICEM_C_Q)
                                                      0.078     6.807 r  Line_Buffer/data_packed_reg[4]/Q
                         net (fo=16, routed)          2.284     9.091    core_calculator/pe10/DSP4/U0/i_synth/i_synth_option.i_synth_model/opt_8series.i_uniwrap/i_primitive/A[4]
    DSP48E2_X9Y29        DSP_A_B_DATA                                 r  core_calculator/pe10/DSP4/U0/i_synth/i_synth_option.i_synth_model/opt_8series.i_uniwrap/i_primitive/DSP_A_B_DATA_INST/A[4]
  -------------------------------------------------------------------    -------------------

                         (clock ref_clk rise edge)    3.333     3.333 r  
    AG5                                               0.000     3.333 r  axi_clk (IN)
                         net (fo=0)                   0.000     3.333    axi_clk_IBUF_inst/I
    AG5                  INBUF (Prop_INBUF_HPIOB_M_PAD_O)
                                                      0.271     3.604 r  axi_clk_IBUF_inst/INBUF_INST/O
                         net (fo=1, routed)           0.000     3.604    axi_clk_IBUF_inst/OUT
    AG5                  IBUFCTRL (Prop_IBUFCTRL_HPIOB_M_I_O)
                                                      0.000     3.604 r  axi_clk_IBUF_inst/IBUFCTRL_INST/O
                         net (fo=1, routed)           2.364     5.968    axi_clk_IBUF
    BUFGCE_HDIO_X0Y8     BUFGCE (Prop_BUFCE_BUFGCE_HDIO_I_O)
                                                      0.024     5.992 r  axi_clk_IBUF_BUFG_inst/O
    X2Y1 (CLOCK_ROOT)    net (fo=2187, routed)        2.273     8.265    core_calculator/pe10/DSP4/U0/i_synth/i_synth_option.i_synth_model/opt_8series.i_uniwrap/i_primitive/CLK
    DSP48E2_X9Y29        DSP_A_B_DATA                                 r  core_calculator/pe10/DSP4/U0/i_synth/i_synth_option.i_synth_model/opt_8series.i_uniwrap/i_primitive/DSP_A_B_DATA_INST/CLK
                         clock pessimism              1.700     9.965    
                         clock uncertainty           -0.035     9.930    
    DSP48E2_X9Y29        DSP_A_B_DATA (Setup_DSP_A_B_DATA_DSP48E2_CLK_A[4])
                                                     -0.267     9.663    core_calculator/pe10/DSP4/U0/i_synth/i_synth_option.i_synth_model/opt_8series.i_uniwrap/i_primitive/DSP_A_B_DATA_INST
  -------------------------------------------------------------------
                         required time                          9.663    
                         arrival time                          -9.092    
  -------------------------------------------------------------------
                         slack                                  0.571    

Slack (MET) :             0.580ns  (required time - arrival time)
  Source:                 Line_Buffer/data_packed_reg[30]/C
                            (rising edge-triggered cell FDRE clocked by ref_clk  {rise@0.000ns fall@1.666ns period=3.333ns})
  Destination:            core_calculator/pe2/DSP1/U0/i_synth/i_synth_option.i_synth_model/opt_8series.i_uniwrap/i_primitive/DSP_A_B_DATA_INST/A[6]
                            (rising edge-triggered cell DSP_A_B_DATA clocked by ref_clk  {rise@0.000ns fall@1.666ns period=3.333ns})
  Path Group:             ref_clk
  Path Type:              Setup (Max at Slow Process Corner)
  Requirement:            3.333ns  (ref_clk rise@3.333ns - ref_clk rise@0.000ns)
  Data Path Delay:        2.355ns  (logic 0.076ns (3.227%)  route 2.279ns (96.773%))
  Logic Levels:           0  
  Clock Path Skew:        -0.090ns (DCD - SCD + CPR)
    Destination Clock Delay (DCD):    4.939ns = ( 8.272 - 3.333 ) 
    Source Clock Delay      (SCD):    6.729ns
    Clock Pessimism Removal (CPR):    1.700ns
  Clock Uncertainty:      0.035ns  ((TSJ^2 + TIJ^2)^1/2 + DJ) / 2 + PE
    Total System Jitter     (TSJ):    0.071ns
    Total Input Jitter      (TIJ):    0.000ns
    Discrete Jitter          (DJ):    0.000ns
    Phase Error              (PE):    0.000ns
  Clock Net Delay (Source):      2.563ns (routing 1.618ns, distribution 0.945ns)
  Clock Net Delay (Destination): 2.280ns (routing 1.468ns, distribution 0.812ns)

    Location             Delay type                Incr(ns)  Path(ns)    Netlist Resource(s)
  -------------------------------------------------------------------    -------------------
                         (clock ref_clk rise edge)    0.000     0.000 r  
    AG5                                               0.000     0.000 r  axi_clk (IN)
                         net (fo=0)                   0.000     0.000    axi_clk_IBUF_inst/I
    AG5                  INBUF (Prop_INBUF_HPIOB_M_PAD_O)
                                                      0.521     0.521 r  axi_clk_IBUF_inst/INBUF_INST/O
                         net (fo=1, routed)           0.000     0.521    axi_clk_IBUF_inst/OUT
    AG5                  IBUFCTRL (Prop_IBUFCTRL_HPIOB_M_I_O)
                                                      0.000     0.521 r  axi_clk_IBUF_inst/IBUFCTRL_INST/O
                         net (fo=1, routed)           3.617     4.138    axi_clk_IBUF
    BUFGCE_HDIO_X0Y8     BUFGCE (Prop_BUFCE_BUFGCE_HDIO_I_O)
                                                      0.028     4.166 r  axi_clk_IBUF_BUFG_inst/O
    X2Y1 (CLOCK_ROOT)    net (fo=2187, routed)        2.563     6.729    Line_Buffer/axi_clk_IBUF_BUFG
    SLICE_X40Y67         FDRE                                         r  Line_Buffer/data_packed_reg[30]/C
  -------------------------------------------------------------------    -------------------
    SLICE_X40Y67         FDRE (Prop_FFF_SLICEM_C_Q)
                                                      0.076     6.805 r  Line_Buffer/data_packed_reg[30]/Q
                         net (fo=16, routed)          2.279     9.085    core_calculator/pe2/DSP1/U0/i_synth/i_synth_option.i_synth_model/opt_8series.i_uniwrap/i_primitive/A[6]
    DSP48E2_X8Y41        DSP_A_B_DATA                                 r  core_calculator/pe2/DSP1/U0/i_synth/i_synth_option.i_synth_model/opt_8series.i_uniwrap/i_primitive/DSP_A_B_DATA_INST/A[6]
  -------------------------------------------------------------------    -------------------

                         (clock ref_clk rise edge)    3.333     3.333 r  
    AG5                                               0.000     3.333 r  axi_clk (IN)
                         net (fo=0)                   0.000     3.333    axi_clk_IBUF_inst/I
    AG5                  INBUF (Prop_INBUF_HPIOB_M_PAD_O)
                                                      0.271     3.604 r  axi_clk_IBUF_inst/INBUF_INST/O
                         net (fo=1, routed)           0.000     3.604    axi_clk_IBUF_inst/OUT
    AG5                  IBUFCTRL (Prop_IBUFCTRL_HPIOB_M_I_O)
                                                      0.000     3.604 r  axi_clk_IBUF_inst/IBUFCTRL_INST/O
                         net (fo=1, routed)           2.364     5.968    axi_clk_IBUF
    BUFGCE_HDIO_X0Y8     BUFGCE (Prop_BUFCE_BUFGCE_HDIO_I_O)
                                                      0.024     5.992 r  axi_clk_IBUF_BUFG_inst/O
    X2Y1 (CLOCK_ROOT)    net (fo=2187, routed)        2.280     8.272    core_calculator/pe2/DSP1/U0/i_synth/i_synth_option.i_synth_model/opt_8series.i_uniwrap/i_primitive/CLK
    DSP48E2_X8Y41        DSP_A_B_DATA                                 r  core_calculator/pe2/DSP1/U0/i_synth/i_synth_option.i_synth_model/opt_8series.i_uniwrap/i_primitive/DSP_A_B_DATA_INST/CLK
                         clock pessimism              1.700     9.972    
                         clock uncertainty           -0.035     9.937    
    DSP48E2_X8Y41        DSP_A_B_DATA (Setup_DSP_A_B_DATA_DSP48E2_CLK_A[6])
                                                     -0.272     9.665    core_calculator/pe2/DSP1/U0/i_synth/i_synth_option.i_synth_model/opt_8series.i_uniwrap/i_primitive/DSP_A_B_DATA_INST
  -------------------------------------------------------------------
                         required time                          9.665    
                         arrival time                          -9.085    
  -------------------------------------------------------------------
                         slack                                  0.580    

Slack (MET) :             0.597ns  (required time - arrival time)
  Source:                 Line_Buffer/data_packed_reg[35]/C
                            (rising edge-triggered cell FDRE clocked by ref_clk  {rise@0.000ns fall@1.666ns period=3.333ns})
  Destination:            core_calculator/pe3/DSP0/U0/i_synth/i_synth_option.i_synth_model/opt_8series.i_uniwrap/i_primitive/DSP_A_B_DATA_INST/A[3]
                            (rising edge-triggered cell DSP_A_B_DATA clocked by ref_clk  {rise@0.000ns fall@1.666ns period=3.333ns})
  Path Group:             ref_clk
  Path Type:              Setup (Max at Slow Process Corner)
  Requirement:            3.333ns  (ref_clk rise@3.333ns - ref_clk rise@0.000ns)
  Data Path Delay:        2.366ns  (logic 0.078ns (3.297%)  route 2.288ns (96.703%))
  Logic Levels:           0  
  Clock Path Skew:        -0.078ns (DCD - SCD + CPR)
    Destination Clock Delay (DCD):    4.994ns = ( 8.327 - 3.333 ) 
    Source Clock Delay      (SCD):    6.729ns
    Clock Pessimism Removal (CPR):    1.657ns
  Clock Uncertainty:      0.035ns  ((TSJ^2 + TIJ^2)^1/2 + DJ) / 2 + PE
    Total System Jitter     (TSJ):    0.071ns
    Total Input Jitter      (TIJ):    0.000ns
    Discrete Jitter          (DJ):    0.000ns
    Phase Error              (PE):    0.000ns
  Clock Net Delay (Source):      2.563ns (routing 1.618ns, distribution 0.945ns)
  Clock Net Delay (Destination): 2.335ns (routing 1.468ns, distribution 0.867ns)

    Location             Delay type                Incr(ns)  Path(ns)    Netlist Resource(s)
  -------------------------------------------------------------------    -------------------
                         (clock ref_clk rise edge)    0.000     0.000 r  
    AG5                                               0.000     0.000 r  axi_clk (IN)
                         net (fo=0)                   0.000     0.000    axi_clk_IBUF_inst/I
    AG5                  INBUF (Prop_INBUF_HPIOB_M_PAD_O)
                                                      0.521     0.521 r  axi_clk_IBUF_inst/INBUF_INST/O
                         net (fo=1, routed)           0.000     0.521    axi_clk_IBUF_inst/OUT
    AG5                  IBUFCTRL (Prop_IBUFCTRL_HPIOB_M_I_O)
                                                      0.000     0.521 r  axi_clk_IBUF_inst/IBUFCTRL_INST/O
                         net (fo=1, routed)           3.617     4.138    axi_clk_IBUF
    BUFGCE_HDIO_X0Y8     BUFGCE (Prop_BUFCE_BUFGCE_HDIO_I_O)
                                                      0.028     4.166 r  axi_clk_IBUF_BUFG_inst/O
    X2Y1 (CLOCK_ROOT)    net (fo=2187, routed)        2.563     6.729    Line_Buffer/axi_clk_IBUF_BUFG
    SLICE_X41Y67         FDRE                                         r  Line_Buffer/data_packed_reg[35]/C
  -------------------------------------------------------------------    -------------------
    SLICE_X41Y67         FDRE (Prop_CFF_SLICEM_C_Q)
                                                      0.078     6.807 r  Line_Buffer/data_packed_reg[35]/Q
                         net (fo=16, routed)          2.288     9.095    core_calculator/pe3/DSP0/U0/i_synth/i_synth_option.i_synth_model/opt_8series.i_uniwrap/i_primitive/A[3]
    DSP48E2_X8Y48        DSP_A_B_DATA                                 r  core_calculator/pe3/DSP0/U0/i_synth/i_synth_option.i_synth_model/opt_8series.i_uniwrap/i_primitive/DSP_A_B_DATA_INST/A[3]
  -------------------------------------------------------------------    -------------------

                         (clock ref_clk rise edge)    3.333     3.333 r  
    AG5                                               0.000     3.333 r  axi_clk (IN)
                         net (fo=0)                   0.000     3.333    axi_clk_IBUF_inst/I
    AG5                  INBUF (Prop_INBUF_HPIOB_M_PAD_O)
                                                      0.271     3.604 r  axi_clk_IBUF_inst/INBUF_INST/O
                         net (fo=1, routed)           0.000     3.604    axi_clk_IBUF_inst/OUT
    AG5                  IBUFCTRL (Prop_IBUFCTRL_HPIOB_M_I_O)
                                                      0.000     3.604 r  axi_clk_IBUF_inst/IBUFCTRL_INST/O
                         net (fo=1, routed)           2.364     5.968    axi_clk_IBUF
    BUFGCE_HDIO_X0Y8     BUFGCE (Prop_BUFCE_BUFGCE_HDIO_I_O)
                                                      0.024     5.992 r  axi_clk_IBUF_BUFG_inst/O
    X2Y1 (CLOCK_ROOT)    net (fo=2187, routed)        2.335     8.327    core_calculator/pe3/DSP0/U0/i_synth/i_synth_option.i_synth_model/opt_8series.i_uniwrap/i_primitive/CLK
    DSP48E2_X8Y48        DSP_A_B_DATA                                 r  core_calculator/pe3/DSP0/U0/i_synth/i_synth_option.i_synth_model/opt_8series.i_uniwrap/i_primitive/DSP_A_B_DATA_INST/CLK
                         clock pessimism              1.657     9.984    
                         clock uncertainty           -0.035     9.949    
    DSP48E2_X8Y48        DSP_A_B_DATA (Setup_DSP_A_B_DATA_DSP48E2_CLK_A[3])
                                                     -0.256     9.693    core_calculator/pe3/DSP0/U0/i_synth/i_synth_option.i_synth_model/opt_8series.i_uniwrap/i_primitive/DSP_A_B_DATA_INST
  -------------------------------------------------------------------
                         required time                          9.693    
                         arrival time                          -9.095    
  -------------------------------------------------------------------
                         slack                                  0.597    

Slack (MET) :             0.661ns  (required time - arrival time)
  Source:                 Line_Buffer/data_packed_reg[30]/C
                            (rising edge-triggered cell FDRE clocked by ref_clk  {rise@0.000ns fall@1.666ns period=3.333ns})
  Destination:            core_calculator/pe3/DSP1/U0/i_synth/i_synth_option.i_synth_model/opt_8series.i_uniwrap/i_primitive/DSP_A_B_DATA_INST/A[6]
                            (rising edge-triggered cell DSP_A_B_DATA clocked by ref_clk  {rise@0.000ns fall@1.666ns period=3.333ns})
  Path Group:             ref_clk
  Path Type:              Setup (Max at Slow Process Corner)
  Requirement:            3.333ns  (ref_clk rise@3.333ns - ref_clk rise@0.000ns)
  Data Path Delay:        2.292ns  (logic 0.076ns (3.315%)  route 2.216ns (96.685%))
  Logic Levels:           0  
  Clock Path Skew:        -0.073ns (DCD - SCD + CPR)
    Destination Clock Delay (DCD):    5.000ns = ( 8.333 - 3.333 ) 
    Source Clock Delay      (SCD):    6.729ns
    Clock Pessimism Removal (CPR):    1.657ns
  Clock Uncertainty:      0.035ns  ((TSJ^2 + TIJ^2)^1/2 + DJ) / 2 + PE
    Total System Jitter     (TSJ):    0.071ns
    Total Input Jitter      (TIJ):    0.000ns
    Discrete Jitter          (DJ):    0.000ns
    Phase Error              (PE):    0.000ns
  Clock Net Delay (Source):      2.563ns (routing 1.618ns, distribution 0.945ns)
  Clock Net Delay (Destination): 2.341ns (routing 1.468ns, distribution 0.873ns)

    Location             Delay type                Incr(ns)  Path(ns)    Netlist Resource(s)
  -------------------------------------------------------------------    -------------------
                         (clock ref_clk rise edge)    0.000     0.000 r  
    AG5                                               0.000     0.000 r  axi_clk (IN)
                         net (fo=0)                   0.000     0.000    axi_clk_IBUF_inst/I
    AG5                  INBUF (Prop_INBUF_HPIOB_M_PAD_O)
                                                      0.521     0.521 r  axi_clk_IBUF_inst/INBUF_INST/O
                         net (fo=1, routed)           0.000     0.521    axi_clk_IBUF_inst/OUT
    AG5                  IBUFCTRL (Prop_IBUFCTRL_HPIOB_M_I_O)
                                                      0.000     0.521 r  axi_clk_IBUF_inst/IBUFCTRL_INST/O
                         net (fo=1, routed)           3.617     4.138    axi_clk_IBUF
    BUFGCE_HDIO_X0Y8     BUFGCE (Prop_BUFCE_BUFGCE_HDIO_I_O)
                                                      0.028     4.166 r  axi_clk_IBUF_BUFG_inst/O
    X2Y1 (CLOCK_ROOT)    net (fo=2187, routed)        2.563     6.729    Line_Buffer/axi_clk_IBUF_BUFG
    SLICE_X40Y67         FDRE                                         r  Line_Buffer/data_packed_reg[30]/C
  -------------------------------------------------------------------    -------------------
    SLICE_X40Y67         FDRE (Prop_FFF_SLICEM_C_Q)
                                                      0.076     6.805 r  Line_Buffer/data_packed_reg[30]/Q
                         net (fo=16, routed)          2.216     9.022    core_calculator/pe3/DSP1/U0/i_synth/i_synth_option.i_synth_model/opt_8series.i_uniwrap/i_primitive/A[6]
    DSP48E2_X7Y50        DSP_A_B_DATA                                 r  core_calculator/pe3/DSP1/U0/i_synth/i_synth_option.i_synth_model/opt_8series.i_uniwrap/i_primitive/DSP_A_B_DATA_INST/A[6]
  -------------------------------------------------------------------    -------------------

                         (clock ref_clk rise edge)    3.333     3.333 r  
    AG5                                               0.000     3.333 r  axi_clk (IN)
                         net (fo=0)                   0.000     3.333    axi_clk_IBUF_inst/I
    AG5                  INBUF (Prop_INBUF_HPIOB_M_PAD_O)
                                                      0.271     3.604 r  axi_clk_IBUF_inst/INBUF_INST/O
                         net (fo=1, routed)           0.000     3.604    axi_clk_IBUF_inst/OUT
    AG5                  IBUFCTRL (Prop_IBUFCTRL_HPIOB_M_I_O)
                                                      0.000     3.604 r  axi_clk_IBUF_inst/IBUFCTRL_INST/O
                         net (fo=1, routed)           2.364     5.968    axi_clk_IBUF
    BUFGCE_HDIO_X0Y8     BUFGCE (Prop_BUFCE_BUFGCE_HDIO_I_O)
                                                      0.024     5.992 r  axi_clk_IBUF_BUFG_inst/O
    X2Y1 (CLOCK_ROOT)    net (fo=2187, routed)        2.341     8.333    core_calculator/pe3/DSP1/U0/i_synth/i_synth_option.i_synth_model/opt_8series.i_uniwrap/i_primitive/CLK
    DSP48E2_X7Y50        DSP_A_B_DATA                                 r  core_calculator/pe3/DSP1/U0/i_synth/i_synth_option.i_synth_model/opt_8series.i_uniwrap/i_primitive/DSP_A_B_DATA_INST/CLK
                         clock pessimism              1.657     9.990    
                         clock uncertainty           -0.035     9.954    
    DSP48E2_X7Y50        DSP_A_B_DATA (Setup_DSP_A_B_DATA_DSP48E2_CLK_A[6])
                                                     -0.272     9.682    core_calculator/pe3/DSP1/U0/i_synth/i_synth_option.i_synth_model/opt_8series.i_uniwrap/i_primitive/DSP_A_B_DATA_INST
  -------------------------------------------------------------------
                         required time                          9.682    
                         arrival time                          -9.022    
  -------------------------------------------------------------------
                         slack                                  0.661    

Slack (MET) :             0.678ns  (required time - arrival time)
  Source:                 Line_Buffer/data_packed_reg[4]/C
                            (rising edge-triggered cell FDRE clocked by ref_clk  {rise@0.000ns fall@1.666ns period=3.333ns})
  Destination:            core_calculator/pe6/DSP4/U0/i_synth/i_synth_option.i_synth_model/opt_8series.i_uniwrap/i_primitive/DSP_A_B_DATA_INST/A[4]
                            (rising edge-triggered cell DSP_A_B_DATA clocked by ref_clk  {rise@0.000ns fall@1.666ns period=3.333ns})
  Path Group:             ref_clk
  Path Type:              Setup (Max at Slow Process Corner)
  Requirement:            3.333ns  (ref_clk rise@3.333ns - ref_clk rise@0.000ns)
  Data Path Delay:        2.239ns  (logic 0.078ns (3.483%)  route 2.161ns (96.517%))
  Logic Levels:           0  
  Clock Path Skew:        -0.113ns (DCD - SCD + CPR)
    Destination Clock Delay (DCD):    4.916ns = ( 8.249 - 3.333 ) 
    Source Clock Delay      (SCD):    6.729ns
    Clock Pessimism Removal (CPR):    1.700ns
  Clock Uncertainty:      0.035ns  ((TSJ^2 + TIJ^2)^1/2 + DJ) / 2 + PE
    Total System Jitter     (TSJ):    0.071ns
    Total Input Jitter      (TIJ):    0.000ns
    Discrete Jitter          (DJ):    0.000ns
    Phase Error              (PE):    0.000ns
  Clock Net Delay (Source):      2.563ns (routing 1.618ns, distribution 0.945ns)
  Clock Net Delay (Destination): 2.257ns (routing 1.468ns, distribution 0.789ns)

    Location             Delay type                Incr(ns)  Path(ns)    Netlist Resource(s)
  -------------------------------------------------------------------    -------------------
                         (clock ref_clk rise edge)    0.000     0.000 r  
    AG5                                               0.000     0.000 r  axi_clk (IN)
                         net (fo=0)                   0.000     0.000    axi_clk_IBUF_inst/I
    AG5                  INBUF (Prop_INBUF_HPIOB_M_PAD_O)
                                                      0.521     0.521 r  axi_clk_IBUF_inst/INBUF_INST/O
                         net (fo=1, routed)           0.000     0.521    axi_clk_IBUF_inst/OUT
    AG5                  IBUFCTRL (Prop_IBUFCTRL_HPIOB_M_I_O)
                                                      0.000     0.521 r  axi_clk_IBUF_inst/IBUFCTRL_INST/O
                         net (fo=1, routed)           3.617     4.138    axi_clk_IBUF
    BUFGCE_HDIO_X0Y8     BUFGCE (Prop_BUFCE_BUFGCE_HDIO_I_O)
                                                      0.028     4.166 r  axi_clk_IBUF_BUFG_inst/O
    X2Y1 (CLOCK_ROOT)    net (fo=2187, routed)        2.563     6.729    Line_Buffer/axi_clk_IBUF_BUFG
    SLICE_X40Y68         FDRE                                         r  Line_Buffer/data_packed_reg[4]/C
  -------------------------------------------------------------------    -------------------
    SLICE_X40Y68         FDRE (Prop_CFF_SLICEM_C_Q)
                                                      0.078     6.807 r  Line_Buffer/data_packed_reg[4]/Q
                         net (fo=16, routed)          2.161     8.969    core_calculator/pe6/DSP4/U0/i_synth/i_synth_option.i_synth_model/opt_8series.i_uniwrap/i_primitive/A[4]
    DSP48E2_X11Y30       DSP_A_B_DATA                                 r  core_calculator/pe6/DSP4/U0/i_synth/i_synth_option.i_synth_model/opt_8series.i_uniwrap/i_primitive/DSP_A_B_DATA_INST/A[4]
  -------------------------------------------------------------------    -------------------

                         (clock ref_clk rise edge)    3.333     3.333 r  
    AG5                                               0.000     3.333 r  axi_clk (IN)
                         net (fo=0)                   0.000     3.333    axi_clk_IBUF_inst/I
    AG5                  INBUF (Prop_INBUF_HPIOB_M_PAD_O)
                                                      0.271     3.604 r  axi_clk_IBUF_inst/INBUF_INST/O
                         net (fo=1, routed)           0.000     3.604    axi_clk_IBUF_inst/OUT
    AG5                  IBUFCTRL (Prop_IBUFCTRL_HPIOB_M_I_O)
                                                      0.000     3.604 r  axi_clk_IBUF_inst/IBUFCTRL_INST/O
                         net (fo=1, routed)           2.364     5.968    axi_clk_IBUF
    BUFGCE_HDIO_X0Y8     BUFGCE (Prop_BUFCE_BUFGCE_HDIO_I_O)
                                                      0.024     5.992 r  axi_clk_IBUF_BUFG_inst/O
    X2Y1 (CLOCK_ROOT)    net (fo=2187, routed)        2.257     8.249    core_calculator/pe6/DSP4/U0/i_synth/i_synth_option.i_synth_model/opt_8series.i_uniwrap/i_primitive/CLK
    DSP48E2_X11Y30       DSP_A_B_DATA                                 r  core_calculator/pe6/DSP4/U0/i_synth/i_synth_option.i_synth_model/opt_8series.i_uniwrap/i_primitive/DSP_A_B_DATA_INST/CLK
                         clock pessimism              1.700     9.949    
                         clock uncertainty           -0.035     9.914    
    DSP48E2_X11Y30       DSP_A_B_DATA (Setup_DSP_A_B_DATA_DSP48E2_CLK_A[4])
                                                     -0.267     9.647    core_calculator/pe6/DSP4/U0/i_synth/i_synth_option.i_synth_model/opt_8series.i_uniwrap/i_primitive/DSP_A_B_DATA_INST
  -------------------------------------------------------------------
                         required time                          9.647    
                         arrival time                          -8.969    
  -------------------------------------------------------------------
                         slack                                  0.678    

Slack (MET) :             0.694ns  (required time - arrival time)
  Source:                 Line_Buffer/data_packed_reg[36]/C
                            (rising edge-triggered cell FDRE clocked by ref_clk  {rise@0.000ns fall@1.666ns period=3.333ns})
  Destination:            core_calculator/pe3/DSP0/U0/i_synth/i_synth_option.i_synth_model/opt_8series.i_uniwrap/i_primitive/DSP_A_B_DATA_INST/A[4]
                            (rising edge-triggered cell DSP_A_B_DATA clocked by ref_clk  {rise@0.000ns fall@1.666ns period=3.333ns})
  Path Group:             ref_clk
  Path Type:              Setup (Max at Slow Process Corner)
  Requirement:            3.333ns  (ref_clk rise@3.333ns - ref_clk rise@0.000ns)
  Data Path Delay:        2.260ns  (logic 0.078ns (3.452%)  route 2.182ns (96.548%))
  Logic Levels:           0  
  Clock Path Skew:        -0.077ns (DCD - SCD + CPR)
    Destination Clock Delay (DCD):    4.994ns = ( 8.327 - 3.333 ) 
    Source Clock Delay      (SCD):    6.728ns
    Clock Pessimism Removal (CPR):    1.657ns
  Clock Uncertainty:      0.035ns  ((TSJ^2 + TIJ^2)^1/2 + DJ) / 2 + PE
    Total System Jitter     (TSJ):    0.071ns
    Total Input Jitter      (TIJ):    0.000ns
    Discrete Jitter          (DJ):    0.000ns
    Phase Error              (PE):    0.000ns
  Clock Net Delay (Source):      2.562ns (routing 1.618ns, distribution 0.944ns)
  Clock Net Delay (Destination): 2.335ns (routing 1.468ns, distribution 0.867ns)

    Location             Delay type                Incr(ns)  Path(ns)    Netlist Resource(s)
  -------------------------------------------------------------------    -------------------
                         (clock ref_clk rise edge)    0.000     0.000 r  
    AG5                                               0.000     0.000 r  axi_clk (IN)
                         net (fo=0)                   0.000     0.000    axi_clk_IBUF_inst/I
    AG5                  INBUF (Prop_INBUF_HPIOB_M_PAD_O)
                                                      0.521     0.521 r  axi_clk_IBUF_inst/INBUF_INST/O
                         net (fo=1, routed)           0.000     0.521    axi_clk_IBUF_inst/OUT
    AG5                  IBUFCTRL (Prop_IBUFCTRL_HPIOB_M_I_O)
                                                      0.000     0.521 r  axi_clk_IBUF_inst/IBUFCTRL_INST/O
                         net (fo=1, routed)           3.617     4.138    axi_clk_IBUF
    BUFGCE_HDIO_X0Y8     BUFGCE (Prop_BUFCE_BUFGCE_HDIO_I_O)
                                                      0.028     4.166 r  axi_clk_IBUF_BUFG_inst/O
    X2Y1 (CLOCK_ROOT)    net (fo=2187, routed)        2.562     6.728    Line_Buffer/axi_clk_IBUF_BUFG
    SLICE_X40Y68         FDRE                                         r  Line_Buffer/data_packed_reg[36]/C
  -------------------------------------------------------------------    -------------------
    SLICE_X40Y68         FDRE (Prop_GFF_SLICEM_C_Q)
                                                      0.078     6.806 r  Line_Buffer/data_packed_reg[36]/Q
                         net (fo=16, routed)          2.182     8.988    core_calculator/pe3/DSP0/U0/i_synth/i_synth_option.i_synth_model/opt_8series.i_uniwrap/i_primitive/A[4]
    DSP48E2_X8Y48        DSP_A_B_DATA                                 r  core_calculator/pe3/DSP0/U0/i_synth/i_synth_option.i_synth_model/opt_8series.i_uniwrap/i_primitive/DSP_A_B_DATA_INST/A[4]
  -------------------------------------------------------------------    -------------------

                         (clock ref_clk rise edge)    3.333     3.333 r  
    AG5                                               0.000     3.333 r  axi_clk (IN)
                         net (fo=0)                   0.000     3.333    axi_clk_IBUF_inst/I
    AG5                  INBUF (Prop_INBUF_HPIOB_M_PAD_O)
                                                      0.271     3.604 r  axi_clk_IBUF_inst/INBUF_INST/O
                         net (fo=1, routed)           0.000     3.604    axi_clk_IBUF_inst/OUT
    AG5                  IBUFCTRL (Prop_IBUFCTRL_HPIOB_M_I_O)
                                                      0.000     3.604 r  axi_clk_IBUF_inst/IBUFCTRL_INST/O
                         net (fo=1, routed)           2.364     5.968    axi_clk_IBUF
    BUFGCE_HDIO_X0Y8     BUFGCE (Prop_BUFCE_BUFGCE_HDIO_I_O)
                                                      0.024     5.992 r  axi_clk_IBUF_BUFG_inst/O
    X2Y1 (CLOCK_ROOT)    net (fo=2187, routed)        2.335     8.327    core_calculator/pe3/DSP0/U0/i_synth/i_synth_option.i_synth_model/opt_8series.i_uniwrap/i_primitive/CLK
    DSP48E2_X8Y48        DSP_A_B_DATA                                 r  core_calculator/pe3/DSP0/U0/i_synth/i_synth_option.i_synth_model/opt_8series.i_uniwrap/i_primitive/DSP_A_B_DATA_INST/CLK
                         clock pessimism              1.657     9.984    
                         clock uncertainty           -0.035     9.949    
    DSP48E2_X8Y48        DSP_A_B_DATA (Setup_DSP_A_B_DATA_DSP48E2_CLK_A[4])
                                                     -0.267     9.682    core_calculator/pe3/DSP0/U0/i_synth/i_synth_option.i_synth_model/opt_8series.i_uniwrap/i_primitive/DSP_A_B_DATA_INST
  -------------------------------------------------------------------
                         required time                          9.682    
                         arrival time                          -8.988    
  -------------------------------------------------------------------
                         slack                                  0.694    

Slack (MET) :             0.718ns  (required time - arrival time)
  Source:                 Line_Buffer/data_packed_reg[39]/C
                            (rising edge-triggered cell FDRE clocked by ref_clk  {rise@0.000ns fall@1.666ns period=3.333ns})
  Destination:            core_calculator/pe5/DSP0/U0/i_synth/i_synth_option.i_synth_model/opt_8series.i_uniwrap/i_primitive/DSP_A_B_DATA_INST/A[7]
                            (rising edge-triggered cell DSP_A_B_DATA clocked by ref_clk  {rise@0.000ns fall@1.666ns period=3.333ns})
  Path Group:             ref_clk
  Path Type:              Setup (Max at Slow Process Corner)
  Requirement:            3.333ns  (ref_clk rise@3.333ns - ref_clk rise@0.000ns)
  Data Path Delay:        2.230ns  (logic 0.077ns (3.453%)  route 2.153ns (96.547%))
  Logic Levels:           0  
  Clock Path Skew:        -0.093ns (DCD - SCD + CPR)
    Destination Clock Delay (DCD):    4.979ns = ( 8.312 - 3.333 ) 
    Source Clock Delay      (SCD):    6.729ns
    Clock Pessimism Removal (CPR):    1.657ns
  Clock Uncertainty:      0.035ns  ((TSJ^2 + TIJ^2)^1/2 + DJ) / 2 + PE
    Total System Jitter     (TSJ):    0.071ns
    Total Input Jitter      (TIJ):    0.000ns
    Discrete Jitter          (DJ):    0.000ns
    Phase Error              (PE):    0.000ns
  Clock Net Delay (Source):      2.563ns (routing 1.618ns, distribution 0.945ns)
  Clock Net Delay (Destination): 2.320ns (routing 1.468ns, distribution 0.852ns)

    Location             Delay type                Incr(ns)  Path(ns)    Netlist Resource(s)
  -------------------------------------------------------------------    -------------------
                         (clock ref_clk rise edge)    0.000     0.000 r  
    AG5                                               0.000     0.000 r  axi_clk (IN)
                         net (fo=0)                   0.000     0.000    axi_clk_IBUF_inst/I
    AG5                  INBUF (Prop_INBUF_HPIOB_M_PAD_O)
                                                      0.521     0.521 r  axi_clk_IBUF_inst/INBUF_INST/O
                         net (fo=1, routed)           0.000     0.521    axi_clk_IBUF_inst/OUT
    AG5                  IBUFCTRL (Prop_IBUFCTRL_HPIOB_M_I_O)
                                                      0.000     0.521 r  axi_clk_IBUF_inst/IBUFCTRL_INST/O
                         net (fo=1, routed)           3.617     4.138    axi_clk_IBUF
    BUFGCE_HDIO_X0Y8     BUFGCE (Prop_BUFCE_BUFGCE_HDIO_I_O)
                                                      0.028     4.166 r  axi_clk_IBUF_BUFG_inst/O
    X2Y1 (CLOCK_ROOT)    net (fo=2187, routed)        2.563     6.729    Line_Buffer/axi_clk_IBUF_BUFG
    SLICE_X41Y67         FDRE                                         r  Line_Buffer/data_packed_reg[39]/C
  -------------------------------------------------------------------    -------------------
    SLICE_X41Y67         FDRE (Prop_AFF_SLICEM_C_Q)
                                                      0.077     6.806 r  Line_Buffer/data_packed_reg[39]/Q
                         net (fo=16, routed)          2.153     8.959    core_calculator/pe5/DSP0/U0/i_synth/i_synth_option.i_synth_model/opt_8series.i_uniwrap/i_primitive/A[7]
    DSP48E2_X9Y48        DSP_A_B_DATA                                 r  core_calculator/pe5/DSP0/U0/i_synth/i_synth_option.i_synth_model/opt_8series.i_uniwrap/i_primitive/DSP_A_B_DATA_INST/A[7]
  -------------------------------------------------------------------    -------------------

                         (clock ref_clk rise edge)    3.333     3.333 r  
    AG5                                               0.000     3.333 r  axi_clk (IN)
                         net (fo=0)                   0.000     3.333    axi_clk_IBUF_inst/I
    AG5                  INBUF (Prop_INBUF_HPIOB_M_PAD_O)
                                                      0.271     3.604 r  axi_clk_IBUF_inst/INBUF_INST/O
                         net (fo=1, routed)           0.000     3.604    axi_clk_IBUF_inst/OUT
    AG5                  IBUFCTRL (Prop_IBUFCTRL_HPIOB_M_I_O)
                                                      0.000     3.604 r  axi_clk_IBUF_inst/IBUFCTRL_INST/O
                         net (fo=1, routed)           2.364     5.968    axi_clk_IBUF
    BUFGCE_HDIO_X0Y8     BUFGCE (Prop_BUFCE_BUFGCE_HDIO_I_O)
                                                      0.024     5.992 r  axi_clk_IBUF_BUFG_inst/O
    X2Y1 (CLOCK_ROOT)    net (fo=2187, routed)        2.320     8.312    core_calculator/pe5/DSP0/U0/i_synth/i_synth_option.i_synth_model/opt_8series.i_uniwrap/i_primitive/CLK
    DSP48E2_X9Y48        DSP_A_B_DATA                                 r  core_calculator/pe5/DSP0/U0/i_synth/i_synth_option.i_synth_model/opt_8series.i_uniwrap/i_primitive/DSP_A_B_DATA_INST/CLK
                         clock pessimism              1.657     9.969    
                         clock uncertainty           -0.035     9.934    
    DSP48E2_X9Y48        DSP_A_B_DATA (Setup_DSP_A_B_DATA_DSP48E2_CLK_A[7])
                                                     -0.256     9.678    core_calculator/pe5/DSP0/U0/i_synth/i_synth_option.i_synth_model/opt_8series.i_uniwrap/i_primitive/DSP_A_B_DATA_INST
  -------------------------------------------------------------------
                         required time                          9.678    
                         arrival time                          -8.959    
  -------------------------------------------------------------------
                         slack                                  0.718    

Slack (MET) :             0.774ns  (required time - arrival time)
  Source:                 Line_Buffer/data_packed_reg[30]/C
                            (rising edge-triggered cell FDRE clocked by ref_clk  {rise@0.000ns fall@1.666ns period=3.333ns})
  Destination:            core_calculator/pe14/DSP1/U0/i_synth/i_synth_option.i_synth_model/opt_8series.i_uniwrap/i_primitive/DSP_A_B_DATA_INST/A[6]
                            (rising edge-triggered cell DSP_A_B_DATA clocked by ref_clk  {rise@0.000ns fall@1.666ns period=3.333ns})
  Path Group:             ref_clk
  Path Type:              Setup (Max at Slow Process Corner)
  Requirement:            3.333ns  (ref_clk rise@3.333ns - ref_clk rise@0.000ns)
  Data Path Delay:        2.155ns  (logic 0.076ns (3.527%)  route 2.079ns (96.473%))
  Logic Levels:           0  
  Clock Path Skew:        -0.097ns (DCD - SCD + CPR)
    Destination Clock Delay (DCD):    4.932ns = ( 8.265 - 3.333 ) 
    Source Clock Delay      (SCD):    6.729ns
    Clock Pessimism Removal (CPR):    1.700ns
  Clock Uncertainty:      0.035ns  ((TSJ^2 + TIJ^2)^1/2 + DJ) / 2 + PE
    Total System Jitter     (TSJ):    0.071ns
    Total Input Jitter      (TIJ):    0.000ns
    Discrete Jitter          (DJ):    0.000ns
    Phase Error              (PE):    0.000ns
  Clock Net Delay (Source):      2.563ns (routing 1.618ns, distribution 0.945ns)
  Clock Net Delay (Destination): 2.273ns (routing 1.468ns, distribution 0.805ns)

    Location             Delay type                Incr(ns)  Path(ns)    Netlist Resource(s)
  -------------------------------------------------------------------    -------------------
                         (clock ref_clk rise edge)    0.000     0.000 r  
    AG5                                               0.000     0.000 r  axi_clk (IN)
                         net (fo=0)                   0.000     0.000    axi_clk_IBUF_inst/I
    AG5                  INBUF (Prop_INBUF_HPIOB_M_PAD_O)
                                                      0.521     0.521 r  axi_clk_IBUF_inst/INBUF_INST/O
                         net (fo=1, routed)           0.000     0.521    axi_clk_IBUF_inst/OUT
    AG5                  IBUFCTRL (Prop_IBUFCTRL_HPIOB_M_I_O)
                                                      0.000     0.521 r  axi_clk_IBUF_inst/IBUFCTRL_INST/O
                         net (fo=1, routed)           3.617     4.138    axi_clk_IBUF
    BUFGCE_HDIO_X0Y8     BUFGCE (Prop_BUFCE_BUFGCE_HDIO_I_O)
                                                      0.028     4.166 r  axi_clk_IBUF_BUFG_inst/O
    X2Y1 (CLOCK_ROOT)    net (fo=2187, routed)        2.563     6.729    Line_Buffer/axi_clk_IBUF_BUFG
    SLICE_X40Y67         FDRE                                         r  Line_Buffer/data_packed_reg[30]/C
  -------------------------------------------------------------------    -------------------
    SLICE_X40Y67         FDRE (Prop_FFF_SLICEM_C_Q)
                                                      0.076     6.805 r  Line_Buffer/data_packed_reg[30]/Q
                         net (fo=16, routed)          2.079     8.884    core_calculator/pe14/DSP1/U0/i_synth/i_synth_option.i_synth_model/opt_8series.i_uniwrap/i_primitive/A[6]
    DSP48E2_X10Y47       DSP_A_B_DATA                                 r  core_calculator/pe14/DSP1/U0/i_synth/i_synth_option.i_synth_model/opt_8series.i_uniwrap/i_primitive/DSP_A_B_DATA_INST/A[6]
  -------------------------------------------------------------------    -------------------

                         (clock ref_clk rise edge)    3.333     3.333 r  
    AG5                                               0.000     3.333 r  axi_clk (IN)
                         net (fo=0)                   0.000     3.333    axi_clk_IBUF_inst/I
    AG5                  INBUF (Prop_INBUF_HPIOB_M_PAD_O)
                                                      0.271     3.604 r  axi_clk_IBUF_inst/INBUF_INST/O
                         net (fo=1, routed)           0.000     3.604    axi_clk_IBUF_inst/OUT
    AG5                  IBUFCTRL (Prop_IBUFCTRL_HPIOB_M_I_O)
                                                      0.000     3.604 r  axi_clk_IBUF_inst/IBUFCTRL_INST/O
                         net (fo=1, routed)           2.364     5.968    axi_clk_IBUF
    BUFGCE_HDIO_X0Y8     BUFGCE (Prop_BUFCE_BUFGCE_HDIO_I_O)
                                                      0.024     5.992 r  axi_clk_IBUF_BUFG_inst/O
    X2Y1 (CLOCK_ROOT)    net (fo=2187, routed)        2.273     8.265    core_calculator/pe14/DSP1/U0/i_synth/i_synth_option.i_synth_model/opt_8series.i_uniwrap/i_primitive/CLK
    DSP48E2_X10Y47       DSP_A_B_DATA                                 r  core_calculator/pe14/DSP1/U0/i_synth/i_synth_option.i_synth_model/opt_8series.i_uniwrap/i_primitive/DSP_A_B_DATA_INST/CLK
                         clock pessimism              1.700     9.965    
                         clock uncertainty           -0.035     9.930    
    DSP48E2_X10Y47       DSP_A_B_DATA (Setup_DSP_A_B_DATA_DSP48E2_CLK_A[6])
                                                     -0.272     9.658    core_calculator/pe14/DSP1/U0/i_synth/i_synth_option.i_synth_model/opt_8series.i_uniwrap/i_primitive/DSP_A_B_DATA_INST
  -------------------------------------------------------------------
                         required time                          9.658    
                         arrival time                          -8.884    
  -------------------------------------------------------------------
                         slack                                  0.774    

Slack (MET) :             0.785ns  (required time - arrival time)
  Source:                 Line_Buffer/data_packed_reg[36]/C
                            (rising edge-triggered cell FDRE clocked by ref_clk  {rise@0.000ns fall@1.666ns period=3.333ns})
  Destination:            core_calculator/pe5/DSP0/U0/i_synth/i_synth_option.i_synth_model/opt_8series.i_uniwrap/i_primitive/DSP_A_B_DATA_INST/A[4]
                            (rising edge-triggered cell DSP_A_B_DATA clocked by ref_clk  {rise@0.000ns fall@1.666ns period=3.333ns})
  Path Group:             ref_clk
  Path Type:              Setup (Max at Slow Process Corner)
  Requirement:            3.333ns  (ref_clk rise@3.333ns - ref_clk rise@0.000ns)
  Data Path Delay:        2.154ns  (logic 0.078ns (3.622%)  route 2.076ns (96.378%))
  Logic Levels:           0  
  Clock Path Skew:        -0.092ns (DCD - SCD + CPR)
    Destination Clock Delay (DCD):    4.979ns = ( 8.312 - 3.333 ) 
    Source Clock Delay      (SCD):    6.728ns
    Clock Pessimism Removal (CPR):    1.657ns
  Clock Uncertainty:      0.035ns  ((TSJ^2 + TIJ^2)^1/2 + DJ) / 2 + PE
    Total System Jitter     (TSJ):    0.071ns
    Total Input Jitter      (TIJ):    0.000ns
    Discrete Jitter          (DJ):    0.000ns
    Phase Error              (PE):    0.000ns
  Clock Net Delay (Source):      2.562ns (routing 1.618ns, distribution 0.944ns)
  Clock Net Delay (Destination): 2.320ns (routing 1.468ns, distribution 0.852ns)

    Location             Delay type                Incr(ns)  Path(ns)    Netlist Resource(s)
  -------------------------------------------------------------------    -------------------
                         (clock ref_clk rise edge)    0.000     0.000 r  
    AG5                                               0.000     0.000 r  axi_clk (IN)
                         net (fo=0)                   0.000     0.000    axi_clk_IBUF_inst/I
    AG5                  INBUF (Prop_INBUF_HPIOB_M_PAD_O)
                                                      0.521     0.521 r  axi_clk_IBUF_inst/INBUF_INST/O
                         net (fo=1, routed)           0.000     0.521    axi_clk_IBUF_inst/OUT
    AG5                  IBUFCTRL (Prop_IBUFCTRL_HPIOB_M_I_O)
                                                      0.000     0.521 r  axi_clk_IBUF_inst/IBUFCTRL_INST/O
                         net (fo=1, routed)           3.617     4.138    axi_clk_IBUF
    BUFGCE_HDIO_X0Y8     BUFGCE (Prop_BUFCE_BUFGCE_HDIO_I_O)
                                                      0.028     4.166 r  axi_clk_IBUF_BUFG_inst/O
    X2Y1 (CLOCK_ROOT)    net (fo=2187, routed)        2.562     6.728    Line_Buffer/axi_clk_IBUF_BUFG
    SLICE_X40Y68         FDRE                                         r  Line_Buffer/data_packed_reg[36]/C
  -------------------------------------------------------------------    -------------------
    SLICE_X40Y68         FDRE (Prop_GFF_SLICEM_C_Q)
                                                      0.078     6.806 r  Line_Buffer/data_packed_reg[36]/Q
                         net (fo=16, routed)          2.076     8.882    core_calculator/pe5/DSP0/U0/i_synth/i_synth_option.i_synth_model/opt_8series.i_uniwrap/i_primitive/A[4]
    DSP48E2_X9Y48        DSP_A_B_DATA                                 r  core_calculator/pe5/DSP0/U0/i_synth/i_synth_option.i_synth_model/opt_8series.i_uniwrap/i_primitive/DSP_A_B_DATA_INST/A[4]
  -------------------------------------------------------------------    -------------------

                         (clock ref_clk rise edge)    3.333     3.333 r  
    AG5                                               0.000     3.333 r  axi_clk (IN)
                         net (fo=0)                   0.000     3.333    axi_clk_IBUF_inst/I
    AG5                  INBUF (Prop_INBUF_HPIOB_M_PAD_O)
                                                      0.271     3.604 r  axi_clk_IBUF_inst/INBUF_INST/O
                         net (fo=1, routed)           0.000     3.604    axi_clk_IBUF_inst/OUT
    AG5                  IBUFCTRL (Prop_IBUFCTRL_HPIOB_M_I_O)
                                                      0.000     3.604 r  axi_clk_IBUF_inst/IBUFCTRL_INST/O
                         net (fo=1, routed)           2.364     5.968    axi_clk_IBUF
    BUFGCE_HDIO_X0Y8     BUFGCE (Prop_BUFCE_BUFGCE_HDIO_I_O)
                                                      0.024     5.992 r  axi_clk_IBUF_BUFG_inst/O
    X2Y1 (CLOCK_ROOT)    net (fo=2187, routed)        2.320     8.312    core_calculator/pe5/DSP0/U0/i_synth/i_synth_option.i_synth_model/opt_8series.i_uniwrap/i_primitive/CLK
    DSP48E2_X9Y48        DSP_A_B_DATA                                 r  core_calculator/pe5/DSP0/U0/i_synth/i_synth_option.i_synth_model/opt_8series.i_uniwrap/i_primitive/DSP_A_B_DATA_INST/CLK
                         clock pessimism              1.657     9.969    
                         clock uncertainty           -0.035     9.934    
    DSP48E2_X9Y48        DSP_A_B_DATA (Setup_DSP_A_B_DATA_DSP48E2_CLK_A[4])
                                                     -0.267     9.667    core_calculator/pe5/DSP0/U0/i_synth/i_synth_option.i_synth_model/opt_8series.i_uniwrap/i_primitive/DSP_A_B_DATA_INST
  -------------------------------------------------------------------
                         required time                          9.667    
                         arrival time                          -8.882    
  -------------------------------------------------------------------
                         slack                                  0.785    

Slack (MET) :             0.804ns  (required time - arrival time)
  Source:                 Line_Buffer/data_packed_reg[30]/C
                            (rising edge-triggered cell FDRE clocked by ref_clk  {rise@0.000ns fall@1.666ns period=3.333ns})
  Destination:            core_calculator/pe4/DSP1/U0/i_synth/i_synth_option.i_synth_model/opt_8series.i_uniwrap/i_primitive/DSP_A_B_DATA_INST/A[6]
                            (rising edge-triggered cell DSP_A_B_DATA clocked by ref_clk  {rise@0.000ns fall@1.666ns period=3.333ns})
  Path Group:             ref_clk
  Path Type:              Setup (Max at Slow Process Corner)
  Requirement:            3.333ns  (ref_clk rise@3.333ns - ref_clk rise@0.000ns)
  Data Path Delay:        2.147ns  (logic 0.076ns (3.539%)  route 2.071ns (96.461%))
  Logic Levels:           0  
  Clock Path Skew:        -0.074ns (DCD - SCD + CPR)
    Destination Clock Delay (DCD):    4.955ns = ( 8.288 - 3.333 ) 
    Source Clock Delay      (SCD):    6.729ns
    Clock Pessimism Removal (CPR):    1.700ns
  Clock Uncertainty:      0.035ns  ((TSJ^2 + TIJ^2)^1/2 + DJ) / 2 + PE
    Total System Jitter     (TSJ):    0.071ns
    Total Input Jitter      (TIJ):    0.000ns
    Discrete Jitter          (DJ):    0.000ns
    Phase Error              (PE):    0.000ns
  Clock Net Delay (Source):      2.563ns (routing 1.618ns, distribution 0.945ns)
  Clock Net Delay (Destination): 2.296ns (routing 1.468ns, distribution 0.828ns)

    Location             Delay type                Incr(ns)  Path(ns)    Netlist Resource(s)
  -------------------------------------------------------------------    -------------------
                         (clock ref_clk rise edge)    0.000     0.000 r  
    AG5                                               0.000     0.000 r  axi_clk (IN)
                         net (fo=0)                   0.000     0.000    axi_clk_IBUF_inst/I
    AG5                  INBUF (Prop_INBUF_HPIOB_M_PAD_O)
                                                      0.521     0.521 r  axi_clk_IBUF_inst/INBUF_INST/O
                         net (fo=1, routed)           0.000     0.521    axi_clk_IBUF_inst/OUT
    AG5                  IBUFCTRL (Prop_IBUFCTRL_HPIOB_M_I_O)
                                                      0.000     0.521 r  axi_clk_IBUF_inst/IBUFCTRL_INST/O
                         net (fo=1, routed)           3.617     4.138    axi_clk_IBUF
    BUFGCE_HDIO_X0Y8     BUFGCE (Prop_BUFCE_BUFGCE_HDIO_I_O)
                                                      0.028     4.166 r  axi_clk_IBUF_BUFG_inst/O
    X2Y1 (CLOCK_ROOT)    net (fo=2187, routed)        2.563     6.729    Line_Buffer/axi_clk_IBUF_BUFG
    SLICE_X40Y67         FDRE                                         r  Line_Buffer/data_packed_reg[30]/C
  -------------------------------------------------------------------    -------------------
    SLICE_X40Y67         FDRE (Prop_FFF_SLICEM_C_Q)
                                                      0.076     6.805 r  Line_Buffer/data_packed_reg[30]/Q
                         net (fo=16, routed)          2.071     8.877    core_calculator/pe4/DSP1/U0/i_synth/i_synth_option.i_synth_model/opt_8series.i_uniwrap/i_primitive/A[6]
    DSP48E2_X7Y45        DSP_A_B_DATA                                 r  core_calculator/pe4/DSP1/U0/i_synth/i_synth_option.i_synth_model/opt_8series.i_uniwrap/i_primitive/DSP_A_B_DATA_INST/A[6]
  -------------------------------------------------------------------    -------------------

                         (clock ref_clk rise edge)    3.333     3.333 r  
    AG5                                               0.000     3.333 r  axi_clk (IN)
                         net (fo=0)                   0.000     3.333    axi_clk_IBUF_inst/I
    AG5                  INBUF (Prop_INBUF_HPIOB_M_PAD_O)
                                                      0.271     3.604 r  axi_clk_IBUF_inst/INBUF_INST/O
                         net (fo=1, routed)           0.000     3.604    axi_clk_IBUF_inst/OUT
    AG5                  IBUFCTRL (Prop_IBUFCTRL_HPIOB_M_I_O)
                                                      0.000     3.604 r  axi_clk_IBUF_inst/IBUFCTRL_INST/O
                         net (fo=1, routed)           2.364     5.968    axi_clk_IBUF
    BUFGCE_HDIO_X0Y8     BUFGCE (Prop_BUFCE_BUFGCE_HDIO_I_O)
                                                      0.024     5.992 r  axi_clk_IBUF_BUFG_inst/O
    X2Y1 (CLOCK_ROOT)    net (fo=2187, routed)        2.296     8.288    core_calculator/pe4/DSP1/U0/i_synth/i_synth_option.i_synth_model/opt_8series.i_uniwrap/i_primitive/CLK
    DSP48E2_X7Y45        DSP_A_B_DATA                                 r  core_calculator/pe4/DSP1/U0/i_synth/i_synth_option.i_synth_model/opt_8series.i_uniwrap/i_primitive/DSP_A_B_DATA_INST/CLK
                         clock pessimism              1.700     9.988    
                         clock uncertainty           -0.035     9.953    
    DSP48E2_X7Y45        DSP_A_B_DATA (Setup_DSP_A_B_DATA_DSP48E2_CLK_A[6])
                                                     -0.272     9.681    core_calculator/pe4/DSP1/U0/i_synth/i_synth_option.i_synth_model/opt_8series.i_uniwrap/i_primitive/DSP_A_B_DATA_INST
  -------------------------------------------------------------------
                         required time                          9.681    
                         arrival time                          -8.877    
  -------------------------------------------------------------------
                         slack                                  0.804    





Min Delay Paths
--------------------------------------------------------------------------------------
Slack (MET) :             0.026ns  (arrival time - required time)
  Source:                 backBuffer/U0/inst_fifo_gen/gaxis_fifo.gaxisf.axisf/grf.rf/gntv_or_sync_fifo.gl0.rd/gr1.gr1_int.rfwft/gpregsm1.curr_fwft_state_reg[0]/C
                            (rising edge-triggered cell FDRE clocked by ref_clk  {rise@0.000ns fall@1.666ns period=3.333ns})
  Destination:            backBuffer/U0/inst_fifo_gen/gaxis_fifo.gaxisf.axisf/grf.rf/gntv_or_sync_fifo.gl0.rd/gr1.gr1_int.rfwft/empty_fwft_fb_o_i_reg/D
                            (rising edge-triggered cell FDSE clocked by ref_clk  {rise@0.000ns fall@1.666ns period=3.333ns})
  Path Group:             ref_clk
  Path Type:              Hold (Min at Slow Process Corner)
  Requirement:            0.000ns  (ref_clk rise@0.000ns - ref_clk rise@0.000ns)
  Data Path Delay:        0.179ns  (logic 0.097ns (54.273%)  route 0.082ns (45.728%))
  Logic Levels:           1  (LUT4=1)
  Clock Path Skew:        0.092ns (DCD - SCD - CPR)
    Destination Clock Delay (DCD):    6.706ns
    Source Clock Delay      (SCD):    4.914ns
    Clock Pessimism Removal (CPR):    1.700ns
  Clock Net Delay (Source):      2.255ns (routing 1.468ns, distribution 0.787ns)
  Clock Net Delay (Destination): 2.540ns (routing 1.618ns, distribution 0.922ns)

    Location             Delay type                Incr(ns)  Path(ns)    Netlist Resource(s)
  -------------------------------------------------------------------    -------------------
                         (clock ref_clk rise edge)    0.000     0.000 r  
    AG5                                               0.000     0.000 r  axi_clk (IN)
                         net (fo=0)                   0.000     0.000    axi_clk_IBUF_inst/I
    AG5                  INBUF (Prop_INBUF_HPIOB_M_PAD_O)
                                                      0.271     0.271 r  axi_clk_IBUF_inst/INBUF_INST/O
                         net (fo=1, routed)           0.000     0.271    axi_clk_IBUF_inst/OUT
    AG5                  IBUFCTRL (Prop_IBUFCTRL_HPIOB_M_I_O)
                                                      0.000     0.271 r  axi_clk_IBUF_inst/IBUFCTRL_INST/O
                         net (fo=1, routed)           2.364     2.635    axi_clk_IBUF
    BUFGCE_HDIO_X0Y8     BUFGCE (Prop_BUFCE_BUFGCE_HDIO_I_O)
                                                      0.024     2.659 r  axi_clk_IBUF_BUFG_inst/O
    X2Y1 (CLOCK_ROOT)    net (fo=2187, routed)        2.255     4.914    backBuffer/U0/inst_fifo_gen/gaxis_fifo.gaxisf.axisf/grf.rf/gntv_or_sync_fifo.gl0.rd/gr1.gr1_int.rfwft/s_aclk
    SLICE_X45Y100        FDRE                                         r  backBuffer/U0/inst_fifo_gen/gaxis_fifo.gaxisf.axisf/grf.rf/gntv_or_sync_fifo.gl0.rd/gr1.gr1_int.rfwft/gpregsm1.curr_fwft_state_reg[0]/C
  -------------------------------------------------------------------    -------------------
    SLICE_X45Y100        FDRE (Prop_DFF_SLICEL_C_Q)
                                                      0.059     4.973 r  backBuffer/U0/inst_fifo_gen/gaxis_fifo.gaxisf.axisf/grf.rf/gntv_or_sync_fifo.gl0.rd/gr1.gr1_int.rfwft/gpregsm1.curr_fwft_state_reg[0]/Q
                         net (fo=10, routed)          0.069     5.042    backBuffer/U0/inst_fifo_gen/gaxis_fifo.gaxisf.axisf/grf.rf/gntv_or_sync_fifo.gl0.rd/gr1.gr1_int.rfwft/curr_fwft_state[0]
    SLICE_X46Y100        LUT4 (Prop_D5LUT_SLICEM_I2_O)
                                                      0.038     5.080 r  backBuffer/U0/inst_fifo_gen/gaxis_fifo.gaxisf.axisf/grf.rf/gntv_or_sync_fifo.gl0.rd/gr1.gr1_int.rfwft/empty_fwft_fb_o_i_i_1/O
                         net (fo=1, routed)           0.013     5.093    backBuffer/U0/inst_fifo_gen/gaxis_fifo.gaxisf.axisf/grf.rf/gntv_or_sync_fifo.gl0.rd/gr1.gr1_int.rfwft/empty_fwft_fb_o_i_reg0
    SLICE_X46Y100        FDSE                                         r  backBuffer/U0/inst_fifo_gen/gaxis_fifo.gaxisf.axisf/grf.rf/gntv_or_sync_fifo.gl0.rd/gr1.gr1_int.rfwft/empty_fwft_fb_o_i_reg/D
  -------------------------------------------------------------------    -------------------

                         (clock ref_clk rise edge)    0.000     0.000 r  
    AG5                                               0.000     0.000 r  axi_clk (IN)
                         net (fo=0)                   0.000     0.000    axi_clk_IBUF_inst/I
    AG5                  INBUF (Prop_INBUF_HPIOB_M_PAD_O)
                                                      0.521     0.521 r  axi_clk_IBUF_inst/INBUF_INST/O
                         net (fo=1, routed)           0.000     0.521    axi_clk_IBUF_inst/OUT
    AG5                  IBUFCTRL (Prop_IBUFCTRL_HPIOB_M_I_O)
                                                      0.000     0.521 r  axi_clk_IBUF_inst/IBUFCTRL_INST/O
                         net (fo=1, routed)           3.617     4.138    axi_clk_IBUF
    BUFGCE_HDIO_X0Y8     BUFGCE (Prop_BUFCE_BUFGCE_HDIO_I_O)
                                                      0.028     4.166 r  axi_clk_IBUF_BUFG_inst/O
    X2Y1 (CLOCK_ROOT)    net (fo=2187, routed)        2.540     6.706    backBuffer/U0/inst_fifo_gen/gaxis_fifo.gaxisf.axisf/grf.rf/gntv_or_sync_fifo.gl0.rd/gr1.gr1_int.rfwft/s_aclk
    SLICE_X46Y100        FDSE                                         r  backBuffer/U0/inst_fifo_gen/gaxis_fifo.gaxisf.axisf/grf.rf/gntv_or_sync_fifo.gl0.rd/gr1.gr1_int.rfwft/empty_fwft_fb_o_i_reg/C
                         clock pessimism             -1.700     5.005    
    SLICE_X46Y100        FDSE (Hold_DFF2_SLICEM_C_D)
                                                      0.061     5.066    backBuffer/U0/inst_fifo_gen/gaxis_fifo.gaxisf.axisf/grf.rf/gntv_or_sync_fifo.gl0.rd/gr1.gr1_int.rfwft/empty_fwft_fb_o_i_reg
  -------------------------------------------------------------------
                         required time                         -5.066    
                         arrival time                           5.093    
  -------------------------------------------------------------------
                         slack                                  0.026    

Slack (MET) :             0.029ns  (arrival time - required time)
  Source:                 core_calculator/pe6/adder_stage2_reg[3]/C
                            (rising edge-triggered cell FDRE clocked by ref_clk  {rise@0.000ns fall@1.666ns period=3.333ns})
  Destination:            core_calculator/pe6/adderReg_pipe0_reg[3]/D
                            (rising edge-triggered cell FDRE clocked by ref_clk  {rise@0.000ns fall@1.666ns period=3.333ns})
  Path Group:             ref_clk
  Path Type:              Hold (Min at Slow Process Corner)
  Requirement:            0.000ns  (ref_clk rise@0.000ns - ref_clk rise@0.000ns)
  Data Path Delay:        0.188ns  (logic 0.106ns (56.383%)  route 0.082ns (43.617%))
  Logic Levels:           2  (CARRY8=1 LUT2=1)
  Clock Path Skew:        0.099ns (DCD - SCD - CPR)
    Destination Clock Delay (DCD):    6.714ns
    Source Clock Delay      (SCD):    4.915ns
    Clock Pessimism Removal (CPR):    1.700ns
  Clock Net Delay (Source):      2.256ns (routing 1.468ns, distribution 0.788ns)
  Clock Net Delay (Destination): 2.548ns (routing 1.618ns, distribution 0.930ns)

    Location             Delay type                Incr(ns)  Path(ns)    Netlist Resource(s)
  -------------------------------------------------------------------    -------------------
                         (clock ref_clk rise edge)    0.000     0.000 r  
    AG5                                               0.000     0.000 r  axi_clk (IN)
                         net (fo=0)                   0.000     0.000    axi_clk_IBUF_inst/I
    AG5                  INBUF (Prop_INBUF_HPIOB_M_PAD_O)
                                                      0.271     0.271 r  axi_clk_IBUF_inst/INBUF_INST/O
                         net (fo=1, routed)           0.000     0.271    axi_clk_IBUF_inst/OUT
    AG5                  IBUFCTRL (Prop_IBUFCTRL_HPIOB_M_I_O)
                                                      0.000     0.271 r  axi_clk_IBUF_inst/IBUFCTRL_INST/O
                         net (fo=1, routed)           2.364     2.635    axi_clk_IBUF
    BUFGCE_HDIO_X0Y8     BUFGCE (Prop_BUFCE_BUFGCE_HDIO_I_O)
                                                      0.024     2.659 r  axi_clk_IBUF_BUFG_inst/O
    X2Y1 (CLOCK_ROOT)    net (fo=2187, routed)        2.256     4.915    core_calculator/pe6/axi_clk_IBUF_BUFG
    SLICE_X52Y75         FDRE                                         r  core_calculator/pe6/adder_stage2_reg[3]/C
  -------------------------------------------------------------------    -------------------
    SLICE_X52Y75         FDRE (Prop_DFF_SLICEM_C_Q)
                                                      0.058     4.973 r  core_calculator/pe6/adder_stage2_reg[3]/Q
                         net (fo=1, routed)           0.063     5.036    core_calculator/pe6/adder_stage2_reg_n_0_[3]
    SLICE_X51Y75         LUT2 (Prop_D6LUT_SLICEL_I1_O)
                                                      0.022     5.058 r  core_calculator/pe6/adderReg_pipe0[7]_i_6/O
                         net (fo=1, routed)           0.009     5.067    core_calculator/pe6/adderReg_pipe0[7]_i_6_n_0
    SLICE_X51Y75         CARRY8 (Prop_CARRY8_SLICEL_S[3]_O[3])
                                                      0.026     5.093 r  core_calculator/pe6/adderReg_pipe0_reg[7]_i_1/O[3]
                         net (fo=1, routed)           0.010     5.103    core_calculator/pe6/adderReg_pipe0_reg[7]_i_1_n_12
    SLICE_X51Y75         FDRE                                         r  core_calculator/pe6/adderReg_pipe0_reg[3]/D
  -------------------------------------------------------------------    -------------------

                         (clock ref_clk rise edge)    0.000     0.000 r  
    AG5                                               0.000     0.000 r  axi_clk (IN)
                         net (fo=0)                   0.000     0.000    axi_clk_IBUF_inst/I
    AG5                  INBUF (Prop_INBUF_HPIOB_M_PAD_O)
                                                      0.521     0.521 r  axi_clk_IBUF_inst/INBUF_INST/O
                         net (fo=1, routed)           0.000     0.521    axi_clk_IBUF_inst/OUT
    AG5                  IBUFCTRL (Prop_IBUFCTRL_HPIOB_M_I_O)
                                                      0.000     0.521 r  axi_clk_IBUF_inst/IBUFCTRL_INST/O
                         net (fo=1, routed)           3.617     4.138    axi_clk_IBUF
    BUFGCE_HDIO_X0Y8     BUFGCE (Prop_BUFCE_BUFGCE_HDIO_I_O)
                                                      0.028     4.166 r  axi_clk_IBUF_BUFG_inst/O
    X2Y1 (CLOCK_ROOT)    net (fo=2187, routed)        2.548     6.714    core_calculator/pe6/axi_clk_IBUF_BUFG
    SLICE_X51Y75         FDRE                                         r  core_calculator/pe6/adderReg_pipe0_reg[3]/C
                         clock pessimism             -1.700     5.013    
    SLICE_X51Y75         FDRE (Hold_DFF_SLICEL_C_D)
                                                      0.060     5.073    core_calculator/pe6/adderReg_pipe0_reg[3]
  -------------------------------------------------------------------
                         required time                         -5.073    
                         arrival time                           5.103    
  -------------------------------------------------------------------
                         slack                                  0.029    

Slack (MET) :             0.029ns  (arrival time - required time)
  Source:                 core_calculator/pe6/adder_stage2_reg[19]/C
                            (rising edge-triggered cell FDRE clocked by ref_clk  {rise@0.000ns fall@1.666ns period=3.333ns})
  Destination:            core_calculator/pe6/adderReg_pipe0_reg[19]/D
                            (rising edge-triggered cell FDRE clocked by ref_clk  {rise@0.000ns fall@1.666ns period=3.333ns})
  Path Group:             ref_clk
  Path Type:              Hold (Min at Slow Process Corner)
  Requirement:            0.000ns  (ref_clk rise@0.000ns - ref_clk rise@0.000ns)
  Data Path Delay:        0.188ns  (logic 0.106ns (56.383%)  route 0.082ns (43.617%))
  Logic Levels:           2  (CARRY8=1 LUT2=1)
  Clock Path Skew:        0.099ns (DCD - SCD - CPR)
    Destination Clock Delay (DCD):    6.712ns
    Source Clock Delay      (SCD):    4.913ns
    Clock Pessimism Removal (CPR):    1.700ns
  Clock Net Delay (Source):      2.254ns (routing 1.468ns, distribution 0.786ns)
  Clock Net Delay (Destination): 2.546ns (routing 1.618ns, distribution 0.928ns)

    Location             Delay type                Incr(ns)  Path(ns)    Netlist Resource(s)
  -------------------------------------------------------------------    -------------------
                         (clock ref_clk rise edge)    0.000     0.000 r  
    AG5                                               0.000     0.000 r  axi_clk (IN)
                         net (fo=0)                   0.000     0.000    axi_clk_IBUF_inst/I
    AG5                  INBUF (Prop_INBUF_HPIOB_M_PAD_O)
                                                      0.271     0.271 r  axi_clk_IBUF_inst/INBUF_INST/O
                         net (fo=1, routed)           0.000     0.271    axi_clk_IBUF_inst/OUT
    AG5                  IBUFCTRL (Prop_IBUFCTRL_HPIOB_M_I_O)
                                                      0.000     0.271 r  axi_clk_IBUF_inst/IBUFCTRL_INST/O
                         net (fo=1, routed)           2.364     2.635    axi_clk_IBUF
    BUFGCE_HDIO_X0Y8     BUFGCE (Prop_BUFCE_BUFGCE_HDIO_I_O)
                                                      0.024     2.659 r  axi_clk_IBUF_BUFG_inst/O
    X2Y1 (CLOCK_ROOT)    net (fo=2187, routed)        2.254     4.913    core_calculator/pe6/axi_clk_IBUF_BUFG
    SLICE_X52Y77         FDRE                                         r  core_calculator/pe6/adder_stage2_reg[19]/C
  -------------------------------------------------------------------    -------------------
    SLICE_X52Y77         FDRE (Prop_DFF_SLICEM_C_Q)
                                                      0.058     4.971 r  core_calculator/pe6/adder_stage2_reg[19]/Q
                         net (fo=1, routed)           0.063     5.034    core_calculator/pe6/adder_stage2_reg_n_0_[19]
    SLICE_X51Y77         LUT2 (Prop_D6LUT_SLICEL_I1_O)
                                                      0.022     5.056 r  core_calculator/pe6/adderReg_pipe0[23]_i_6/O
                         net (fo=1, routed)           0.009     5.065    core_calculator/pe6/adderReg_pipe0[23]_i_6_n_0
    SLICE_X51Y77         CARRY8 (Prop_CARRY8_SLICEL_S[3]_O[3])
                                                      0.026     5.091 r  core_calculator/pe6/adderReg_pipe0_reg[23]_i_1/O[3]
                         net (fo=1, routed)           0.010     5.101    core_calculator/pe6/adderReg_pipe0_reg[23]_i_1_n_12
    SLICE_X51Y77         FDRE                                         r  core_calculator/pe6/adderReg_pipe0_reg[19]/D
  -------------------------------------------------------------------    -------------------

                         (clock ref_clk rise edge)    0.000     0.000 r  
    AG5                                               0.000     0.000 r  axi_clk (IN)
                         net (fo=0)                   0.000     0.000    axi_clk_IBUF_inst/I
    AG5                  INBUF (Prop_INBUF_HPIOB_M_PAD_O)
                                                      0.521     0.521 r  axi_clk_IBUF_inst/INBUF_INST/O
                         net (fo=1, routed)           0.000     0.521    axi_clk_IBUF_inst/OUT
    AG5                  IBUFCTRL (Prop_IBUFCTRL_HPIOB_M_I_O)
                                                      0.000     0.521 r  axi_clk_IBUF_inst/IBUFCTRL_INST/O
                         net (fo=1, routed)           3.617     4.138    axi_clk_IBUF
    BUFGCE_HDIO_X0Y8     BUFGCE (Prop_BUFCE_BUFGCE_HDIO_I_O)
                                                      0.028     4.166 r  axi_clk_IBUF_BUFG_inst/O
    X2Y1 (CLOCK_ROOT)    net (fo=2187, routed)        2.546     6.712    core_calculator/pe6/axi_clk_IBUF_BUFG
    SLICE_X51Y77         FDRE                                         r  core_calculator/pe6/adderReg_pipe0_reg[19]/C
                         clock pessimism             -1.700     5.011    
    SLICE_X51Y77         FDRE (Hold_DFF_SLICEL_C_D)
                                                      0.060     5.071    core_calculator/pe6/adderReg_pipe0_reg[19]
  -------------------------------------------------------------------
                         required time                         -5.071    
                         arrival time                           5.101    
  -------------------------------------------------------------------
                         slack                                  0.029    

Slack (MET) :             0.030ns  (arrival time - required time)
  Source:                 core_calculator/pe5/o_result_reg[4]/C
                            (rising edge-triggered cell FDRE clocked by ref_clk  {rise@0.000ns fall@1.666ns period=3.333ns})
  Destination:            backBuffer/U0/inst_fifo_gen/gaxis_fifo.gaxisf.axisf/grf.rf/gntv_or_sync_fifo.mem/gbm.gbmg.gbmga.ngecc.bmg/inst_blk_mem_gen/gnbram.gnativebmg.native_blk_mem_gen/valid.cstr/ramloop[5].ram.r/prim_noinit.ram/DEVICE_8SERIES.NO_BMM_INFO.SDP.SIMPLE_PRIM36.ram/DINADIN[4]
                            (rising edge-triggered cell RAMB36E2 clocked by ref_clk  {rise@0.000ns fall@1.666ns period=3.333ns})
  Path Group:             ref_clk
  Path Type:              Hold (Min at Slow Process Corner)
  Requirement:            0.000ns  (ref_clk rise@0.000ns - ref_clk rise@0.000ns)
  Data Path Delay:        0.214ns  (logic 0.058ns (27.103%)  route 0.156ns (72.897%))
  Logic Levels:           0  
  Clock Path Skew:        0.212ns (DCD - SCD - CPR)
    Destination Clock Delay (DCD):    6.889ns
    Source Clock Delay      (SCD):    4.970ns
    Clock Pessimism Removal (CPR):    1.707ns
  Clock Net Delay (Source):      2.311ns (routing 1.468ns, distribution 0.843ns)
  Clock Net Delay (Destination): 2.723ns (routing 1.618ns, distribution 1.105ns)

    Location             Delay type                Incr(ns)  Path(ns)    Netlist Resource(s)
  -------------------------------------------------------------------    -------------------
                         (clock ref_clk rise edge)    0.000     0.000 r  
    AG5                                               0.000     0.000 r  axi_clk (IN)
                         net (fo=0)                   0.000     0.000    axi_clk_IBUF_inst/I
    AG5                  INBUF (Prop_INBUF_HPIOB_M_PAD_O)
                                                      0.271     0.271 r  axi_clk_IBUF_inst/INBUF_INST/O
                         net (fo=1, routed)           0.000     0.271    axi_clk_IBUF_inst/OUT
    AG5                  IBUFCTRL (Prop_IBUFCTRL_HPIOB_M_I_O)
                                                      0.000     0.271 r  axi_clk_IBUF_inst/IBUFCTRL_INST/O
                         net (fo=1, routed)           2.364     2.635    axi_clk_IBUF
    BUFGCE_HDIO_X0Y8     BUFGCE (Prop_BUFCE_BUFGCE_HDIO_I_O)
                                                      0.024     2.659 r  axi_clk_IBUF_BUFG_inst/O
    X2Y1 (CLOCK_ROOT)    net (fo=2187, routed)        2.311     4.970    core_calculator/pe5/axi_clk_IBUF_BUFG
    SLICE_X49Y123        FDRE                                         r  core_calculator/pe5/o_result_reg[4]/C
  -------------------------------------------------------------------    -------------------
    SLICE_X49Y123        FDRE (Prop_CFF_SLICEM_C_Q)
                                                      0.058     5.028 r  core_calculator/pe5/o_result_reg[4]/Q
                         net (fo=1, routed)           0.156     5.184    backBuffer/U0/inst_fifo_gen/gaxis_fifo.gaxisf.axisf/grf.rf/gntv_or_sync_fifo.mem/gbm.gbmg.gbmga.ngecc.bmg/inst_blk_mem_gen/gnbram.gnativebmg.native_blk_mem_gen/valid.cstr/ramloop[5].ram.r/prim_noinit.ram/s_axis_tdata[4]
    RAMB36_X6Y25         RAMB36E2                                     r  backBuffer/U0/inst_fifo_gen/gaxis_fifo.gaxisf.axisf/grf.rf/gntv_or_sync_fifo.mem/gbm.gbmg.gbmga.ngecc.bmg/inst_blk_mem_gen/gnbram.gnativebmg.native_blk_mem_gen/valid.cstr/ramloop[5].ram.r/prim_noinit.ram/DEVICE_8SERIES.NO_BMM_INFO.SDP.SIMPLE_PRIM36.ram/DINADIN[4]
  -------------------------------------------------------------------    -------------------

                         (clock ref_clk rise edge)    0.000     0.000 r  
    AG5                                               0.000     0.000 r  axi_clk (IN)
                         net (fo=0)                   0.000     0.000    axi_clk_IBUF_inst/I
    AG5                  INBUF (Prop_INBUF_HPIOB_M_PAD_O)
                                                      0.521     0.521 r  axi_clk_IBUF_inst/INBUF_INST/O
                         net (fo=1, routed)           0.000     0.521    axi_clk_IBUF_inst/OUT
    AG5                  IBUFCTRL (Prop_IBUFCTRL_HPIOB_M_I_O)
                                                      0.000     0.521 r  axi_clk_IBUF_inst/IBUFCTRL_INST/O
                         net (fo=1, routed)           3.617     4.138    axi_clk_IBUF
    BUFGCE_HDIO_X0Y8     BUFGCE (Prop_BUFCE_BUFGCE_HDIO_I_O)
                                                      0.028     4.166 r  axi_clk_IBUF_BUFG_inst/O
    X2Y1 (CLOCK_ROOT)    net (fo=2187, routed)        2.723     6.889    backBuffer/U0/inst_fifo_gen/gaxis_fifo.gaxisf.axisf/grf.rf/gntv_or_sync_fifo.mem/gbm.gbmg.gbmga.ngecc.bmg/inst_blk_mem_gen/gnbram.gnativebmg.native_blk_mem_gen/valid.cstr/ramloop[5].ram.r/prim_noinit.ram/s_aclk
    RAMB36_X6Y25         RAMB36E2                                     r  backBuffer/U0/inst_fifo_gen/gaxis_fifo.gaxisf.axisf/grf.rf/gntv_or_sync_fifo.mem/gbm.gbmg.gbmga.ngecc.bmg/inst_blk_mem_gen/gnbram.gnativebmg.native_blk_mem_gen/valid.cstr/ramloop[5].ram.r/prim_noinit.ram/DEVICE_8SERIES.NO_BMM_INFO.SDP.SIMPLE_PRIM36.ram/CLKARDCLK
                         clock pessimism             -1.707     5.182    
    RAMB36_X6Y25         RAMB36E2 (Hold_RAMB36E2_RAMB36_CLKARDCLK_DINADIN[4])
                                                     -0.028     5.154    backBuffer/U0/inst_fifo_gen/gaxis_fifo.gaxisf.axisf/grf.rf/gntv_or_sync_fifo.mem/gbm.gbmg.gbmga.ngecc.bmg/inst_blk_mem_gen/gnbram.gnativebmg.native_blk_mem_gen/valid.cstr/ramloop[5].ram.r/prim_noinit.ram/DEVICE_8SERIES.NO_BMM_INFO.SDP.SIMPLE_PRIM36.ram
  -------------------------------------------------------------------
                         required time                         -5.154    
                         arrival time                           5.184    
  -------------------------------------------------------------------
                         slack                                  0.030    

Slack (MET) :             0.032ns  (arrival time - required time)
  Source:                 backBuffer/U0/inst_fifo_gen/gaxis_fifo.gaxisf.axisf/grf.rf/gntv_or_sync_fifo.gl0.wr/wpntr/gcc0.gc0.count_reg[5]/C
                            (rising edge-triggered cell FDRE clocked by ref_clk  {rise@0.000ns fall@1.666ns period=3.333ns})
  Destination:            backBuffer/U0/inst_fifo_gen/gaxis_fifo.gaxisf.axisf/grf.rf/gntv_or_sync_fifo.gl0.wr/wpntr/gcc0.gc0.count_d1_reg[5]/D
                            (rising edge-triggered cell FDRE clocked by ref_clk  {rise@0.000ns fall@1.666ns period=3.333ns})
  Path Group:             ref_clk
  Path Type:              Hold (Min at Slow Process Corner)
  Requirement:            0.000ns  (ref_clk rise@0.000ns - ref_clk rise@0.000ns)
  Data Path Delay:        0.141ns  (logic 0.059ns (41.751%)  route 0.082ns (58.249%))
  Logic Levels:           0  
  Clock Path Skew:        0.049ns (DCD - SCD - CPR)
    Destination Clock Delay (DCD):    6.734ns
    Source Clock Delay      (SCD):    4.936ns
    Clock Pessimism Removal (CPR):    1.749ns
  Clock Net Delay (Source):      2.277ns (routing 1.468ns, distribution 0.809ns)
  Clock Net Delay (Destination): 2.568ns (routing 1.618ns, distribution 0.950ns)

    Location             Delay type                Incr(ns)  Path(ns)    Netlist Resource(s)
  -------------------------------------------------------------------    -------------------
                         (clock ref_clk rise edge)    0.000     0.000 r  
    AG5                                               0.000     0.000 r  axi_clk (IN)
                         net (fo=0)                   0.000     0.000    axi_clk_IBUF_inst/I
    AG5                  INBUF (Prop_INBUF_HPIOB_M_PAD_O)
                                                      0.271     0.271 r  axi_clk_IBUF_inst/INBUF_INST/O
                         net (fo=1, routed)           0.000     0.271    axi_clk_IBUF_inst/OUT
    AG5                  IBUFCTRL (Prop_IBUFCTRL_HPIOB_M_I_O)
                                                      0.000     0.271 r  axi_clk_IBUF_inst/IBUFCTRL_INST/O
                         net (fo=1, routed)           2.364     2.635    axi_clk_IBUF
    BUFGCE_HDIO_X0Y8     BUFGCE (Prop_BUFCE_BUFGCE_HDIO_I_O)
                                                      0.024     2.659 r  axi_clk_IBUF_BUFG_inst/O
    X2Y1 (CLOCK_ROOT)    net (fo=2187, routed)        2.277     4.936    backBuffer/U0/inst_fifo_gen/gaxis_fifo.gaxisf.axisf/grf.rf/gntv_or_sync_fifo.gl0.wr/wpntr/s_aclk
    SLICE_X45Y108        FDRE                                         r  backBuffer/U0/inst_fifo_gen/gaxis_fifo.gaxisf.axisf/grf.rf/gntv_or_sync_fifo.gl0.wr/wpntr/gcc0.gc0.count_reg[5]/C
  -------------------------------------------------------------------    -------------------
    SLICE_X45Y108        FDRE (Prop_EFF_SLICEL_C_Q)
                                                      0.059     4.995 r  backBuffer/U0/inst_fifo_gen/gaxis_fifo.gaxisf.axisf/grf.rf/gntv_or_sync_fifo.gl0.wr/wpntr/gcc0.gc0.count_reg[5]/Q
                         net (fo=5, routed)           0.082     5.077    backBuffer/U0/inst_fifo_gen/gaxis_fifo.gaxisf.axisf/grf.rf/gntv_or_sync_fifo.gl0.wr/wpntr/Q[5]
    SLICE_X45Y107        FDRE                                         r  backBuffer/U0/inst_fifo_gen/gaxis_fifo.gaxisf.axisf/grf.rf/gntv_or_sync_fifo.gl0.wr/wpntr/gcc0.gc0.count_d1_reg[5]/D
  -------------------------------------------------------------------    -------------------

                         (clock ref_clk rise edge)    0.000     0.000 r  
    AG5                                               0.000     0.000 r  axi_clk (IN)
                         net (fo=0)                   0.000     0.000    axi_clk_IBUF_inst/I
    AG5                  INBUF (Prop_INBUF_HPIOB_M_PAD_O)
                                                      0.521     0.521 r  axi_clk_IBUF_inst/INBUF_INST/O
                         net (fo=1, routed)           0.000     0.521    axi_clk_IBUF_inst/OUT
    AG5                  IBUFCTRL (Prop_IBUFCTRL_HPIOB_M_I_O)
                                                      0.000     0.521 r  axi_clk_IBUF_inst/IBUFCTRL_INST/O
                         net (fo=1, routed)           3.617     4.138    axi_clk_IBUF
    BUFGCE_HDIO_X0Y8     BUFGCE (Prop_BUFCE_BUFGCE_HDIO_I_O)
                                                      0.028     4.166 r  axi_clk_IBUF_BUFG_inst/O
    X2Y1 (CLOCK_ROOT)    net (fo=2187, routed)        2.568     6.734    backBuffer/U0/inst_fifo_gen/gaxis_fifo.gaxisf.axisf/grf.rf/gntv_or_sync_fifo.gl0.wr/wpntr/s_aclk
    SLICE_X45Y107        FDRE                                         r  backBuffer/U0/inst_fifo_gen/gaxis_fifo.gaxisf.axisf/grf.rf/gntv_or_sync_fifo.gl0.wr/wpntr/gcc0.gc0.count_d1_reg[5]/C
                         clock pessimism             -1.749     4.985    
    SLICE_X45Y107        FDRE (Hold_HFF_SLICEL_C_D)
                                                      0.060     5.045    backBuffer/U0/inst_fifo_gen/gaxis_fifo.gaxisf.axisf/grf.rf/gntv_or_sync_fifo.gl0.wr/wpntr/gcc0.gc0.count_d1_reg[5]
  -------------------------------------------------------------------
                         required time                         -5.045    
                         arrival time                           5.077    
  -------------------------------------------------------------------
                         slack                                  0.032    

Slack (MET) :             0.033ns  (arrival time - required time)
  Source:                 core_calculator/pe10/adder_stage2_reg[9]/C
                            (rising edge-triggered cell FDRE clocked by ref_clk  {rise@0.000ns fall@1.666ns period=3.333ns})
  Destination:            core_calculator/pe10/adderReg_pipe0_reg[9]/D
                            (rising edge-triggered cell FDRE clocked by ref_clk  {rise@0.000ns fall@1.666ns period=3.333ns})
  Path Group:             ref_clk
  Path Type:              Hold (Min at Slow Process Corner)
  Requirement:            0.000ns  (ref_clk rise@0.000ns - ref_clk rise@0.000ns)
  Data Path Delay:        0.192ns  (logic 0.109ns (56.771%)  route 0.083ns (43.229%))
  Logic Levels:           2  (CARRY8=1 LUT2=1)
  Clock Path Skew:        0.099ns (DCD - SCD - CPR)
    Destination Clock Delay (DCD):    6.713ns
    Source Clock Delay      (SCD):    4.913ns
    Clock Pessimism Removal (CPR):    1.700ns
  Clock Net Delay (Source):      2.254ns (routing 1.468ns, distribution 0.786ns)
  Clock Net Delay (Destination): 2.547ns (routing 1.618ns, distribution 0.929ns)

    Location             Delay type                Incr(ns)  Path(ns)    Netlist Resource(s)
  -------------------------------------------------------------------    -------------------
                         (clock ref_clk rise edge)    0.000     0.000 r  
    AG5                                               0.000     0.000 r  axi_clk (IN)
                         net (fo=0)                   0.000     0.000    axi_clk_IBUF_inst/I
    AG5                  INBUF (Prop_INBUF_HPIOB_M_PAD_O)
                                                      0.271     0.271 r  axi_clk_IBUF_inst/INBUF_INST/O
                         net (fo=1, routed)           0.000     0.271    axi_clk_IBUF_inst/OUT
    AG5                  IBUFCTRL (Prop_IBUFCTRL_HPIOB_M_I_O)
                                                      0.000     0.271 r  axi_clk_IBUF_inst/IBUFCTRL_INST/O
                         net (fo=1, routed)           2.364     2.635    axi_clk_IBUF
    BUFGCE_HDIO_X0Y8     BUFGCE (Prop_BUFCE_BUFGCE_HDIO_I_O)
                                                      0.024     2.659 r  axi_clk_IBUF_BUFG_inst/O
    X2Y1 (CLOCK_ROOT)    net (fo=2187, routed)        2.254     4.913    core_calculator/pe10/axi_clk_IBUF_BUFG
    SLICE_X51Y71         FDRE                                         r  core_calculator/pe10/adder_stage2_reg[9]/C
  -------------------------------------------------------------------    -------------------
    SLICE_X51Y71         FDRE (Prop_BFF_SLICEL_C_Q)
                                                      0.059     4.972 r  core_calculator/pe10/adder_stage2_reg[9]/Q
                         net (fo=1, routed)           0.058     5.030    core_calculator/pe10/adder_stage2_reg_n_0_[9]
    SLICE_X52Y71         LUT2 (Prop_B6LUT_SLICEM_I1_O)
                                                      0.022     5.052 r  core_calculator/pe10/adderReg_pipe0[15]_i_8/O
                         net (fo=1, routed)           0.015     5.067    core_calculator/pe10/adderReg_pipe0[15]_i_8_n_0
    SLICE_X52Y71         CARRY8 (Prop_CARRY8_SLICEM_S[1]_O[1])
                                                      0.028     5.095 r  core_calculator/pe10/adderReg_pipe0_reg[15]_i_1/O[1]
                         net (fo=1, routed)           0.010     5.105    core_calculator/pe10/adderReg_pipe0_reg[15]_i_1_n_14
    SLICE_X52Y71         FDRE                                         r  core_calculator/pe10/adderReg_pipe0_reg[9]/D
  -------------------------------------------------------------------    -------------------

                         (clock ref_clk rise edge)    0.000     0.000 r  
    AG5                                               0.000     0.000 r  axi_clk (IN)
                         net (fo=0)                   0.000     0.000    axi_clk_IBUF_inst/I
    AG5                  INBUF (Prop_INBUF_HPIOB_M_PAD_O)
                                                      0.521     0.521 r  axi_clk_IBUF_inst/INBUF_INST/O
                         net (fo=1, routed)           0.000     0.521    axi_clk_IBUF_inst/OUT
    AG5                  IBUFCTRL (Prop_IBUFCTRL_HPIOB_M_I_O)
                                                      0.000     0.521 r  axi_clk_IBUF_inst/IBUFCTRL_INST/O
                         net (fo=1, routed)           3.617     4.138    axi_clk_IBUF
    BUFGCE_HDIO_X0Y8     BUFGCE (Prop_BUFCE_BUFGCE_HDIO_I_O)
                                                      0.028     4.166 r  axi_clk_IBUF_BUFG_inst/O
    X2Y1 (CLOCK_ROOT)    net (fo=2187, routed)        2.547     6.713    core_calculator/pe10/axi_clk_IBUF_BUFG
    SLICE_X52Y71         FDRE                                         r  core_calculator/pe10/adderReg_pipe0_reg[9]/C
                         clock pessimism             -1.700     5.012    
    SLICE_X52Y71         FDRE (Hold_BFF_SLICEM_C_D)
                                                      0.060     5.072    core_calculator/pe10/adderReg_pipe0_reg[9]
  -------------------------------------------------------------------
                         required time                         -5.072    
                         arrival time                           5.105    
  -------------------------------------------------------------------
                         slack                                  0.033    

Slack (MET) :             0.033ns  (arrival time - required time)
  Source:                 core_calculator/pe0/o_result_reg[2]/C
                            (rising edge-triggered cell FDRE clocked by ref_clk  {rise@0.000ns fall@1.666ns period=3.333ns})
  Destination:            backBuffer/U0/inst_fifo_gen/gaxis_fifo.gaxisf.axisf/grf.rf/gntv_or_sync_fifo.mem/gbm.gbmg.gbmga.ngecc.bmg/inst_blk_mem_gen/gnbram.gnativebmg.native_blk_mem_gen/valid.cstr/ramloop[0].ram.r/prim_noinit.ram/DEVICE_8SERIES.NO_BMM_INFO.SDP.SIMPLE_PRIM18.ram/DINADIN[2]
                            (rising edge-triggered cell RAMB18E2 clocked by ref_clk  {rise@0.000ns fall@1.666ns period=3.333ns})
  Path Group:             ref_clk
  Path Type:              Hold (Min at Slow Process Corner)
  Requirement:            0.000ns  (ref_clk rise@0.000ns - ref_clk rise@0.000ns)
  Data Path Delay:        0.292ns  (logic 0.059ns (20.205%)  route 0.233ns (79.795%))
  Logic Levels:           0  
  Clock Path Skew:        0.287ns (DCD - SCD - CPR)
    Destination Clock Delay (DCD):    6.866ns
    Source Clock Delay      (SCD):    4.922ns
    Clock Pessimism Removal (CPR):    1.657ns
  Clock Net Delay (Source):      2.263ns (routing 1.468ns, distribution 0.795ns)
  Clock Net Delay (Destination): 2.700ns (routing 1.618ns, distribution 1.082ns)

    Location             Delay type                Incr(ns)  Path(ns)    Netlist Resource(s)
  -------------------------------------------------------------------    -------------------
                         (clock ref_clk rise edge)    0.000     0.000 r  
    AG5                                               0.000     0.000 r  axi_clk (IN)
                         net (fo=0)                   0.000     0.000    axi_clk_IBUF_inst/I
    AG5                  INBUF (Prop_INBUF_HPIOB_M_PAD_O)
                                                      0.271     0.271 r  axi_clk_IBUF_inst/INBUF_INST/O
                         net (fo=1, routed)           0.000     0.271    axi_clk_IBUF_inst/OUT
    AG5                  IBUFCTRL (Prop_IBUFCTRL_HPIOB_M_I_O)
                                                      0.000     0.271 r  axi_clk_IBUF_inst/IBUFCTRL_INST/O
                         net (fo=1, routed)           2.364     2.635    axi_clk_IBUF
    BUFGCE_HDIO_X0Y8     BUFGCE (Prop_BUFCE_BUFGCE_HDIO_I_O)
                                                      0.024     2.659 r  axi_clk_IBUF_BUFG_inst/O
    X2Y1 (CLOCK_ROOT)    net (fo=2187, routed)        2.263     4.922    core_calculator/pe0/axi_clk_IBUF_BUFG
    SLICE_X48Y103        FDRE                                         r  core_calculator/pe0/o_result_reg[2]/C
  -------------------------------------------------------------------    -------------------
    SLICE_X48Y103        FDRE (Prop_DFF_SLICEL_C_Q)
                                                      0.059     4.981 r  core_calculator/pe0/o_result_reg[2]/Q
                         net (fo=1, routed)           0.233     5.214    backBuffer/U0/inst_fifo_gen/gaxis_fifo.gaxisf.axisf/grf.rf/gntv_or_sync_fifo.mem/gbm.gbmg.gbmga.ngecc.bmg/inst_blk_mem_gen/gnbram.gnativebmg.native_blk_mem_gen/valid.cstr/ramloop[0].ram.r/prim_noinit.ram/s_axis_tdata[2]
    RAMB18_X6Y48         RAMB18E2                                     r  backBuffer/U0/inst_fifo_gen/gaxis_fifo.gaxisf.axisf/grf.rf/gntv_or_sync_fifo.mem/gbm.gbmg.gbmga.ngecc.bmg/inst_blk_mem_gen/gnbram.gnativebmg.native_blk_mem_gen/valid.cstr/ramloop[0].ram.r/prim_noinit.ram/DEVICE_8SERIES.NO_BMM_INFO.SDP.SIMPLE_PRIM18.ram/DINADIN[2]
  -------------------------------------------------------------------    -------------------

                         (clock ref_clk rise edge)    0.000     0.000 r  
    AG5                                               0.000     0.000 r  axi_clk (IN)
                         net (fo=0)                   0.000     0.000    axi_clk_IBUF_inst/I
    AG5                  INBUF (Prop_INBUF_HPIOB_M_PAD_O)
                                                      0.521     0.521 r  axi_clk_IBUF_inst/INBUF_INST/O
                         net (fo=1, routed)           0.000     0.521    axi_clk_IBUF_inst/OUT
    AG5                  IBUFCTRL (Prop_IBUFCTRL_HPIOB_M_I_O)
                                                      0.000     0.521 r  axi_clk_IBUF_inst/IBUFCTRL_INST/O
                         net (fo=1, routed)           3.617     4.138    axi_clk_IBUF
    BUFGCE_HDIO_X0Y8     BUFGCE (Prop_BUFCE_BUFGCE_HDIO_I_O)
                                                      0.028     4.166 r  axi_clk_IBUF_BUFG_inst/O
    X2Y1 (CLOCK_ROOT)    net (fo=2187, routed)        2.700     6.866    backBuffer/U0/inst_fifo_gen/gaxis_fifo.gaxisf.axisf/grf.rf/gntv_or_sync_fifo.mem/gbm.gbmg.gbmga.ngecc.bmg/inst_blk_mem_gen/gnbram.gnativebmg.native_blk_mem_gen/valid.cstr/ramloop[0].ram.r/prim_noinit.ram/s_aclk
    RAMB18_X6Y48         RAMB18E2                                     r  backBuffer/U0/inst_fifo_gen/gaxis_fifo.gaxisf.axisf/grf.rf/gntv_or_sync_fifo.mem/gbm.gbmg.gbmga.ngecc.bmg/inst_blk_mem_gen/gnbram.gnativebmg.native_blk_mem_gen/valid.cstr/ramloop[0].ram.r/prim_noinit.ram/DEVICE_8SERIES.NO_BMM_INFO.SDP.SIMPLE_PRIM18.ram/CLKARDCLK
                         clock pessimism             -1.657     5.209    
    RAMB18_X6Y48         RAMB18E2 (Hold_RAMB18E2_L_RAMB180_CLKARDCLK_DINADIN[2])
                                                     -0.028     5.181    backBuffer/U0/inst_fifo_gen/gaxis_fifo.gaxisf.axisf/grf.rf/gntv_or_sync_fifo.mem/gbm.gbmg.gbmga.ngecc.bmg/inst_blk_mem_gen/gnbram.gnativebmg.native_blk_mem_gen/valid.cstr/ramloop[0].ram.r/prim_noinit.ram/DEVICE_8SERIES.NO_BMM_INFO.SDP.SIMPLE_PRIM18.ram
  -------------------------------------------------------------------
                         required time                         -5.181    
                         arrival time                           5.214    
  -------------------------------------------------------------------
                         slack                                  0.033    

Slack (MET) :             0.033ns  (arrival time - required time)
  Source:                 backBuffer/U0/inst_fifo_gen/gaxis_fifo.gaxisf.axisf/grf.rf/gntv_or_sync_fifo.gl0.rd/rpntr/gc0.count_reg[11]/C
                            (rising edge-triggered cell FDRE clocked by ref_clk  {rise@0.000ns fall@1.666ns period=3.333ns})
  Destination:            backBuffer/U0/inst_fifo_gen/gaxis_fifo.gaxisf.axisf/grf.rf/gntv_or_sync_fifo.gl0.rd/rpntr/gc0.count_d1_reg[11]/D
                            (rising edge-triggered cell FDRE clocked by ref_clk  {rise@0.000ns fall@1.666ns period=3.333ns})
  Path Group:             ref_clk
  Path Type:              Hold (Min at Slow Process Corner)
  Requirement:            0.000ns  (ref_clk rise@0.000ns - ref_clk rise@0.000ns)
  Data Path Delay:        0.168ns  (logic 0.058ns (34.439%)  route 0.110ns (65.561%))
  Logic Levels:           0  
  Clock Path Skew:        0.073ns (DCD - SCD - CPR)
    Destination Clock Delay (DCD):    6.699ns
    Source Clock Delay      (SCD):    4.925ns
    Clock Pessimism Removal (CPR):    1.700ns
  Clock Net Delay (Source):      2.267ns (routing 1.468ns, distribution 0.799ns)
  Clock Net Delay (Destination): 2.533ns (routing 1.618ns, distribution 0.915ns)

    Location             Delay type                Incr(ns)  Path(ns)    Netlist Resource(s)
  -------------------------------------------------------------------    -------------------
                         (clock ref_clk rise edge)    0.000     0.000 r  
    AG5                                               0.000     0.000 r  axi_clk (IN)
                         net (fo=0)                   0.000     0.000    axi_clk_IBUF_inst/I
    AG5                  INBUF (Prop_INBUF_HPIOB_M_PAD_O)
                                                      0.271     0.271 r  axi_clk_IBUF_inst/INBUF_INST/O
                         net (fo=1, routed)           0.000     0.271    axi_clk_IBUF_inst/OUT
    AG5                  IBUFCTRL (Prop_IBUFCTRL_HPIOB_M_I_O)
                                                      0.000     0.271 r  axi_clk_IBUF_inst/IBUFCTRL_INST/O
                         net (fo=1, routed)           2.364     2.635    axi_clk_IBUF
    BUFGCE_HDIO_X0Y8     BUFGCE (Prop_BUFCE_BUFGCE_HDIO_I_O)
                                                      0.024     2.659 r  axi_clk_IBUF_BUFG_inst/O
    X2Y1 (CLOCK_ROOT)    net (fo=2187, routed)        2.267     4.925    backBuffer/U0/inst_fifo_gen/gaxis_fifo.gaxisf.axisf/grf.rf/gntv_or_sync_fifo.gl0.rd/rpntr/s_aclk
    SLICE_X46Y106        FDRE                                         r  backBuffer/U0/inst_fifo_gen/gaxis_fifo.gaxisf.axisf/grf.rf/gntv_or_sync_fifo.gl0.rd/rpntr/gc0.count_reg[11]/C
  -------------------------------------------------------------------    -------------------
    SLICE_X46Y106        FDRE (Prop_CFF_SLICEM_C_Q)
                                                      0.058     4.983 r  backBuffer/U0/inst_fifo_gen/gaxis_fifo.gaxisf.axisf/grf.rf/gntv_or_sync_fifo.gl0.rd/rpntr/gc0.count_reg[11]/Q
                         net (fo=3, routed)           0.110     5.094    backBuffer/U0/inst_fifo_gen/gaxis_fifo.gaxisf.axisf/grf.rf/gntv_or_sync_fifo.gl0.rd/rpntr/rd_pntr_plus1[11]
    SLICE_X45Y105        FDRE                                         r  backBuffer/U0/inst_fifo_gen/gaxis_fifo.gaxisf.axisf/grf.rf/gntv_or_sync_fifo.gl0.rd/rpntr/gc0.count_d1_reg[11]/D
  -------------------------------------------------------------------    -------------------

                         (clock ref_clk rise edge)    0.000     0.000 r  
    AG5                                               0.000     0.000 r  axi_clk (IN)
                         net (fo=0)                   0.000     0.000    axi_clk_IBUF_inst/I
    AG5                  INBUF (Prop_INBUF_HPIOB_M_PAD_O)
                                                      0.521     0.521 r  axi_clk_IBUF_inst/INBUF_INST/O
                         net (fo=1, routed)           0.000     0.521    axi_clk_IBUF_inst/OUT
    AG5                  IBUFCTRL (Prop_IBUFCTRL_HPIOB_M_I_O)
                                                      0.000     0.521 r  axi_clk_IBUF_inst/IBUFCTRL_INST/O
                         net (fo=1, routed)           3.617     4.138    axi_clk_IBUF
    BUFGCE_HDIO_X0Y8     BUFGCE (Prop_BUFCE_BUFGCE_HDIO_I_O)
                                                      0.028     4.166 r  axi_clk_IBUF_BUFG_inst/O
    X2Y1 (CLOCK_ROOT)    net (fo=2187, routed)        2.533     6.699    backBuffer/U0/inst_fifo_gen/gaxis_fifo.gaxisf.axisf/grf.rf/gntv_or_sync_fifo.gl0.rd/rpntr/s_aclk
    SLICE_X45Y105        FDRE                                         r  backBuffer/U0/inst_fifo_gen/gaxis_fifo.gaxisf.axisf/grf.rf/gntv_or_sync_fifo.gl0.rd/rpntr/gc0.count_d1_reg[11]/C
                         clock pessimism             -1.700     4.998    
    SLICE_X45Y105        FDRE (Hold_EFF2_SLICEL_C_D)
                                                      0.062     5.060    backBuffer/U0/inst_fifo_gen/gaxis_fifo.gaxisf.axisf/grf.rf/gntv_or_sync_fifo.gl0.rd/rpntr/gc0.count_d1_reg[11]
  -------------------------------------------------------------------
                         required time                         -5.060    
                         arrival time                           5.094    
  -------------------------------------------------------------------
                         slack                                  0.033    

Slack (MET) :             0.034ns  (arrival time - required time)
  Source:                 core_calculator/pe6/adder_stage2_reg[11]/C
                            (rising edge-triggered cell FDRE clocked by ref_clk  {rise@0.000ns fall@1.666ns period=3.333ns})
  Destination:            core_calculator/pe6/adderReg_pipe0_reg[11]/D
                            (rising edge-triggered cell FDRE clocked by ref_clk  {rise@0.000ns fall@1.666ns period=3.333ns})
  Path Group:             ref_clk
  Path Type:              Hold (Min at Slow Process Corner)
  Requirement:            0.000ns  (ref_clk rise@0.000ns - ref_clk rise@0.000ns)
  Data Path Delay:        0.188ns  (logic 0.106ns (56.383%)  route 0.082ns (43.617%))
  Logic Levels:           2  (CARRY8=1 LUT2=1)
  Clock Path Skew:        0.094ns (DCD - SCD - CPR)
    Destination Clock Delay (DCD):    6.713ns
    Source Clock Delay      (SCD):    4.918ns
    Clock Pessimism Removal (CPR):    1.700ns
  Clock Net Delay (Source):      2.260ns (routing 1.468ns, distribution 0.792ns)
  Clock Net Delay (Destination): 2.547ns (routing 1.618ns, distribution 0.929ns)

    Location             Delay type                Incr(ns)  Path(ns)    Netlist Resource(s)
  -------------------------------------------------------------------    -------------------
                         (clock ref_clk rise edge)    0.000     0.000 r  
    AG5                                               0.000     0.000 r  axi_clk (IN)
                         net (fo=0)                   0.000     0.000    axi_clk_IBUF_inst/I
    AG5                  INBUF (Prop_INBUF_HPIOB_M_PAD_O)
                                                      0.271     0.271 r  axi_clk_IBUF_inst/INBUF_INST/O
                         net (fo=1, routed)           0.000     0.271    axi_clk_IBUF_inst/OUT
    AG5                  IBUFCTRL (Prop_IBUFCTRL_HPIOB_M_I_O)
                                                      0.000     0.271 r  axi_clk_IBUF_inst/IBUFCTRL_INST/O
                         net (fo=1, routed)           2.364     2.635    axi_clk_IBUF
    BUFGCE_HDIO_X0Y8     BUFGCE (Prop_BUFCE_BUFGCE_HDIO_I_O)
                                                      0.024     2.659 r  axi_clk_IBUF_BUFG_inst/O
    X2Y1 (CLOCK_ROOT)    net (fo=2187, routed)        2.260     4.918    core_calculator/pe6/axi_clk_IBUF_BUFG
    SLICE_X52Y76         FDRE                                         r  core_calculator/pe6/adder_stage2_reg[11]/C
  -------------------------------------------------------------------    -------------------
    SLICE_X52Y76         FDRE (Prop_DFF_SLICEM_C_Q)
                                                      0.058     4.976 r  core_calculator/pe6/adder_stage2_reg[11]/Q
                         net (fo=1, routed)           0.063     5.039    core_calculator/pe6/adder_stage2_reg_n_0_[11]
    SLICE_X51Y76         LUT2 (Prop_D6LUT_SLICEL_I1_O)
                                                      0.022     5.061 r  core_calculator/pe6/adderReg_pipe0[15]_i_6/O
                         net (fo=1, routed)           0.009     5.070    core_calculator/pe6/adderReg_pipe0[15]_i_6_n_0
    SLICE_X51Y76         CARRY8 (Prop_CARRY8_SLICEL_S[3]_O[3])
                                                      0.026     5.096 r  core_calculator/pe6/adderReg_pipe0_reg[15]_i_1/O[3]
                         net (fo=1, routed)           0.010     5.106    core_calculator/pe6/adderReg_pipe0_reg[15]_i_1_n_12
    SLICE_X51Y76         FDRE                                         r  core_calculator/pe6/adderReg_pipe0_reg[11]/D
  -------------------------------------------------------------------    -------------------

                         (clock ref_clk rise edge)    0.000     0.000 r  
    AG5                                               0.000     0.000 r  axi_clk (IN)
                         net (fo=0)                   0.000     0.000    axi_clk_IBUF_inst/I
    AG5                  INBUF (Prop_INBUF_HPIOB_M_PAD_O)
                                                      0.521     0.521 r  axi_clk_IBUF_inst/INBUF_INST/O
                         net (fo=1, routed)           0.000     0.521    axi_clk_IBUF_inst/OUT
    AG5                  IBUFCTRL (Prop_IBUFCTRL_HPIOB_M_I_O)
                                                      0.000     0.521 r  axi_clk_IBUF_inst/IBUFCTRL_INST/O
                         net (fo=1, routed)           3.617     4.138    axi_clk_IBUF
    BUFGCE_HDIO_X0Y8     BUFGCE (Prop_BUFCE_BUFGCE_HDIO_I_O)
                                                      0.028     4.166 r  axi_clk_IBUF_BUFG_inst/O
    X2Y1 (CLOCK_ROOT)    net (fo=2187, routed)        2.547     6.713    core_calculator/pe6/axi_clk_IBUF_BUFG
    SLICE_X51Y76         FDRE                                         r  core_calculator/pe6/adderReg_pipe0_reg[11]/C
                         clock pessimism             -1.700     5.012    
    SLICE_X51Y76         FDRE (Hold_DFF_SLICEL_C_D)
                                                      0.060     5.072    core_calculator/pe6/adderReg_pipe0_reg[11]
  -------------------------------------------------------------------
                         required time                         -5.072    
                         arrival time                           5.106    
  -------------------------------------------------------------------
                         slack                                  0.034    

Slack (MET) :             0.034ns  (arrival time - required time)
  Source:                 core_calculator/pe6/adder_stage2_reg[22]/C
                            (rising edge-triggered cell FDRE clocked by ref_clk  {rise@0.000ns fall@1.666ns period=3.333ns})
  Destination:            core_calculator/pe6/adderReg_pipe0_reg[22]/D
                            (rising edge-triggered cell FDRE clocked by ref_clk  {rise@0.000ns fall@1.666ns period=3.333ns})
  Path Group:             ref_clk
  Path Type:              Hold (Min at Slow Process Corner)
  Requirement:            0.000ns  (ref_clk rise@0.000ns - ref_clk rise@0.000ns)
  Data Path Delay:        0.199ns  (logic 0.106ns (53.261%)  route 0.093ns (46.739%))
  Logic Levels:           2  (CARRY8=1 LUT2=1)
  Clock Path Skew:        0.105ns (DCD - SCD - CPR)
    Destination Clock Delay (DCD):    6.717ns
    Source Clock Delay      (SCD):    4.912ns
    Clock Pessimism Removal (CPR):    1.700ns
  Clock Net Delay (Source):      2.253ns (routing 1.468ns, distribution 0.785ns)
  Clock Net Delay (Destination): 2.551ns (routing 1.618ns, distribution 0.933ns)

    Location             Delay type                Incr(ns)  Path(ns)    Netlist Resource(s)
  -------------------------------------------------------------------    -------------------
                         (clock ref_clk rise edge)    0.000     0.000 r  
    AG5                                               0.000     0.000 r  axi_clk (IN)
                         net (fo=0)                   0.000     0.000    axi_clk_IBUF_inst/I
    AG5                  INBUF (Prop_INBUF_HPIOB_M_PAD_O)
                                                      0.271     0.271 r  axi_clk_IBUF_inst/INBUF_INST/O
                         net (fo=1, routed)           0.000     0.271    axi_clk_IBUF_inst/OUT
    AG5                  IBUFCTRL (Prop_IBUFCTRL_HPIOB_M_I_O)
                                                      0.000     0.271 r  axi_clk_IBUF_inst/IBUFCTRL_INST/O
                         net (fo=1, routed)           2.364     2.635    axi_clk_IBUF
    BUFGCE_HDIO_X0Y8     BUFGCE (Prop_BUFCE_BUFGCE_HDIO_I_O)
                                                      0.024     2.659 r  axi_clk_IBUF_BUFG_inst/O
    X2Y1 (CLOCK_ROOT)    net (fo=2187, routed)        2.253     4.912    core_calculator/pe6/axi_clk_IBUF_BUFG
    SLICE_X52Y77         FDRE                                         r  core_calculator/pe6/adder_stage2_reg[22]/C
  -------------------------------------------------------------------    -------------------
    SLICE_X52Y77         FDRE (Prop_EFF_SLICEM_C_Q)
                                                      0.058     4.970 r  core_calculator/pe6/adder_stage2_reg[22]/Q
                         net (fo=4, routed)           0.074     5.044    core_calculator/pe6/adder_stage2_reg_n_0_[22]
    SLICE_X51Y77         LUT2 (Prop_G6LUT_SLICEL_I1_O)
                                                      0.022     5.066 r  core_calculator/pe6/adderReg_pipe0[23]_i_3/O
                         net (fo=1, routed)           0.009     5.075    core_calculator/pe6/adderReg_pipe0[23]_i_3_n_0
    SLICE_X51Y77         CARRY8 (Prop_CARRY8_SLICEL_S[6]_O[6])
                                                      0.026     5.101 r  core_calculator/pe6/adderReg_pipe0_reg[23]_i_1/O[6]
                         net (fo=1, routed)           0.010     5.111    core_calculator/pe6/adderReg_pipe0_reg[23]_i_1_n_9
    SLICE_X51Y77         FDRE                                         r  core_calculator/pe6/adderReg_pipe0_reg[22]/D
  -------------------------------------------------------------------    -------------------

                         (clock ref_clk rise edge)    0.000     0.000 r  
    AG5                                               0.000     0.000 r  axi_clk (IN)
                         net (fo=0)                   0.000     0.000    axi_clk_IBUF_inst/I
    AG5                  INBUF (Prop_INBUF_HPIOB_M_PAD_O)
                                                      0.521     0.521 r  axi_clk_IBUF_inst/INBUF_INST/O
                         net (fo=1, routed)           0.000     0.521    axi_clk_IBUF_inst/OUT
    AG5                  IBUFCTRL (Prop_IBUFCTRL_HPIOB_M_I_O)
                                                      0.000     0.521 r  axi_clk_IBUF_inst/IBUFCTRL_INST/O
                         net (fo=1, routed)           3.617     4.138    axi_clk_IBUF
    BUFGCE_HDIO_X0Y8     BUFGCE (Prop_BUFCE_BUFGCE_HDIO_I_O)
                                                      0.028     4.166 r  axi_clk_IBUF_BUFG_inst/O
    X2Y1 (CLOCK_ROOT)    net (fo=2187, routed)        2.551     6.717    core_calculator/pe6/axi_clk_IBUF_BUFG
    SLICE_X51Y77         FDRE                                         r  core_calculator/pe6/adderReg_pipe0_reg[22]/C
                         clock pessimism             -1.700     5.016    
    SLICE_X51Y77         FDRE (Hold_GFF_SLICEL_C_D)
                                                      0.060     5.076    core_calculator/pe6/adderReg_pipe0_reg[22]
  -------------------------------------------------------------------
                         required time                         -5.076    
                         arrival time                           5.111    
  -------------------------------------------------------------------
                         slack                                  0.034    





Pulse Width Checks
--------------------------------------------------------------------------------------
Clock Name:         ref_clk
Waveform(ns):       { 0.000 1.666 }
Period(ns):         3.333
Sources:            { axi_clk }

Check Type        Corner  Lib Pin             Reference Pin  Required(ns)  Actual(ns)  Slack(ns)  Location      Pin
Min Period        n/a     RAMB18E2/CLKBWRCLK  n/a            1.569         3.333       1.764      RAMB18_X5Y25  Line_Buffer/GEN_LBUF[0].line_buffer/U0/inst_blk_mem_gen/gnbram.gnativebmg.native_blk_mem_gen/valid.cstr/ramloop[0].ram.r/prim_init.ram/DEVICE_8SERIES.NO_BMM_INFO.TRUE_DP.SIMPLE_PRIM18.ram/CLKBWRCLK
Min Period        n/a     RAMB18E2/CLKBWRCLK  n/a            1.569         3.333       1.764      RAMB18_X5Y26  Line_Buffer/GEN_LBUF[1].line_buffer/U0/inst_blk_mem_gen/gnbram.gnativebmg.native_blk_mem_gen/valid.cstr/ramloop[0].ram.r/prim_init.ram/DEVICE_8SERIES.NO_BMM_INFO.TRUE_DP.SIMPLE_PRIM18.ram/CLKBWRCLK
Min Period        n/a     RAMB18E2/CLKBWRCLK  n/a            1.569         3.333       1.764      RAMB18_X5Y29  Line_Buffer/GEN_LBUF[2].line_buffer/U0/inst_blk_mem_gen/gnbram.gnativebmg.native_blk_mem_gen/valid.cstr/ramloop[0].ram.r/prim_init.ram/DEVICE_8SERIES.NO_BMM_INFO.TRUE_DP.SIMPLE_PRIM18.ram/CLKBWRCLK
Min Period        n/a     RAMB18E2/CLKBWRCLK  n/a            1.569         3.333       1.764      RAMB18_X5Y24  Line_Buffer/GEN_LBUF[3].line_buffer/U0/inst_blk_mem_gen/gnbram.gnativebmg.native_blk_mem_gen/valid.cstr/ramloop[0].ram.r/prim_init.ram/DEVICE_8SERIES.NO_BMM_INFO.TRUE_DP.SIMPLE_PRIM18.ram/CLKBWRCLK
Min Period        n/a     RAMB18E2/CLKBWRCLK  n/a            1.569         3.333       1.764      RAMB18_X5Y28  Line_Buffer/GEN_LBUF[4].line_buffer/U0/inst_blk_mem_gen/gnbram.gnativebmg.native_blk_mem_gen/valid.cstr/ramloop[0].ram.r/prim_init.ram/DEVICE_8SERIES.NO_BMM_INFO.TRUE_DP.SIMPLE_PRIM18.ram/CLKBWRCLK
Min Period        n/a     RAMB18E2/CLKBWRCLK  n/a            1.569         3.333       1.764      RAMB18_X5Y27  Line_Buffer/GEN_LBUF[5].line_buffer/U0/inst_blk_mem_gen/gnbram.gnativebmg.native_blk_mem_gen/valid.cstr/ramloop[0].ram.r/prim_init.ram/DEVICE_8SERIES.NO_BMM_INFO.TRUE_DP.SIMPLE_PRIM18.ram/CLKBWRCLK
Min Period        n/a     RAMB18E2/CLKARDCLK  n/a            1.355         3.333       1.978      RAMB18_X5Y25  Line_Buffer/GEN_LBUF[0].line_buffer/U0/inst_blk_mem_gen/gnbram.gnativebmg.native_blk_mem_gen/valid.cstr/ramloop[0].ram.r/prim_init.ram/DEVICE_8SERIES.NO_BMM_INFO.TRUE_DP.SIMPLE_PRIM18.ram/CLKARDCLK
Min Period        n/a     RAMB18E2/CLKARDCLK  n/a            1.355         3.333       1.978      RAMB18_X5Y26  Line_Buffer/GEN_LBUF[1].line_buffer/U0/inst_blk_mem_gen/gnbram.gnativebmg.native_blk_mem_gen/valid.cstr/ramloop[0].ram.r/prim_init.ram/DEVICE_8SERIES.NO_BMM_INFO.TRUE_DP.SIMPLE_PRIM18.ram/CLKARDCLK
Min Period        n/a     RAMB18E2/CLKARDCLK  n/a            1.355         3.333       1.978      RAMB18_X5Y29  Line_Buffer/GEN_LBUF[2].line_buffer/U0/inst_blk_mem_gen/gnbram.gnativebmg.native_blk_mem_gen/valid.cstr/ramloop[0].ram.r/prim_init.ram/DEVICE_8SERIES.NO_BMM_INFO.TRUE_DP.SIMPLE_PRIM18.ram/CLKARDCLK
Min Period        n/a     RAMB18E2/CLKARDCLK  n/a            1.355         3.333       1.978      RAMB18_X5Y24  Line_Buffer/GEN_LBUF[3].line_buffer/U0/inst_blk_mem_gen/gnbram.gnativebmg.native_blk_mem_gen/valid.cstr/ramloop[0].ram.r/prim_init.ram/DEVICE_8SERIES.NO_BMM_INFO.TRUE_DP.SIMPLE_PRIM18.ram/CLKARDCLK
Low Pulse Width   Slow    RAMB18E2/CLKARDCLK  n/a            0.542         1.666       1.124      RAMB18_X5Y25  Line_Buffer/GEN_LBUF[0].line_buffer/U0/inst_blk_mem_gen/gnbram.gnativebmg.native_blk_mem_gen/valid.cstr/ramloop[0].ram.r/prim_init.ram/DEVICE_8SERIES.NO_BMM_INFO.TRUE_DP.SIMPLE_PRIM18.ram/CLKARDCLK
Low Pulse Width   Fast    RAMB18E2/CLKARDCLK  n/a            0.542         1.666       1.124      RAMB18_X5Y25  Line_Buffer/GEN_LBUF[0].line_buffer/U0/inst_blk_mem_gen/gnbram.gnativebmg.native_blk_mem_gen/valid.cstr/ramloop[0].ram.r/prim_init.ram/DEVICE_8SERIES.NO_BMM_INFO.TRUE_DP.SIMPLE_PRIM18.ram/CLKARDCLK
Low Pulse Width   Slow    RAMB18E2/CLKBWRCLK  n/a            0.542         1.666       1.124      RAMB18_X5Y25  Line_Buffer/GEN_LBUF[0].line_buffer/U0/inst_blk_mem_gen/gnbram.gnativebmg.native_blk_mem_gen/valid.cstr/ramloop[0].ram.r/prim_init.ram/DEVICE_8SERIES.NO_BMM_INFO.TRUE_DP.SIMPLE_PRIM18.ram/CLKBWRCLK
Low Pulse Width   Fast    RAMB18E2/CLKBWRCLK  n/a            0.542         1.666       1.124      RAMB18_X5Y25  Line_Buffer/GEN_LBUF[0].line_buffer/U0/inst_blk_mem_gen/gnbram.gnativebmg.native_blk_mem_gen/valid.cstr/ramloop[0].ram.r/prim_init.ram/DEVICE_8SERIES.NO_BMM_INFO.TRUE_DP.SIMPLE_PRIM18.ram/CLKBWRCLK
Low Pulse Width   Slow    RAMB18E2/CLKARDCLK  n/a            0.542         1.666       1.124      RAMB18_X5Y26  Line_Buffer/GEN_LBUF[1].line_buffer/U0/inst_blk_mem_gen/gnbram.gnativebmg.native_blk_mem_gen/valid.cstr/ramloop[0].ram.r/prim_init.ram/DEVICE_8SERIES.NO_BMM_INFO.TRUE_DP.SIMPLE_PRIM18.ram/CLKARDCLK
Low Pulse Width   Fast    RAMB18E2/CLKARDCLK  n/a            0.542         1.666       1.124      RAMB18_X5Y26  Line_Buffer/GEN_LBUF[1].line_buffer/U0/inst_blk_mem_gen/gnbram.gnativebmg.native_blk_mem_gen/valid.cstr/ramloop[0].ram.r/prim_init.ram/DEVICE_8SERIES.NO_BMM_INFO.TRUE_DP.SIMPLE_PRIM18.ram/CLKARDCLK
Low Pulse Width   Slow    RAMB18E2/CLKBWRCLK  n/a            0.542         1.666       1.124      RAMB18_X5Y26  Line_Buffer/GEN_LBUF[1].line_buffer/U0/inst_blk_mem_gen/gnbram.gnativebmg.native_blk_mem_gen/valid.cstr/ramloop[0].ram.r/prim_init.ram/DEVICE_8SERIES.NO_BMM_INFO.TRUE_DP.SIMPLE_PRIM18.ram/CLKBWRCLK
Low Pulse Width   Fast    RAMB18E2/CLKBWRCLK  n/a            0.542         1.666       1.124      RAMB18_X5Y26  Line_Buffer/GEN_LBUF[1].line_buffer/U0/inst_blk_mem_gen/gnbram.gnativebmg.native_blk_mem_gen/valid.cstr/ramloop[0].ram.r/prim_init.ram/DEVICE_8SERIES.NO_BMM_INFO.TRUE_DP.SIMPLE_PRIM18.ram/CLKBWRCLK
Low Pulse Width   Slow    RAMB18E2/CLKARDCLK  n/a            0.542         1.667       1.125      RAMB18_X5Y29  Line_Buffer/GEN_LBUF[2].line_buffer/U0/inst_blk_mem_gen/gnbram.gnativebmg.native_blk_mem_gen/valid.cstr/ramloop[0].ram.r/prim_init.ram/DEVICE_8SERIES.NO_BMM_INFO.TRUE_DP.SIMPLE_PRIM18.ram/CLKARDCLK
Low Pulse Width   Fast    RAMB18E2/CLKARDCLK  n/a            0.542         1.667       1.125      RAMB18_X5Y29  Line_Buffer/GEN_LBUF[2].line_buffer/U0/inst_blk_mem_gen/gnbram.gnativebmg.native_blk_mem_gen/valid.cstr/ramloop[0].ram.r/prim_init.ram/DEVICE_8SERIES.NO_BMM_INFO.TRUE_DP.SIMPLE_PRIM18.ram/CLKARDCLK
High Pulse Width  Slow    RAMB18E2/CLKARDCLK  n/a            0.542         1.666       1.124      RAMB18_X5Y25  Line_Buffer/GEN_LBUF[0].line_buffer/U0/inst_blk_mem_gen/gnbram.gnativebmg.native_blk_mem_gen/valid.cstr/ramloop[0].ram.r/prim_init.ram/DEVICE_8SERIES.NO_BMM_INFO.TRUE_DP.SIMPLE_PRIM18.ram/CLKARDCLK
High Pulse Width  Fast    RAMB18E2/CLKARDCLK  n/a            0.542         1.667       1.125      RAMB18_X5Y25  Line_Buffer/GEN_LBUF[0].line_buffer/U0/inst_blk_mem_gen/gnbram.gnativebmg.native_blk_mem_gen/valid.cstr/ramloop[0].ram.r/prim_init.ram/DEVICE_8SERIES.NO_BMM_INFO.TRUE_DP.SIMPLE_PRIM18.ram/CLKARDCLK
High Pulse Width  Slow    RAMB18E2/CLKBWRCLK  n/a            0.542         1.666       1.124      RAMB18_X5Y25  Line_Buffer/GEN_LBUF[0].line_buffer/U0/inst_blk_mem_gen/gnbram.gnativebmg.native_blk_mem_gen/valid.cstr/ramloop[0].ram.r/prim_init.ram/DEVICE_8SERIES.NO_BMM_INFO.TRUE_DP.SIMPLE_PRIM18.ram/CLKBWRCLK
High Pulse Width  Fast    RAMB18E2/CLKBWRCLK  n/a            0.542         1.667       1.125      RAMB18_X5Y25  Line_Buffer/GEN_LBUF[0].line_buffer/U0/inst_blk_mem_gen/gnbram.gnativebmg.native_blk_mem_gen/valid.cstr/ramloop[0].ram.r/prim_init.ram/DEVICE_8SERIES.NO_BMM_INFO.TRUE_DP.SIMPLE_PRIM18.ram/CLKBWRCLK
High Pulse Width  Slow    RAMB18E2/CLKARDCLK  n/a            0.542         1.667       1.125      RAMB18_X5Y26  Line_Buffer/GEN_LBUF[1].line_buffer/U0/inst_blk_mem_gen/gnbram.gnativebmg.native_blk_mem_gen/valid.cstr/ramloop[0].ram.r/prim_init.ram/DEVICE_8SERIES.NO_BMM_INFO.TRUE_DP.SIMPLE_PRIM18.ram/CLKARDCLK
High Pulse Width  Fast    RAMB18E2/CLKARDCLK  n/a            0.542         1.667       1.125      RAMB18_X5Y26  Line_Buffer/GEN_LBUF[1].line_buffer/U0/inst_blk_mem_gen/gnbram.gnativebmg.native_blk_mem_gen/valid.cstr/ramloop[0].ram.r/prim_init.ram/DEVICE_8SERIES.NO_BMM_INFO.TRUE_DP.SIMPLE_PRIM18.ram/CLKARDCLK
High Pulse Width  Slow    RAMB18E2/CLKBWRCLK  n/a            0.542         1.666       1.124      RAMB18_X5Y26  Line_Buffer/GEN_LBUF[1].line_buffer/U0/inst_blk_mem_gen/gnbram.gnativebmg.native_blk_mem_gen/valid.cstr/ramloop[0].ram.r/prim_init.ram/DEVICE_8SERIES.NO_BMM_INFO.TRUE_DP.SIMPLE_PRIM18.ram/CLKBWRCLK
High Pulse Width  Fast    RAMB18E2/CLKBWRCLK  n/a            0.542         1.667       1.125      RAMB18_X5Y26  Line_Buffer/GEN_LBUF[1].line_buffer/U0/inst_blk_mem_gen/gnbram.gnativebmg.native_blk_mem_gen/valid.cstr/ramloop[0].ram.r/prim_init.ram/DEVICE_8SERIES.NO_BMM_INFO.TRUE_DP.SIMPLE_PRIM18.ram/CLKBWRCLK
High Pulse Width  Slow    RAMB18E2/CLKARDCLK  n/a            0.542         1.666       1.124      RAMB18_X5Y29  Line_Buffer/GEN_LBUF[2].line_buffer/U0/inst_blk_mem_gen/gnbram.gnativebmg.native_blk_mem_gen/valid.cstr/ramloop[0].ram.r/prim_init.ram/DEVICE_8SERIES.NO_BMM_INFO.TRUE_DP.SIMPLE_PRIM18.ram/CLKARDCLK
High Pulse Width  Fast    RAMB18E2/CLKARDCLK  n/a            0.542         1.666       1.124      RAMB18_X5Y29  Line_Buffer/GEN_LBUF[2].line_buffer/U0/inst_blk_mem_gen/gnbram.gnativebmg.native_blk_mem_gen/valid.cstr/ramloop[0].ram.r/prim_init.ram/DEVICE_8SERIES.NO_BMM_INFO.TRUE_DP.SIMPLE_PRIM18.ram/CLKARDCLK



--------------------------------------------------------------------------------------
Path Group:  (none)
From Clock:  
  To Clock:  ref_clk

Max Delay             1 Endpoint
Min Delay             1 Endpoint
--------------------------------------------------------------------------------------


Max Delay Paths
--------------------------------------------------------------------------------------
Slack:                    inf
  Source:                 axi_reset_n
                            (input port)
  Destination:            backBuffer/U0/inst_fifo_gen/gaxis_fifo.gaxisf.axisf/grf.rf/rstblk/ngwrdrst.grst.g7serrst.gsckt_wrst.xpm_cdc_sync_rst_inst_wrst/syncstages_ff_reg[0]/D
                            (rising edge-triggered cell FDRE clocked by ref_clk  {rise@0.000ns fall@1.666ns period=3.333ns})
  Path Group:             (none)
  Path Type:              Setup (Max at Slow Process Corner)
  Data Path Delay:        2.657ns  (logic 0.542ns (20.392%)  route 2.116ns (79.608%))
  Logic Levels:           3  (IBUFCTRL=1 INBUF=1 LUT1=1)
  Clock Path Skew:        4.920ns (DCD - SCD + CPR)
    Destination Clock Delay (DCD):    4.920ns
    Source Clock Delay      (SCD):    0.000ns
    Clock Pessimism Removal (CPR):    0.000ns
  Clock Uncertainty:      0.025ns  ((TSJ^2 + TIJ^2)^1/2 + DJ) / 2 + PE
    Total System Jitter     (TSJ):    0.050ns
    Total Input Jitter      (TIJ):    0.000ns
    Discrete Jitter          (DJ):    0.000ns
    Phase Error              (PE):    0.000ns
  Clock Net Delay (Destination): 2.261ns (routing 1.468ns, distribution 0.793ns)
  Timing Exception:       False Path

    Location             Delay type                Incr(ns)  Path(ns)    Netlist Resource(s)
  -------------------------------------------------------------------    -------------------
    AE9                                               0.000     0.000 f  axi_reset_n (IN)
                         net (fo=0)                   0.000     0.000    axi_reset_n_IBUF_inst/I
    AE9                  INBUF (Prop_INBUF_HPIOB_S_PAD_O)
                                                      0.503     0.503 f  axi_reset_n_IBUF_inst/INBUF_INST/O
                         net (fo=1, routed)           0.000     0.503    axi_reset_n_IBUF_inst/OUT
    AE9                  IBUFCTRL (Prop_IBUFCTRL_HPIOB_S_I_O)
                                                      0.000     0.503 f  axi_reset_n_IBUF_inst/IBUFCTRL_INST/O
                         net (fo=31, routed)          2.060     2.562    backBuffer/U0/inst_fifo_gen/gaxis_fifo.gaxisf.axisf/grf.rf/rstblk/s_aresetn
    SLICE_X43Y93         LUT1 (Prop_H6LUT_SLICEM_I0_O)
                                                      0.039     2.601 r  backBuffer/U0/inst_fifo_gen/gaxis_fifo.gaxisf.axisf/grf.rf/rstblk/ngwrdrst.grst.g7serrst.gsckt_wrst.xpm_cdc_sync_rst_inst_wrst_i_1/O
                         net (fo=1, routed)           0.056     2.657    backBuffer/U0/inst_fifo_gen/gaxis_fifo.gaxisf.axisf/grf.rf/rstblk/ngwrdrst.grst.g7serrst.gsckt_wrst.xpm_cdc_sync_rst_inst_wrst/src_rst
    SLICE_X43Y93         FDRE                                         r  backBuffer/U0/inst_fifo_gen/gaxis_fifo.gaxisf.axisf/grf.rf/rstblk/ngwrdrst.grst.g7serrst.gsckt_wrst.xpm_cdc_sync_rst_inst_wrst/syncstages_ff_reg[0]/D
  -------------------------------------------------------------------    -------------------

                         (clock ref_clk rise edge)    0.000     0.000 r  
    AG5                                               0.000     0.000 r  axi_clk (IN)
                         net (fo=0)                   0.000     0.000    axi_clk_IBUF_inst/I
    AG5                  INBUF (Prop_INBUF_HPIOB_M_PAD_O)
                                                      0.271     0.271 r  axi_clk_IBUF_inst/INBUF_INST/O
                         net (fo=1, routed)           0.000     0.271    axi_clk_IBUF_inst/OUT
    AG5                  IBUFCTRL (Prop_IBUFCTRL_HPIOB_M_I_O)
                                                      0.000     0.271 r  axi_clk_IBUF_inst/IBUFCTRL_INST/O
                         net (fo=1, routed)           2.364     2.635    axi_clk_IBUF
    BUFGCE_HDIO_X0Y8     BUFGCE (Prop_BUFCE_BUFGCE_HDIO_I_O)
                                                      0.024     2.659 r  axi_clk_IBUF_BUFG_inst/O
    X2Y1 (CLOCK_ROOT)    net (fo=2187, routed)        2.261     4.920    backBuffer/U0/inst_fifo_gen/gaxis_fifo.gaxisf.axisf/grf.rf/rstblk/ngwrdrst.grst.g7serrst.gsckt_wrst.xpm_cdc_sync_rst_inst_wrst/dest_clk
    SLICE_X43Y93         FDRE                                         r  backBuffer/U0/inst_fifo_gen/gaxis_fifo.gaxisf.axisf/grf.rf/rstblk/ngwrdrst.grst.g7serrst.gsckt_wrst.xpm_cdc_sync_rst_inst_wrst/syncstages_ff_reg[0]/C





Min Delay Paths
--------------------------------------------------------------------------------------
Slack:                    inf
  Source:                 axi_reset_n
                            (input port)
  Destination:            backBuffer/U0/inst_fifo_gen/gaxis_fifo.gaxisf.axisf/grf.rf/rstblk/ngwrdrst.grst.g7serrst.gsckt_wrst.xpm_cdc_sync_rst_inst_wrst/syncstages_ff_reg[0]/D
                            (rising edge-triggered cell FDRE clocked by ref_clk  {rise@0.000ns fall@1.666ns period=3.333ns})
  Path Group:             (none)
  Path Type:              Hold (Min at Fast Process Corner)
  Data Path Delay:        1.144ns  (logic 0.153ns (13.378%)  route 0.991ns (86.622%))
  Logic Levels:           3  (IBUFCTRL=1 INBUF=1 LUT1=1)
  Clock Path Skew:        4.336ns (DCD - SCD - CPR)
    Destination Clock Delay (DCD):    4.336ns
    Source Clock Delay      (SCD):    0.000ns
    Clock Pessimism Removal (CPR):    -0.000ns
  Clock Net Delay (Destination): 1.590ns (routing 1.001ns, distribution 0.589ns)
  Timing Exception:       False Path

    Location             Delay type                Incr(ns)  Path(ns)    Netlist Resource(s)
  -------------------------------------------------------------------    -------------------
    AE9                                               0.000     0.000 f  axi_reset_n (IN)
                         net (fo=0)                   0.000     0.000    axi_reset_n_IBUF_inst/I
    AE9                  INBUF (Prop_INBUF_HPIOB_S_PAD_O)
                                                      0.138     0.138 f  axi_reset_n_IBUF_inst/INBUF_INST/O
                         net (fo=1, routed)           0.000     0.138    axi_reset_n_IBUF_inst/OUT
    AE9                  IBUFCTRL (Prop_IBUFCTRL_HPIOB_S_I_O)
                                                      0.000     0.138 f  axi_reset_n_IBUF_inst/IBUFCTRL_INST/O
                         net (fo=31, routed)          0.971     1.109    backBuffer/U0/inst_fifo_gen/gaxis_fifo.gaxisf.axisf/grf.rf/rstblk/s_aresetn
    SLICE_X43Y93         LUT1 (Prop_H6LUT_SLICEM_I0_O)
                                                      0.015     1.124 r  backBuffer/U0/inst_fifo_gen/gaxis_fifo.gaxisf.axisf/grf.rf/rstblk/ngwrdrst.grst.g7serrst.gsckt_wrst.xpm_cdc_sync_rst_inst_wrst_i_1/O
                         net (fo=1, routed)           0.020     1.144    backBuffer/U0/inst_fifo_gen/gaxis_fifo.gaxisf.axisf/grf.rf/rstblk/ngwrdrst.grst.g7serrst.gsckt_wrst.xpm_cdc_sync_rst_inst_wrst/src_rst
    SLICE_X43Y93         FDRE                                         r  backBuffer/U0/inst_fifo_gen/gaxis_fifo.gaxisf.axisf/grf.rf/rstblk/ngwrdrst.grst.g7serrst.gsckt_wrst.xpm_cdc_sync_rst_inst_wrst/syncstages_ff_reg[0]/D
  -------------------------------------------------------------------    -------------------

                         (clock ref_clk rise edge)    0.000     0.000 r  
    AG5                                               0.000     0.000 r  axi_clk (IN)
                         net (fo=0)                   0.000     0.000    axi_clk_IBUF_inst/I
    AG5                  INBUF (Prop_INBUF_HPIOB_M_PAD_O)
                                                      0.341     0.341 r  axi_clk_IBUF_inst/INBUF_INST/O
                         net (fo=1, routed)           0.000     0.341    axi_clk_IBUF_inst/OUT
    AG5                  IBUFCTRL (Prop_IBUFCTRL_HPIOB_M_I_O)
                                                      0.000     0.341 r  axi_clk_IBUF_inst/IBUFCTRL_INST/O
                         net (fo=1, routed)           2.386     2.727    axi_clk_IBUF
    BUFGCE_HDIO_X0Y8     BUFGCE (Prop_BUFCE_BUFGCE_HDIO_I_O)
                                                      0.019     2.746 r  axi_clk_IBUF_BUFG_inst/O
    X2Y1 (CLOCK_ROOT)    net (fo=2187, routed)        1.590     4.336    backBuffer/U0/inst_fifo_gen/gaxis_fifo.gaxisf.axisf/grf.rf/rstblk/ngwrdrst.grst.g7serrst.gsckt_wrst.xpm_cdc_sync_rst_inst_wrst/dest_clk
    SLICE_X43Y93         FDRE                                         r  backBuffer/U0/inst_fifo_gen/gaxis_fifo.gaxisf.axisf/grf.rf/rstblk/ngwrdrst.grst.g7serrst.gsckt_wrst.xpm_cdc_sync_rst_inst_wrst/syncstages_ff_reg[0]/C





--------------------------------------------------------------------------------------
Path Group:  (none)
From Clock:  ref_clk
  To Clock:  

Max Delay           132 Endpoints
Min Delay           132 Endpoints
--------------------------------------------------------------------------------------


Max Delay Paths
--------------------------------------------------------------------------------------
Slack:                    inf
  Source:                 backBuffer/U0/inst_fifo_gen/gaxis_fifo.gaxisf.axisf/grf.rf/gntv_or_sync_fifo.mem/goreg_bm.dout_i_reg[11]/C
                            (rising edge-triggered cell FDRE clocked by ref_clk  {rise@0.000ns fall@1.666ns period=3.333ns})
  Destination:            m_axis_tdata[11]
                            (output port)
  Path Group:             (none)
  Path Type:              Max at Slow Process Corner
  Data Path Delay:        4.113ns  (logic 0.992ns (24.120%)  route 3.121ns (75.880%))
  Logic Levels:           1  (OBUF=1)
  Clock Uncertainty:      0.025ns  ((TSJ^2 + TIJ^2)^1/2 + DJ) / 2 + PE
    Total System Jitter     (TSJ):    0.050ns
    Total Input Jitter      (TIJ):    0.000ns
    Discrete Jitter          (DJ):    0.000ns
    Phase Error              (PE):    0.000ns
  Clock Net Delay (Source):      2.538ns (routing 1.618ns, distribution 0.920ns)

    Location             Delay type                Incr(ns)  Path(ns)    Netlist Resource(s)
  -------------------------------------------------------------------    -------------------
                         (clock ref_clk rise edge)    0.000     0.000 r  
    AG5                                               0.000     0.000 r  axi_clk (IN)
                         net (fo=0)                   0.000     0.000    axi_clk_IBUF_inst/I
    AG5                  INBUF (Prop_INBUF_HPIOB_M_PAD_O)
                                                      0.521     0.521 r  axi_clk_IBUF_inst/INBUF_INST/O
                         net (fo=1, routed)           0.000     0.521    axi_clk_IBUF_inst/OUT
    AG5                  IBUFCTRL (Prop_IBUFCTRL_HPIOB_M_I_O)
                                                      0.000     0.521 r  axi_clk_IBUF_inst/IBUFCTRL_INST/O
                         net (fo=1, routed)           3.617     4.138    axi_clk_IBUF
    BUFGCE_HDIO_X0Y8     BUFGCE (Prop_BUFCE_BUFGCE_HDIO_I_O)
                                                      0.028     4.166 r  axi_clk_IBUF_BUFG_inst/O
    X2Y1 (CLOCK_ROOT)    net (fo=2187, routed)        2.538     6.704    backBuffer/U0/inst_fifo_gen/gaxis_fifo.gaxisf.axisf/grf.rf/gntv_or_sync_fifo.mem/s_aclk
    SLICE_X48Y98         FDRE                                         r  backBuffer/U0/inst_fifo_gen/gaxis_fifo.gaxisf.axisf/grf.rf/gntv_or_sync_fifo.mem/goreg_bm.dout_i_reg[11]/C
  -------------------------------------------------------------------    -------------------
    SLICE_X48Y98         FDRE (Prop_EFF_SLICEL_C_Q)
                                                      0.079     6.783 r  backBuffer/U0/inst_fifo_gen/gaxis_fifo.gaxisf.axisf/grf.rf/gntv_or_sync_fifo.mem/goreg_bm.dout_i_reg[11]/Q
                         net (fo=1, routed)           3.121     9.904    m_axis_tdata_OBUF[11]
    K16                  OBUF (Prop_OUTBUF_HPIOB_S_I_O)
                                                      0.913    10.817 r  m_axis_tdata_OBUF[11]_inst/O
                         net (fo=0)                   0.000    10.817    m_axis_tdata[11]
    K16                                                               r  m_axis_tdata[11] (OUT)
  -------------------------------------------------------------------    -------------------

Slack:                    inf
  Source:                 backBuffer/U0/inst_fifo_gen/gaxis_fifo.gaxisf.axisf/grf.rf/gntv_or_sync_fifo.mem/goreg_bm.dout_i_reg[2]/C
                            (rising edge-triggered cell FDRE clocked by ref_clk  {rise@0.000ns fall@1.666ns period=3.333ns})
  Destination:            m_axis_tdata[2]
                            (output port)
  Path Group:             (none)
  Path Type:              Max at Slow Process Corner
  Data Path Delay:        3.932ns  (logic 0.970ns (24.664%)  route 2.962ns (75.336%))
  Logic Levels:           1  (OBUF=1)
  Clock Uncertainty:      0.025ns  ((TSJ^2 + TIJ^2)^1/2 + DJ) / 2 + PE
    Total System Jitter     (TSJ):    0.050ns
    Total Input Jitter      (TIJ):    0.000ns
    Discrete Jitter          (DJ):    0.000ns
    Phase Error              (PE):    0.000ns
  Clock Net Delay (Source):      2.607ns (routing 1.618ns, distribution 0.989ns)

    Location             Delay type                Incr(ns)  Path(ns)    Netlist Resource(s)
  -------------------------------------------------------------------    -------------------
                         (clock ref_clk rise edge)    0.000     0.000 r  
    AG5                                               0.000     0.000 r  axi_clk (IN)
                         net (fo=0)                   0.000     0.000    axi_clk_IBUF_inst/I
    AG5                  INBUF (Prop_INBUF_HPIOB_M_PAD_O)
                                                      0.521     0.521 r  axi_clk_IBUF_inst/INBUF_INST/O
                         net (fo=1, routed)           0.000     0.521    axi_clk_IBUF_inst/OUT
    AG5                  IBUFCTRL (Prop_IBUFCTRL_HPIOB_M_I_O)
                                                      0.000     0.521 r  axi_clk_IBUF_inst/IBUFCTRL_INST/O
                         net (fo=1, routed)           3.617     4.138    axi_clk_IBUF
    BUFGCE_HDIO_X0Y8     BUFGCE (Prop_BUFCE_BUFGCE_HDIO_I_O)
                                                      0.028     4.166 r  axi_clk_IBUF_BUFG_inst/O
    X2Y1 (CLOCK_ROOT)    net (fo=2187, routed)        2.607     6.773    backBuffer/U0/inst_fifo_gen/gaxis_fifo.gaxisf.axisf/grf.rf/gntv_or_sync_fifo.mem/s_aclk
    SLICE_X48Y128        FDRE                                         r  backBuffer/U0/inst_fifo_gen/gaxis_fifo.gaxisf.axisf/grf.rf/gntv_or_sync_fifo.mem/goreg_bm.dout_i_reg[2]/C
  -------------------------------------------------------------------    -------------------
    SLICE_X48Y128        FDRE (Prop_BFF_SLICEL_C_Q)
                                                      0.079     6.852 r  backBuffer/U0/inst_fifo_gen/gaxis_fifo.gaxisf.axisf/grf.rf/gntv_or_sync_fifo.mem/goreg_bm.dout_i_reg[2]/Q
                         net (fo=1, routed)           2.962     9.814    m_axis_tdata_OBUF[2]
    L13                  OBUF (Prop_OUTBUF_HPIOB_M_I_O)
                                                      0.891    10.705 r  m_axis_tdata_OBUF[2]_inst/O
                         net (fo=0)                   0.000    10.705    m_axis_tdata[2]
    L13                                                               r  m_axis_tdata[2] (OUT)
  -------------------------------------------------------------------    -------------------

Slack:                    inf
  Source:                 backBuffer/U0/inst_fifo_gen/gaxis_fifo.gaxisf.axisf/grf.rf/gntv_or_sync_fifo.mem/goreg_bm.dout_i_reg[8]/C
                            (rising edge-triggered cell FDRE clocked by ref_clk  {rise@0.000ns fall@1.666ns period=3.333ns})
  Destination:            m_axis_tdata[8]
                            (output port)
  Path Group:             (none)
  Path Type:              Max at Slow Process Corner
  Data Path Delay:        4.006ns  (logic 1.000ns (24.966%)  route 3.006ns (75.034%))
  Logic Levels:           1  (OBUF=1)
  Clock Uncertainty:      0.025ns  ((TSJ^2 + TIJ^2)^1/2 + DJ) / 2 + PE
    Total System Jitter     (TSJ):    0.050ns
    Total Input Jitter      (TIJ):    0.000ns
    Discrete Jitter          (DJ):    0.000ns
    Phase Error              (PE):    0.000ns
  Clock Net Delay (Source):      2.512ns (routing 1.618ns, distribution 0.894ns)

    Location             Delay type                Incr(ns)  Path(ns)    Netlist Resource(s)
  -------------------------------------------------------------------    -------------------
                         (clock ref_clk rise edge)    0.000     0.000 r  
    AG5                                               0.000     0.000 r  axi_clk (IN)
                         net (fo=0)                   0.000     0.000    axi_clk_IBUF_inst/I
    AG5                  INBUF (Prop_INBUF_HPIOB_M_PAD_O)
                                                      0.521     0.521 r  axi_clk_IBUF_inst/INBUF_INST/O
                         net (fo=1, routed)           0.000     0.521    axi_clk_IBUF_inst/OUT
    AG5                  IBUFCTRL (Prop_IBUFCTRL_HPIOB_M_I_O)
                                                      0.000     0.521 r  axi_clk_IBUF_inst/IBUFCTRL_INST/O
                         net (fo=1, routed)           3.617     4.138    axi_clk_IBUF
    BUFGCE_HDIO_X0Y8     BUFGCE (Prop_BUFCE_BUFGCE_HDIO_I_O)
                                                      0.028     4.166 r  axi_clk_IBUF_BUFG_inst/O
    X2Y1 (CLOCK_ROOT)    net (fo=2187, routed)        2.512     6.678    backBuffer/U0/inst_fifo_gen/gaxis_fifo.gaxisf.axisf/grf.rf/gntv_or_sync_fifo.mem/s_aclk
    SLICE_X48Y95         FDRE                                         r  backBuffer/U0/inst_fifo_gen/gaxis_fifo.gaxisf.axisf/grf.rf/gntv_or_sync_fifo.mem/goreg_bm.dout_i_reg[8]/C
  -------------------------------------------------------------------    -------------------
    SLICE_X48Y95         FDRE (Prop_FFF2_SLICEL_C_Q)
                                                      0.081     6.759 r  backBuffer/U0/inst_fifo_gen/gaxis_fifo.gaxisf.axisf/grf.rf/gntv_or_sync_fifo.mem/goreg_bm.dout_i_reg[8]/Q
                         net (fo=1, routed)           3.006     9.765    m_axis_tdata_OBUF[8]
    M15                  OBUF (Prop_OUTBUF_HPIOB_M_I_O)
                                                      0.919    10.684 r  m_axis_tdata_OBUF[8]_inst/O
                         net (fo=0)                   0.000    10.684    m_axis_tdata[8]
    M15                                                               r  m_axis_tdata[8] (OUT)
  -------------------------------------------------------------------    -------------------

Slack:                    inf
  Source:                 backBuffer/U0/inst_fifo_gen/gaxis_fifo.gaxisf.axisf/grf.rf/gntv_or_sync_fifo.mem/goreg_bm.dout_i_reg[49]/C
                            (rising edge-triggered cell FDRE clocked by ref_clk  {rise@0.000ns fall@1.666ns period=3.333ns})
  Destination:            m_axis_tdata[49]
                            (output port)
  Path Group:             (none)
  Path Type:              Max at Slow Process Corner
  Data Path Delay:        3.971ns  (logic 1.000ns (25.182%)  route 2.971ns (74.818%))
  Logic Levels:           1  (OBUF=1)
  Clock Uncertainty:      0.025ns  ((TSJ^2 + TIJ^2)^1/2 + DJ) / 2 + PE
    Total System Jitter     (TSJ):    0.050ns
    Total Input Jitter      (TIJ):    0.000ns
    Discrete Jitter          (DJ):    0.000ns
    Phase Error              (PE):    0.000ns
  Clock Net Delay (Source):      2.544ns (routing 1.618ns, distribution 0.926ns)

    Location             Delay type                Incr(ns)  Path(ns)    Netlist Resource(s)
  -------------------------------------------------------------------    -------------------
                         (clock ref_clk rise edge)    0.000     0.000 r  
    AG5                                               0.000     0.000 r  axi_clk (IN)
                         net (fo=0)                   0.000     0.000    axi_clk_IBUF_inst/I
    AG5                  INBUF (Prop_INBUF_HPIOB_M_PAD_O)
                                                      0.521     0.521 r  axi_clk_IBUF_inst/INBUF_INST/O
                         net (fo=1, routed)           0.000     0.521    axi_clk_IBUF_inst/OUT
    AG5                  IBUFCTRL (Prop_IBUFCTRL_HPIOB_M_I_O)
                                                      0.000     0.521 r  axi_clk_IBUF_inst/IBUFCTRL_INST/O
                         net (fo=1, routed)           3.617     4.138    axi_clk_IBUF
    BUFGCE_HDIO_X0Y8     BUFGCE (Prop_BUFCE_BUFGCE_HDIO_I_O)
                                                      0.028     4.166 r  axi_clk_IBUF_BUFG_inst/O
    X2Y1 (CLOCK_ROOT)    net (fo=2187, routed)        2.544     6.710    backBuffer/U0/inst_fifo_gen/gaxis_fifo.gaxisf.axisf/grf.rf/gntv_or_sync_fifo.mem/s_aclk
    SLICE_X48Y81         FDRE                                         r  backBuffer/U0/inst_fifo_gen/gaxis_fifo.gaxisf.axisf/grf.rf/gntv_or_sync_fifo.mem/goreg_bm.dout_i_reg[49]/C
  -------------------------------------------------------------------    -------------------
    SLICE_X48Y81         FDRE (Prop_EFF_SLICEL_C_Q)
                                                      0.079     6.789 r  backBuffer/U0/inst_fifo_gen/gaxis_fifo.gaxisf.axisf/grf.rf/gntv_or_sync_fifo.mem/goreg_bm.dout_i_reg[49]/Q
                         net (fo=1, routed)           2.971     9.760    m_axis_tdata_OBUF[49]
    K10                  OBUF (Prop_OUTBUF_HPIOB_SNGL_I_O)
                                                      0.921    10.681 r  m_axis_tdata_OBUF[49]_inst/O
                         net (fo=0)                   0.000    10.681    m_axis_tdata[49]
    K10                                                               r  m_axis_tdata[49] (OUT)
  -------------------------------------------------------------------    -------------------

Slack:                    inf
  Source:                 backBuffer/U0/inst_fifo_gen/gaxis_fifo.gaxisf.axisf/grf.rf/gntv_or_sync_fifo.mem/goreg_bm.dout_i_reg[5]/C
                            (rising edge-triggered cell FDRE clocked by ref_clk  {rise@0.000ns fall@1.666ns period=3.333ns})
  Destination:            m_axis_tdata[5]
                            (output port)
  Path Group:             (none)
  Path Type:              Max at Slow Process Corner
  Data Path Delay:        3.956ns  (logic 0.972ns (24.571%)  route 2.984ns (75.429%))
  Logic Levels:           1  (OBUF=1)
  Clock Uncertainty:      0.025ns  ((TSJ^2 + TIJ^2)^1/2 + DJ) / 2 + PE
    Total System Jitter     (TSJ):    0.050ns
    Total Input Jitter      (TIJ):    0.000ns
    Discrete Jitter          (DJ):    0.000ns
    Phase Error              (PE):    0.000ns
  Clock Net Delay (Source):      2.515ns (routing 1.618ns, distribution 0.897ns)

    Location             Delay type                Incr(ns)  Path(ns)    Netlist Resource(s)
  -------------------------------------------------------------------    -------------------
                         (clock ref_clk rise edge)    0.000     0.000 r  
    AG5                                               0.000     0.000 r  axi_clk (IN)
                         net (fo=0)                   0.000     0.000    axi_clk_IBUF_inst/I
    AG5                  INBUF (Prop_INBUF_HPIOB_M_PAD_O)
                                                      0.521     0.521 r  axi_clk_IBUF_inst/INBUF_INST/O
                         net (fo=1, routed)           0.000     0.521    axi_clk_IBUF_inst/OUT
    AG5                  IBUFCTRL (Prop_IBUFCTRL_HPIOB_M_I_O)
                                                      0.000     0.521 r  axi_clk_IBUF_inst/IBUFCTRL_INST/O
                         net (fo=1, routed)           3.617     4.138    axi_clk_IBUF
    BUFGCE_HDIO_X0Y8     BUFGCE (Prop_BUFCE_BUFGCE_HDIO_I_O)
                                                      0.028     4.166 r  axi_clk_IBUF_BUFG_inst/O
    X2Y1 (CLOCK_ROOT)    net (fo=2187, routed)        2.515     6.681    backBuffer/U0/inst_fifo_gen/gaxis_fifo.gaxisf.axisf/grf.rf/gntv_or_sync_fifo.mem/s_aclk
    SLICE_X48Y97         FDRE                                         r  backBuffer/U0/inst_fifo_gen/gaxis_fifo.gaxisf.axisf/grf.rf/gntv_or_sync_fifo.mem/goreg_bm.dout_i_reg[5]/C
  -------------------------------------------------------------------    -------------------
    SLICE_X48Y97         FDRE (Prop_EFF2_SLICEL_C_Q)
                                                      0.081     6.762 r  backBuffer/U0/inst_fifo_gen/gaxis_fifo.gaxisf.axisf/grf.rf/gntv_or_sync_fifo.mem/goreg_bm.dout_i_reg[5]/Q
                         net (fo=1, routed)           2.984     9.746    m_axis_tdata_OBUF[5]
    M13                  OBUF (Prop_OUTBUF_HPIOB_S_I_O)
                                                      0.891    10.637 r  m_axis_tdata_OBUF[5]_inst/O
                         net (fo=0)                   0.000    10.637    m_axis_tdata[5]
    M13                                                               r  m_axis_tdata[5] (OUT)
  -------------------------------------------------------------------    -------------------

Slack:                    inf
  Source:                 backBuffer/U0/inst_fifo_gen/gaxis_fifo.gaxisf.axisf/grf.rf/gntv_or_sync_fifo.mem/goreg_bm.dout_i_reg[4]/C
                            (rising edge-triggered cell FDRE clocked by ref_clk  {rise@0.000ns fall@1.666ns period=3.333ns})
  Destination:            m_axis_tdata[4]
                            (output port)
  Path Group:             (none)
  Path Type:              Max at Slow Process Corner
  Data Path Delay:        3.957ns  (logic 0.972ns (24.570%)  route 2.985ns (75.430%))
  Logic Levels:           1  (OBUF=1)
  Clock Uncertainty:      0.025ns  ((TSJ^2 + TIJ^2)^1/2 + DJ) / 2 + PE
    Total System Jitter     (TSJ):    0.050ns
    Total Input Jitter      (TIJ):    0.000ns
    Discrete Jitter          (DJ):    0.000ns
    Phase Error              (PE):    0.000ns
  Clock Net Delay (Source):      2.512ns (routing 1.618ns, distribution 0.894ns)

    Location             Delay type                Incr(ns)  Path(ns)    Netlist Resource(s)
  -------------------------------------------------------------------    -------------------
                         (clock ref_clk rise edge)    0.000     0.000 r  
    AG5                                               0.000     0.000 r  axi_clk (IN)
                         net (fo=0)                   0.000     0.000    axi_clk_IBUF_inst/I
    AG5                  INBUF (Prop_INBUF_HPIOB_M_PAD_O)
                                                      0.521     0.521 r  axi_clk_IBUF_inst/INBUF_INST/O
                         net (fo=1, routed)           0.000     0.521    axi_clk_IBUF_inst/OUT
    AG5                  IBUFCTRL (Prop_IBUFCTRL_HPIOB_M_I_O)
                                                      0.000     0.521 r  axi_clk_IBUF_inst/IBUFCTRL_INST/O
                         net (fo=1, routed)           3.617     4.138    axi_clk_IBUF
    BUFGCE_HDIO_X0Y8     BUFGCE (Prop_BUFCE_BUFGCE_HDIO_I_O)
                                                      0.028     4.166 r  axi_clk_IBUF_BUFG_inst/O
    X2Y1 (CLOCK_ROOT)    net (fo=2187, routed)        2.512     6.678    backBuffer/U0/inst_fifo_gen/gaxis_fifo.gaxisf.axisf/grf.rf/gntv_or_sync_fifo.mem/s_aclk
    SLICE_X48Y95         FDRE                                         r  backBuffer/U0/inst_fifo_gen/gaxis_fifo.gaxisf.axisf/grf.rf/gntv_or_sync_fifo.mem/goreg_bm.dout_i_reg[4]/C
  -------------------------------------------------------------------    -------------------
    SLICE_X48Y95         FDRE (Prop_EFF2_SLICEL_C_Q)
                                                      0.081     6.759 r  backBuffer/U0/inst_fifo_gen/gaxis_fifo.gaxisf.axisf/grf.rf/gntv_or_sync_fifo.mem/goreg_bm.dout_i_reg[4]/Q
                         net (fo=1, routed)           2.985     9.744    m_axis_tdata_OBUF[4]
    N13                  OBUF (Prop_OUTBUF_HPIOB_M_I_O)
                                                      0.891    10.635 r  m_axis_tdata_OBUF[4]_inst/O
                         net (fo=0)                   0.000    10.635    m_axis_tdata[4]
    N13                                                               r  m_axis_tdata[4] (OUT)
  -------------------------------------------------------------------    -------------------

Slack:                    inf
  Source:                 backBuffer/U0/inst_fifo_gen/gaxis_fifo.gaxisf.axisf/grf.rf/gntv_or_sync_fifo.mem/goreg_bm.dout_i_reg[10]/C
                            (rising edge-triggered cell FDRE clocked by ref_clk  {rise@0.000ns fall@1.666ns period=3.333ns})
  Destination:            m_axis_tdata[10]
                            (output port)
  Path Group:             (none)
  Path Type:              Max at Slow Process Corner
  Data Path Delay:        3.941ns  (logic 0.991ns (25.142%)  route 2.950ns (74.858%))
  Logic Levels:           1  (OBUF=1)
  Clock Uncertainty:      0.025ns  ((TSJ^2 + TIJ^2)^1/2 + DJ) / 2 + PE
    Total System Jitter     (TSJ):    0.050ns
    Total Input Jitter      (TIJ):    0.000ns
    Discrete Jitter          (DJ):    0.000ns
    Phase Error              (PE):    0.000ns
  Clock Net Delay (Source):      2.512ns (routing 1.618ns, distribution 0.894ns)

    Location             Delay type                Incr(ns)  Path(ns)    Netlist Resource(s)
  -------------------------------------------------------------------    -------------------
                         (clock ref_clk rise edge)    0.000     0.000 r  
    AG5                                               0.000     0.000 r  axi_clk (IN)
                         net (fo=0)                   0.000     0.000    axi_clk_IBUF_inst/I
    AG5                  INBUF (Prop_INBUF_HPIOB_M_PAD_O)
                                                      0.521     0.521 r  axi_clk_IBUF_inst/INBUF_INST/O
                         net (fo=1, routed)           0.000     0.521    axi_clk_IBUF_inst/OUT
    AG5                  IBUFCTRL (Prop_IBUFCTRL_HPIOB_M_I_O)
                                                      0.000     0.521 r  axi_clk_IBUF_inst/IBUFCTRL_INST/O
                         net (fo=1, routed)           3.617     4.138    axi_clk_IBUF
    BUFGCE_HDIO_X0Y8     BUFGCE (Prop_BUFCE_BUFGCE_HDIO_I_O)
                                                      0.028     4.166 r  axi_clk_IBUF_BUFG_inst/O
    X2Y1 (CLOCK_ROOT)    net (fo=2187, routed)        2.512     6.678    backBuffer/U0/inst_fifo_gen/gaxis_fifo.gaxisf.axisf/grf.rf/gntv_or_sync_fifo.mem/s_aclk
    SLICE_X48Y95         FDRE                                         r  backBuffer/U0/inst_fifo_gen/gaxis_fifo.gaxisf.axisf/grf.rf/gntv_or_sync_fifo.mem/goreg_bm.dout_i_reg[10]/C
  -------------------------------------------------------------------    -------------------
    SLICE_X48Y95         FDRE (Prop_EFF_SLICEL_C_Q)
                                                      0.079     6.757 r  backBuffer/U0/inst_fifo_gen/gaxis_fifo.gaxisf.axisf/grf.rf/gntv_or_sync_fifo.mem/goreg_bm.dout_i_reg[10]/Q
                         net (fo=1, routed)           2.950     9.707    m_axis_tdata_OBUF[10]
    L16                  OBUF (Prop_OUTBUF_HPIOB_M_I_O)
                                                      0.912    10.619 r  m_axis_tdata_OBUF[10]_inst/O
                         net (fo=0)                   0.000    10.619    m_axis_tdata[10]
    L16                                                               r  m_axis_tdata[10] (OUT)
  -------------------------------------------------------------------    -------------------

Slack:                    inf
  Source:                 backBuffer/U0/inst_fifo_gen/gaxis_fifo.gaxisf.axisf/grf.rf/gntv_or_sync_fifo.mem/goreg_bm.dout_i_reg[6]/C
                            (rising edge-triggered cell FDRE clocked by ref_clk  {rise@0.000ns fall@1.666ns period=3.333ns})
  Destination:            m_axis_tdata[6]
                            (output port)
  Path Group:             (none)
  Path Type:              Max at Slow Process Corner
  Data Path Delay:        3.928ns  (logic 0.970ns (24.700%)  route 2.958ns (75.300%))
  Logic Levels:           1  (OBUF=1)
  Clock Uncertainty:      0.025ns  ((TSJ^2 + TIJ^2)^1/2 + DJ) / 2 + PE
    Total System Jitter     (TSJ):    0.050ns
    Total Input Jitter      (TIJ):    0.000ns
    Discrete Jitter          (DJ):    0.000ns
    Phase Error              (PE):    0.000ns
  Clock Net Delay (Source):      2.512ns (routing 1.618ns, distribution 0.894ns)

    Location             Delay type                Incr(ns)  Path(ns)    Netlist Resource(s)
  -------------------------------------------------------------------    -------------------
                         (clock ref_clk rise edge)    0.000     0.000 r  
    AG5                                               0.000     0.000 r  axi_clk (IN)
                         net (fo=0)                   0.000     0.000    axi_clk_IBUF_inst/I
    AG5                  INBUF (Prop_INBUF_HPIOB_M_PAD_O)
                                                      0.521     0.521 r  axi_clk_IBUF_inst/INBUF_INST/O
                         net (fo=1, routed)           0.000     0.521    axi_clk_IBUF_inst/OUT
    AG5                  IBUFCTRL (Prop_IBUFCTRL_HPIOB_M_I_O)
                                                      0.000     0.521 r  axi_clk_IBUF_inst/IBUFCTRL_INST/O
                         net (fo=1, routed)           3.617     4.138    axi_clk_IBUF
    BUFGCE_HDIO_X0Y8     BUFGCE (Prop_BUFCE_BUFGCE_HDIO_I_O)
                                                      0.028     4.166 r  axi_clk_IBUF_BUFG_inst/O
    X2Y1 (CLOCK_ROOT)    net (fo=2187, routed)        2.512     6.678    backBuffer/U0/inst_fifo_gen/gaxis_fifo.gaxisf.axisf/grf.rf/gntv_or_sync_fifo.mem/s_aclk
    SLICE_X48Y95         FDRE                                         r  backBuffer/U0/inst_fifo_gen/gaxis_fifo.gaxisf.axisf/grf.rf/gntv_or_sync_fifo.mem/goreg_bm.dout_i_reg[6]/C
  -------------------------------------------------------------------    -------------------
    SLICE_X48Y95         FDRE (Prop_FFF_SLICEL_C_Q)
                                                      0.079     6.757 r  backBuffer/U0/inst_fifo_gen/gaxis_fifo.gaxisf.axisf/grf.rf/gntv_or_sync_fifo.mem/goreg_bm.dout_i_reg[6]/Q
                         net (fo=1, routed)           2.958     9.715    m_axis_tdata_OBUF[6]
    P12                  OBUF (Prop_OUTBUF_HPIOB_M_I_O)
                                                      0.891    10.606 r  m_axis_tdata_OBUF[6]_inst/O
                         net (fo=0)                   0.000    10.606    m_axis_tdata[6]
    P12                                                               r  m_axis_tdata[6] (OUT)
  -------------------------------------------------------------------    -------------------

Slack:                    inf
  Source:                 backBuffer/U0/inst_fifo_gen/gaxis_fifo.gaxisf.axisf/grf.rf/gntv_or_sync_fifo.gl0.rd/gr1.gr1_int.rfwft/empty_fwft_i_reg/C
                            (rising edge-triggered cell FDSE clocked by ref_clk  {rise@0.000ns fall@1.666ns period=3.333ns})
  Destination:            EOL
                            (output port)
  Path Group:             (none)
  Path Type:              Max at Slow Process Corner
  Data Path Delay:        3.891ns  (logic 1.185ns (30.448%)  route 2.706ns (69.552%))
  Logic Levels:           3  (LUT1=1 LUT5=1 OBUF=1)
  Clock Uncertainty:      0.025ns  ((TSJ^2 + TIJ^2)^1/2 + DJ) / 2 + PE
    Total System Jitter     (TSJ):    0.050ns
    Total Input Jitter      (TIJ):    0.000ns
    Discrete Jitter          (DJ):    0.000ns
    Phase Error              (PE):    0.000ns
  Clock Net Delay (Source):      2.538ns (routing 1.618ns, distribution 0.920ns)

    Location             Delay type                Incr(ns)  Path(ns)    Netlist Resource(s)
  -------------------------------------------------------------------    -------------------
                         (clock ref_clk rise edge)    0.000     0.000 r  
    AG5                                               0.000     0.000 r  axi_clk (IN)
                         net (fo=0)                   0.000     0.000    axi_clk_IBUF_inst/I
    AG5                  INBUF (Prop_INBUF_HPIOB_M_PAD_O)
                                                      0.521     0.521 r  axi_clk_IBUF_inst/INBUF_INST/O
                         net (fo=1, routed)           0.000     0.521    axi_clk_IBUF_inst/OUT
    AG5                  IBUFCTRL (Prop_IBUFCTRL_HPIOB_M_I_O)
                                                      0.000     0.521 r  axi_clk_IBUF_inst/IBUFCTRL_INST/O
                         net (fo=1, routed)           3.617     4.138    axi_clk_IBUF
    BUFGCE_HDIO_X0Y8     BUFGCE (Prop_BUFCE_BUFGCE_HDIO_I_O)
                                                      0.028     4.166 r  axi_clk_IBUF_BUFG_inst/O
    X2Y1 (CLOCK_ROOT)    net (fo=2187, routed)        2.538     6.704    backBuffer/U0/inst_fifo_gen/gaxis_fifo.gaxisf.axisf/grf.rf/gntv_or_sync_fifo.gl0.rd/gr1.gr1_int.rfwft/s_aclk
    SLICE_X46Y100        FDSE                                         r  backBuffer/U0/inst_fifo_gen/gaxis_fifo.gaxisf.axisf/grf.rf/gntv_or_sync_fifo.gl0.rd/gr1.gr1_int.rfwft/empty_fwft_i_reg/C
  -------------------------------------------------------------------    -------------------
    SLICE_X46Y100        FDSE (Prop_FFF_SLICEM_C_Q)
                                                      0.076     6.780 f  backBuffer/U0/inst_fifo_gen/gaxis_fifo.gaxisf.axisf/grf.rf/gntv_or_sync_fifo.gl0.rd/gr1.gr1_int.rfwft/empty_fwft_i_reg/Q
                         net (fo=1, routed)           0.049     6.829    backBuffer/U0/inst_fifo_gen/gaxis_fifo.gaxisf.axisf/grf.rf/gntv_or_sync_fifo.gl0.rd/gr1.gr1_int.rfwft/empty_fwft_i
    SLICE_X46Y100        LUT1 (Prop_G6LUT_SLICEM_I0_O)
                                                      0.052     6.881 r  backBuffer/U0/inst_fifo_gen/gaxis_fifo.gaxisf.axisf/grf.rf/gntv_or_sync_fifo.gl0.rd/gr1.gr1_int.rfwft/m_axis_tvalid_INST_0/O
                         net (fo=5, routed)           1.297     8.178    m_axis_tvalid_OBUF
    SLICE_X96Y96         LUT5 (Prop_D5LUT_SLICEM_I2_O)
                                                      0.158     8.336 r  EOL_OBUF_inst_i_1/O
                         net (fo=1, routed)           1.360     9.696    EOL_OBUF
    AF6                  OBUF (Prop_OUTBUF_HPIOB_M_I_O)
                                                      0.899    10.594 r  EOL_OBUF_inst/O
                         net (fo=0)                   0.000    10.594    EOL
    AF6                                                               r  EOL (OUT)
  -------------------------------------------------------------------    -------------------

Slack:                    inf
  Source:                 backBuffer/U0/inst_fifo_gen/gaxis_fifo.gaxisf.axisf/grf.rf/gntv_or_sync_fifo.mem/goreg_bm.dout_i_reg[7]/C
                            (rising edge-triggered cell FDRE clocked by ref_clk  {rise@0.000ns fall@1.666ns period=3.333ns})
  Destination:            m_axis_tdata[7]
                            (output port)
  Path Group:             (none)
  Path Type:              Max at Slow Process Corner
  Data Path Delay:        3.889ns  (logic 0.972ns (24.998%)  route 2.917ns (75.002%))
  Logic Levels:           1  (OBUF=1)
  Clock Uncertainty:      0.025ns  ((TSJ^2 + TIJ^2)^1/2 + DJ) / 2 + PE
    Total System Jitter     (TSJ):    0.050ns
    Total Input Jitter      (TIJ):    0.000ns
    Discrete Jitter          (DJ):    0.000ns
    Phase Error              (PE):    0.000ns
  Clock Net Delay (Source):      2.538ns (routing 1.618ns, distribution 0.920ns)

    Location             Delay type                Incr(ns)  Path(ns)    Netlist Resource(s)
  -------------------------------------------------------------------    -------------------
                         (clock ref_clk rise edge)    0.000     0.000 r  
    AG5                                               0.000     0.000 r  axi_clk (IN)
                         net (fo=0)                   0.000     0.000    axi_clk_IBUF_inst/I
    AG5                  INBUF (Prop_INBUF_HPIOB_M_PAD_O)
                                                      0.521     0.521 r  axi_clk_IBUF_inst/INBUF_INST/O
                         net (fo=1, routed)           0.000     0.521    axi_clk_IBUF_inst/OUT
    AG5                  IBUFCTRL (Prop_IBUFCTRL_HPIOB_M_I_O)
                                                      0.000     0.521 r  axi_clk_IBUF_inst/IBUFCTRL_INST/O
                         net (fo=1, routed)           3.617     4.138    axi_clk_IBUF
    BUFGCE_HDIO_X0Y8     BUFGCE (Prop_BUFCE_BUFGCE_HDIO_I_O)
                                                      0.028     4.166 r  axi_clk_IBUF_BUFG_inst/O
    X2Y1 (CLOCK_ROOT)    net (fo=2187, routed)        2.538     6.704    backBuffer/U0/inst_fifo_gen/gaxis_fifo.gaxisf.axisf/grf.rf/gntv_or_sync_fifo.mem/s_aclk
    SLICE_X48Y98         FDRE                                         r  backBuffer/U0/inst_fifo_gen/gaxis_fifo.gaxisf.axisf/grf.rf/gntv_or_sync_fifo.mem/goreg_bm.dout_i_reg[7]/C
  -------------------------------------------------------------------    -------------------
    SLICE_X48Y98         FDRE (Prop_EFF2_SLICEL_C_Q)
                                                      0.081     6.785 r  backBuffer/U0/inst_fifo_gen/gaxis_fifo.gaxisf.axisf/grf.rf/gntv_or_sync_fifo.mem/goreg_bm.dout_i_reg[7]/Q
                         net (fo=1, routed)           2.917     9.702    m_axis_tdata_OBUF[7]
    N12                  OBUF (Prop_OUTBUF_HPIOB_S_I_O)
                                                      0.891    10.593 r  m_axis_tdata_OBUF[7]_inst/O
                         net (fo=0)                   0.000    10.593    m_axis_tdata[7]
    N12                                                               r  m_axis_tdata[7] (OUT)
  -------------------------------------------------------------------    -------------------





Min Delay Paths
--------------------------------------------------------------------------------------
Slack:                    inf
  Source:                 outXcnt_reg[7]/C
                            (rising edge-triggered cell FDRE clocked by ref_clk  {rise@0.000ns fall@1.666ns period=3.333ns})
  Destination:            EOF
                            (output port)
  Path Group:             (none)
  Path Type:              Min at Fast Process Corner
  Data Path Delay:        1.089ns  (logic 0.505ns (46.363%)  route 0.584ns (53.637%))
  Logic Levels:           3  (LUT2=1 LUT6=1 OBUF=1)
  Clock Uncertainty:      0.025ns  ((TSJ^2 + TIJ^2)^1/2 + DJ) / 2 + PE
    Total System Jitter     (TSJ):    0.050ns
    Total Input Jitter      (TIJ):    0.000ns
    Discrete Jitter          (DJ):    0.000ns
    Phase Error              (PE):    0.000ns
  Clock Net Delay (Source):      1.433ns (routing 0.890ns, distribution 0.543ns)

    Location             Delay type                Incr(ns)  Path(ns)    Netlist Resource(s)
  -------------------------------------------------------------------    -------------------
                         (clock ref_clk rise edge)    0.000     0.000 r  
    AG5                                               0.000     0.000 r  axi_clk (IN)
                         net (fo=0)                   0.000     0.000    axi_clk_IBUF_inst/I
    AG5                  INBUF (Prop_INBUF_HPIOB_M_PAD_O)
                                                      0.156     0.156 r  axi_clk_IBUF_inst/INBUF_INST/O
                         net (fo=1, routed)           0.000     0.156    axi_clk_IBUF_inst/OUT
    AG5                  IBUFCTRL (Prop_IBUFCTRL_HPIOB_M_I_O)
                                                      0.000     0.156 r  axi_clk_IBUF_inst/IBUFCTRL_INST/O
                         net (fo=1, routed)           1.752     1.908    axi_clk_IBUF
    BUFGCE_HDIO_X0Y8     BUFGCE (Prop_BUFCE_BUFGCE_HDIO_I_O)
                                                      0.017     1.925 r  axi_clk_IBUF_BUFG_inst/O
    X2Y1 (CLOCK_ROOT)    net (fo=2187, routed)        1.433     3.357    axi_clk_IBUF_BUFG
    SLICE_X96Y96         FDRE                                         r  outXcnt_reg[7]/C
  -------------------------------------------------------------------    -------------------
    SLICE_X96Y96         FDRE (Prop_CFF_SLICEM_C_Q)
                                                      0.038     3.395 f  outXcnt_reg[7]/Q
                         net (fo=6, routed)           0.037     3.432    outXcnt_reg_n_0_[7]
    SLICE_X96Y96         LUT2 (Prop_F6LUT_SLICEM_I0_O)
                                                      0.059     3.491 f  EOF_OBUF_inst_i_3/O
                         net (fo=1, routed)           0.024     3.515    EOF_OBUF_inst_i_3_n_0
    SLICE_X96Y96         LUT6 (Prop_H6LUT_SLICEM_I1_O)
                                                      0.023     3.538 r  EOF_OBUF_inst_i_1/O
                         net (fo=1, routed)           0.523     4.061    EOF_OBUF
    AF7                  OBUF (Prop_OUTBUF_HPIOB_S_I_O)
                                                      0.385     4.446 r  EOF_OBUF_inst/O
                         net (fo=0)                   0.000     4.446    EOF
    AF7                                                               r  EOF (OUT)
  -------------------------------------------------------------------    -------------------

Slack:                    inf
  Source:                 outXcnt_reg[7]/C
                            (rising edge-triggered cell FDRE clocked by ref_clk  {rise@0.000ns fall@1.666ns period=3.333ns})
  Destination:            EOL
                            (output port)
  Path Group:             (none)
  Path Type:              Min at Fast Process Corner
  Data Path Delay:        1.116ns  (logic 0.471ns (42.153%)  route 0.646ns (57.847%))
  Logic Levels:           2  (LUT5=1 OBUF=1)
  Clock Uncertainty:      0.025ns  ((TSJ^2 + TIJ^2)^1/2 + DJ) / 2 + PE
    Total System Jitter     (TSJ):    0.050ns
    Total Input Jitter      (TIJ):    0.000ns
    Discrete Jitter          (DJ):    0.000ns
    Phase Error              (PE):    0.000ns
  Clock Net Delay (Source):      1.433ns (routing 0.890ns, distribution 0.543ns)

    Location             Delay type                Incr(ns)  Path(ns)    Netlist Resource(s)
  -------------------------------------------------------------------    -------------------
                         (clock ref_clk rise edge)    0.000     0.000 r  
    AG5                                               0.000     0.000 r  axi_clk (IN)
                         net (fo=0)                   0.000     0.000    axi_clk_IBUF_inst/I
    AG5                  INBUF (Prop_INBUF_HPIOB_M_PAD_O)
                                                      0.156     0.156 r  axi_clk_IBUF_inst/INBUF_INST/O
                         net (fo=1, routed)           0.000     0.156    axi_clk_IBUF_inst/OUT
    AG5                  IBUFCTRL (Prop_IBUFCTRL_HPIOB_M_I_O)
                                                      0.000     0.156 r  axi_clk_IBUF_inst/IBUFCTRL_INST/O
                         net (fo=1, routed)           1.752     1.908    axi_clk_IBUF
    BUFGCE_HDIO_X0Y8     BUFGCE (Prop_BUFCE_BUFGCE_HDIO_I_O)
                                                      0.017     1.925 r  axi_clk_IBUF_BUFG_inst/O
    X2Y1 (CLOCK_ROOT)    net (fo=2187, routed)        1.433     3.357    axi_clk_IBUF_BUFG
    SLICE_X96Y96         FDRE                                         r  outXcnt_reg[7]/C
  -------------------------------------------------------------------    -------------------
    SLICE_X96Y96         FDRE (Prop_CFF_SLICEM_C_Q)
                                                      0.038     3.395 f  outXcnt_reg[7]/Q
                         net (fo=6, routed)           0.056     3.451    outXcnt_reg_n_0_[7]
    SLICE_X96Y96         LUT5 (Prop_D5LUT_SLICEM_I0_O)
                                                      0.042     3.493 r  EOL_OBUF_inst_i_1/O
                         net (fo=1, routed)           0.590     4.083    EOL_OBUF
    AF6                  OBUF (Prop_OUTBUF_HPIOB_M_I_O)
                                                      0.391     4.474 r  EOL_OBUF_inst/O
                         net (fo=0)                   0.000     4.474    EOL
    AF6                                                               r  EOL (OUT)
  -------------------------------------------------------------------    -------------------

Slack:                    inf
  Source:                 backBuffer/U0/inst_fifo_gen/gaxis_fifo.gaxisf.axisf/grf.rf/gntv_or_sync_fifo.mem/goreg_bm.dout_i_reg[125]/C
                            (rising edge-triggered cell FDRE clocked by ref_clk  {rise@0.000ns fall@1.666ns period=3.333ns})
  Destination:            m_axis_tdata[125]
                            (output port)
  Path Group:             (none)
  Path Type:              Min at Fast Process Corner
  Data Path Delay:        1.323ns  (logic 0.421ns (31.837%)  route 0.902ns (68.163%))
  Logic Levels:           1  (OBUF=1)
  Clock Uncertainty:      0.025ns  ((TSJ^2 + TIJ^2)^1/2 + DJ) / 2 + PE
    Total System Jitter     (TSJ):    0.050ns
    Total Input Jitter      (TIJ):    0.000ns
    Discrete Jitter          (DJ):    0.000ns
    Phase Error              (PE):    0.000ns
  Clock Net Delay (Source):      1.396ns (routing 0.890ns, distribution 0.506ns)

    Location             Delay type                Incr(ns)  Path(ns)    Netlist Resource(s)
  -------------------------------------------------------------------    -------------------
                         (clock ref_clk rise edge)    0.000     0.000 r  
    AG5                                               0.000     0.000 r  axi_clk (IN)
                         net (fo=0)                   0.000     0.000    axi_clk_IBUF_inst/I
    AG5                  INBUF (Prop_INBUF_HPIOB_M_PAD_O)
                                                      0.156     0.156 r  axi_clk_IBUF_inst/INBUF_INST/O
                         net (fo=1, routed)           0.000     0.156    axi_clk_IBUF_inst/OUT
    AG5                  IBUFCTRL (Prop_IBUFCTRL_HPIOB_M_I_O)
                                                      0.000     0.156 r  axi_clk_IBUF_inst/IBUFCTRL_INST/O
                         net (fo=1, routed)           1.752     1.908    axi_clk_IBUF
    BUFGCE_HDIO_X0Y8     BUFGCE (Prop_BUFCE_BUFGCE_HDIO_I_O)
                                                      0.017     1.925 r  axi_clk_IBUF_BUFG_inst/O
    X2Y1 (CLOCK_ROOT)    net (fo=2187, routed)        1.396     3.321    backBuffer/U0/inst_fifo_gen/gaxis_fifo.gaxisf.axisf/grf.rf/gntv_or_sync_fifo.mem/s_aclk
    SLICE_X40Y91         FDRE                                         r  backBuffer/U0/inst_fifo_gen/gaxis_fifo.gaxisf.axisf/grf.rf/gntv_or_sync_fifo.mem/goreg_bm.dout_i_reg[125]/C
  -------------------------------------------------------------------    -------------------
    SLICE_X40Y91         FDRE (Prop_EFF_SLICEM_C_Q)
                                                      0.038     3.359 r  backBuffer/U0/inst_fifo_gen/gaxis_fifo.gaxisf.axisf/grf.rf/gntv_or_sync_fifo.mem/goreg_bm.dout_i_reg[125]/Q
                         net (fo=1, routed)           0.902     4.261    m_axis_tdata_OBUF[125]
    AE5                  OBUF (Prop_OUTBUF_HPIOB_M_I_O)
                                                      0.383     4.644 r  m_axis_tdata_OBUF[125]_inst/O
                         net (fo=0)                   0.000     4.644    m_axis_tdata[125]
    AE5                                                               r  m_axis_tdata[125] (OUT)
  -------------------------------------------------------------------    -------------------

Slack:                    inf
  Source:                 backBuffer/U0/inst_fifo_gen/gaxis_fifo.gaxisf.axisf/grf.rf/gntv_or_sync_fifo.mem/goreg_bm.dout_i_reg[116]/C
                            (rising edge-triggered cell FDRE clocked by ref_clk  {rise@0.000ns fall@1.666ns period=3.333ns})
  Destination:            m_axis_tdata[116]
                            (output port)
  Path Group:             (none)
  Path Type:              Min at Fast Process Corner
  Data Path Delay:        1.325ns  (logic 0.421ns (31.759%)  route 0.904ns (68.241%))
  Logic Levels:           1  (OBUF=1)
  Clock Uncertainty:      0.025ns  ((TSJ^2 + TIJ^2)^1/2 + DJ) / 2 + PE
    Total System Jitter     (TSJ):    0.050ns
    Total Input Jitter      (TIJ):    0.000ns
    Discrete Jitter          (DJ):    0.000ns
    Phase Error              (PE):    0.000ns
  Clock Net Delay (Source):      1.406ns (routing 0.890ns, distribution 0.516ns)

    Location             Delay type                Incr(ns)  Path(ns)    Netlist Resource(s)
  -------------------------------------------------------------------    -------------------
                         (clock ref_clk rise edge)    0.000     0.000 r  
    AG5                                               0.000     0.000 r  axi_clk (IN)
                         net (fo=0)                   0.000     0.000    axi_clk_IBUF_inst/I
    AG5                  INBUF (Prop_INBUF_HPIOB_M_PAD_O)
                                                      0.156     0.156 r  axi_clk_IBUF_inst/INBUF_INST/O
                         net (fo=1, routed)           0.000     0.156    axi_clk_IBUF_inst/OUT
    AG5                  IBUFCTRL (Prop_IBUFCTRL_HPIOB_M_I_O)
                                                      0.000     0.156 r  axi_clk_IBUF_inst/IBUFCTRL_INST/O
                         net (fo=1, routed)           1.752     1.908    axi_clk_IBUF
    BUFGCE_HDIO_X0Y8     BUFGCE (Prop_BUFCE_BUFGCE_HDIO_I_O)
                                                      0.017     1.925 r  axi_clk_IBUF_BUFG_inst/O
    X2Y1 (CLOCK_ROOT)    net (fo=2187, routed)        1.406     3.331    backBuffer/U0/inst_fifo_gen/gaxis_fifo.gaxisf.axisf/grf.rf/gntv_or_sync_fifo.mem/s_aclk
    SLICE_X48Y106        FDRE                                         r  backBuffer/U0/inst_fifo_gen/gaxis_fifo.gaxisf.axisf/grf.rf/gntv_or_sync_fifo.mem/goreg_bm.dout_i_reg[116]/C
  -------------------------------------------------------------------    -------------------
    SLICE_X48Y106        FDRE (Prop_FFF_SLICEL_C_Q)
                                                      0.039     3.370 r  backBuffer/U0/inst_fifo_gen/gaxis_fifo.gaxisf.axisf/grf.rf/gntv_or_sync_fifo.mem/goreg_bm.dout_i_reg[116]/Q
                         net (fo=1, routed)           0.904     4.274    m_axis_tdata_OBUF[116]
    AD4                  OBUF (Prop_OUTBUF_HPIOB_M_I_O)
                                                      0.382     4.656 r  m_axis_tdata_OBUF[116]_inst/O
                         net (fo=0)                   0.000     4.656    m_axis_tdata[116]
    AD4                                                               r  m_axis_tdata[116] (OUT)
  -------------------------------------------------------------------    -------------------

Slack:                    inf
  Source:                 backBuffer/U0/inst_fifo_gen/gaxis_fifo.gaxisf.axisf/grf.rf/gntv_or_sync_fifo.mem/goreg_bm.dout_i_reg[118]/C
                            (rising edge-triggered cell FDRE clocked by ref_clk  {rise@0.000ns fall@1.666ns period=3.333ns})
  Destination:            m_axis_tdata[118]
                            (output port)
  Path Group:             (none)
  Path Type:              Min at Fast Process Corner
  Data Path Delay:        1.343ns  (logic 0.429ns (31.948%)  route 0.914ns (68.052%))
  Logic Levels:           1  (OBUF=1)
  Clock Uncertainty:      0.025ns  ((TSJ^2 + TIJ^2)^1/2 + DJ) / 2 + PE
    Total System Jitter     (TSJ):    0.050ns
    Total Input Jitter      (TIJ):    0.000ns
    Discrete Jitter          (DJ):    0.000ns
    Phase Error              (PE):    0.000ns
  Clock Net Delay (Source):      1.406ns (routing 0.890ns, distribution 0.516ns)

    Location             Delay type                Incr(ns)  Path(ns)    Netlist Resource(s)
  -------------------------------------------------------------------    -------------------
                         (clock ref_clk rise edge)    0.000     0.000 r  
    AG5                                               0.000     0.000 r  axi_clk (IN)
                         net (fo=0)                   0.000     0.000    axi_clk_IBUF_inst/I
    AG5                  INBUF (Prop_INBUF_HPIOB_M_PAD_O)
                                                      0.156     0.156 r  axi_clk_IBUF_inst/INBUF_INST/O
                         net (fo=1, routed)           0.000     0.156    axi_clk_IBUF_inst/OUT
    AG5                  IBUFCTRL (Prop_IBUFCTRL_HPIOB_M_I_O)
                                                      0.000     0.156 r  axi_clk_IBUF_inst/IBUFCTRL_INST/O
                         net (fo=1, routed)           1.752     1.908    axi_clk_IBUF
    BUFGCE_HDIO_X0Y8     BUFGCE (Prop_BUFCE_BUFGCE_HDIO_I_O)
                                                      0.017     1.925 r  axi_clk_IBUF_BUFG_inst/O
    X2Y1 (CLOCK_ROOT)    net (fo=2187, routed)        1.406     3.331    backBuffer/U0/inst_fifo_gen/gaxis_fifo.gaxisf.axisf/grf.rf/gntv_or_sync_fifo.mem/s_aclk
    SLICE_X48Y106        FDRE                                         r  backBuffer/U0/inst_fifo_gen/gaxis_fifo.gaxisf.axisf/grf.rf/gntv_or_sync_fifo.mem/goreg_bm.dout_i_reg[118]/C
  -------------------------------------------------------------------    -------------------
    SLICE_X48Y106        FDRE (Prop_FFF2_SLICEL_C_Q)
                                                      0.040     3.371 r  backBuffer/U0/inst_fifo_gen/gaxis_fifo.gaxisf.axisf/grf.rf/gntv_or_sync_fifo.mem/goreg_bm.dout_i_reg[118]/Q
                         net (fo=1, routed)           0.914     4.285    m_axis_tdata_OBUF[118]
    AE3                  OBUF (Prop_OUTBUF_HPIOB_M_I_O)
                                                      0.389     4.674 r  m_axis_tdata_OBUF[118]_inst/O
                         net (fo=0)                   0.000     4.674    m_axis_tdata[118]
    AE3                                                               r  m_axis_tdata[118] (OUT)
  -------------------------------------------------------------------    -------------------

Slack:                    inf
  Source:                 backBuffer/U0/inst_fifo_gen/gaxis_fifo.gaxisf.axisf/grf.rf/gntv_or_sync_fifo.mem/goreg_bm.dout_i_reg[113]/C
                            (rising edge-triggered cell FDRE clocked by ref_clk  {rise@0.000ns fall@1.666ns period=3.333ns})
  Destination:            m_axis_tdata[113]
                            (output port)
  Path Group:             (none)
  Path Type:              Min at Fast Process Corner
  Data Path Delay:        1.349ns  (logic 0.448ns (33.223%)  route 0.901ns (66.778%))
  Logic Levels:           1  (OBUF=1)
  Clock Uncertainty:      0.025ns  ((TSJ^2 + TIJ^2)^1/2 + DJ) / 2 + PE
    Total System Jitter     (TSJ):    0.050ns
    Total Input Jitter      (TIJ):    0.000ns
    Discrete Jitter          (DJ):    0.000ns
    Phase Error              (PE):    0.000ns
  Clock Net Delay (Source):      1.400ns (routing 0.890ns, distribution 0.510ns)

    Location             Delay type                Incr(ns)  Path(ns)    Netlist Resource(s)
  -------------------------------------------------------------------    -------------------
                         (clock ref_clk rise edge)    0.000     0.000 r  
    AG5                                               0.000     0.000 r  axi_clk (IN)
                         net (fo=0)                   0.000     0.000    axi_clk_IBUF_inst/I
    AG5                  INBUF (Prop_INBUF_HPIOB_M_PAD_O)
                                                      0.156     0.156 r  axi_clk_IBUF_inst/INBUF_INST/O
                         net (fo=1, routed)           0.000     0.156    axi_clk_IBUF_inst/OUT
    AG5                  IBUFCTRL (Prop_IBUFCTRL_HPIOB_M_I_O)
                                                      0.000     0.156 r  axi_clk_IBUF_inst/IBUFCTRL_INST/O
                         net (fo=1, routed)           1.752     1.908    axi_clk_IBUF
    BUFGCE_HDIO_X0Y8     BUFGCE (Prop_BUFCE_BUFGCE_HDIO_I_O)
                                                      0.017     1.925 r  axi_clk_IBUF_BUFG_inst/O
    X2Y1 (CLOCK_ROOT)    net (fo=2187, routed)        1.400     3.325    backBuffer/U0/inst_fifo_gen/gaxis_fifo.gaxisf.axisf/grf.rf/gntv_or_sync_fifo.mem/s_aclk
    SLICE_X48Y109        FDRE                                         r  backBuffer/U0/inst_fifo_gen/gaxis_fifo.gaxisf.axisf/grf.rf/gntv_or_sync_fifo.mem/goreg_bm.dout_i_reg[113]/C
  -------------------------------------------------------------------    -------------------
    SLICE_X48Y109        FDRE (Prop_HFF2_SLICEL_C_Q)
                                                      0.039     3.364 r  backBuffer/U0/inst_fifo_gen/gaxis_fifo.gaxisf.axisf/grf.rf/gntv_or_sync_fifo.mem/goreg_bm.dout_i_reg[113]/Q
                         net (fo=1, routed)           0.901     4.265    m_axis_tdata_OBUF[113]
    AH3                  OBUF (Prop_OUTBUF_HPIOB_S_I_O)
                                                      0.409     4.674 r  m_axis_tdata_OBUF[113]_inst/O
                         net (fo=0)                   0.000     4.674    m_axis_tdata[113]
    AH3                                                               r  m_axis_tdata[113] (OUT)
  -------------------------------------------------------------------    -------------------

Slack:                    inf
  Source:                 backBuffer/U0/inst_fifo_gen/gaxis_fifo.gaxisf.axisf/grf.rf/gntv_or_sync_fifo.mem/goreg_bm.dout_i_reg[110]/C
                            (rising edge-triggered cell FDRE clocked by ref_clk  {rise@0.000ns fall@1.666ns period=3.333ns})
  Destination:            m_axis_tdata[110]
                            (output port)
  Path Group:             (none)
  Path Type:              Min at Fast Process Corner
  Data Path Delay:        1.359ns  (logic 0.445ns (32.766%)  route 0.914ns (67.234%))
  Logic Levels:           1  (OBUF=1)
  Clock Uncertainty:      0.025ns  ((TSJ^2 + TIJ^2)^1/2 + DJ) / 2 + PE
    Total System Jitter     (TSJ):    0.050ns
    Total Input Jitter      (TIJ):    0.000ns
    Discrete Jitter          (DJ):    0.000ns
    Phase Error              (PE):    0.000ns
  Clock Net Delay (Source):      1.400ns (routing 0.890ns, distribution 0.510ns)

    Location             Delay type                Incr(ns)  Path(ns)    Netlist Resource(s)
  -------------------------------------------------------------------    -------------------
                         (clock ref_clk rise edge)    0.000     0.000 r  
    AG5                                               0.000     0.000 r  axi_clk (IN)
                         net (fo=0)                   0.000     0.000    axi_clk_IBUF_inst/I
    AG5                  INBUF (Prop_INBUF_HPIOB_M_PAD_O)
                                                      0.156     0.156 r  axi_clk_IBUF_inst/INBUF_INST/O
                         net (fo=1, routed)           0.000     0.156    axi_clk_IBUF_inst/OUT
    AG5                  IBUFCTRL (Prop_IBUFCTRL_HPIOB_M_I_O)
                                                      0.000     0.156 r  axi_clk_IBUF_inst/IBUFCTRL_INST/O
                         net (fo=1, routed)           1.752     1.908    axi_clk_IBUF
    BUFGCE_HDIO_X0Y8     BUFGCE (Prop_BUFCE_BUFGCE_HDIO_I_O)
                                                      0.017     1.925 r  axi_clk_IBUF_BUFG_inst/O
    X2Y1 (CLOCK_ROOT)    net (fo=2187, routed)        1.400     3.325    backBuffer/U0/inst_fifo_gen/gaxis_fifo.gaxisf.axisf/grf.rf/gntv_or_sync_fifo.mem/s_aclk
    SLICE_X48Y109        FDRE                                         r  backBuffer/U0/inst_fifo_gen/gaxis_fifo.gaxisf.axisf/grf.rf/gntv_or_sync_fifo.mem/goreg_bm.dout_i_reg[110]/C
  -------------------------------------------------------------------    -------------------
    SLICE_X48Y109        FDRE (Prop_GFF2_SLICEL_C_Q)
                                                      0.040     3.365 r  backBuffer/U0/inst_fifo_gen/gaxis_fifo.gaxisf.axisf/grf.rf/gntv_or_sync_fifo.mem/goreg_bm.dout_i_reg[110]/Q
                         net (fo=1, routed)           0.914     4.279    m_axis_tdata_OBUF[110]
    AF2                  OBUF (Prop_OUTBUF_HPIOB_M_I_O)
                                                      0.405     4.684 r  m_axis_tdata_OBUF[110]_inst/O
                         net (fo=0)                   0.000     4.684    m_axis_tdata[110]
    AF2                                                               r  m_axis_tdata[110] (OUT)
  -------------------------------------------------------------------    -------------------

Slack:                    inf
  Source:                 backBuffer/U0/inst_fifo_gen/gaxis_fifo.gaxisf.axisf/grf.rf/gntv_or_sync_fifo.mem/goreg_bm.dout_i_reg[126]/C
                            (rising edge-triggered cell FDRE clocked by ref_clk  {rise@0.000ns fall@1.666ns period=3.333ns})
  Destination:            m_axis_tdata[126]
                            (output port)
  Path Group:             (none)
  Path Type:              Min at Fast Process Corner
  Data Path Delay:        1.367ns  (logic 0.423ns (30.947%)  route 0.944ns (69.053%))
  Logic Levels:           1  (OBUF=1)
  Clock Uncertainty:      0.025ns  ((TSJ^2 + TIJ^2)^1/2 + DJ) / 2 + PE
    Total System Jitter     (TSJ):    0.050ns
    Total Input Jitter      (TIJ):    0.000ns
    Discrete Jitter          (DJ):    0.000ns
    Phase Error              (PE):    0.000ns
  Clock Net Delay (Source):      1.407ns (routing 0.890ns, distribution 0.517ns)

    Location             Delay type                Incr(ns)  Path(ns)    Netlist Resource(s)
  -------------------------------------------------------------------    -------------------
                         (clock ref_clk rise edge)    0.000     0.000 r  
    AG5                                               0.000     0.000 r  axi_clk (IN)
                         net (fo=0)                   0.000     0.000    axi_clk_IBUF_inst/I
    AG5                  INBUF (Prop_INBUF_HPIOB_M_PAD_O)
                                                      0.156     0.156 r  axi_clk_IBUF_inst/INBUF_INST/O
                         net (fo=1, routed)           0.000     0.156    axi_clk_IBUF_inst/OUT
    AG5                  IBUFCTRL (Prop_IBUFCTRL_HPIOB_M_I_O)
                                                      0.000     0.156 r  axi_clk_IBUF_inst/IBUFCTRL_INST/O
                         net (fo=1, routed)           1.752     1.908    axi_clk_IBUF
    BUFGCE_HDIO_X0Y8     BUFGCE (Prop_BUFCE_BUFGCE_HDIO_I_O)
                                                      0.017     1.925 r  axi_clk_IBUF_BUFG_inst/O
    X2Y1 (CLOCK_ROOT)    net (fo=2187, routed)        1.407     3.331    backBuffer/U0/inst_fifo_gen/gaxis_fifo.gaxisf.axisf/grf.rf/gntv_or_sync_fifo.mem/s_aclk
    SLICE_X40Y102        FDRE                                         r  backBuffer/U0/inst_fifo_gen/gaxis_fifo.gaxisf.axisf/grf.rf/gntv_or_sync_fifo.mem/goreg_bm.dout_i_reg[126]/C
  -------------------------------------------------------------------    -------------------
    SLICE_X40Y102        FDRE (Prop_FFF2_SLICEM_C_Q)
                                                      0.040     3.371 r  backBuffer/U0/inst_fifo_gen/gaxis_fifo.gaxisf.axisf/grf.rf/gntv_or_sync_fifo.mem/goreg_bm.dout_i_reg[126]/Q
                         net (fo=1, routed)           0.944     4.315    m_axis_tdata_OBUF[126]
    AF5                  OBUF (Prop_OUTBUF_HPIOB_S_I_O)
                                                      0.383     4.698 r  m_axis_tdata_OBUF[126]_inst/O
                         net (fo=0)                   0.000     4.698    m_axis_tdata[126]
    AF5                                                               r  m_axis_tdata[126] (OUT)
  -------------------------------------------------------------------    -------------------

Slack:                    inf
  Source:                 backBuffer/U0/inst_fifo_gen/gaxis_fifo.gaxisf.axisf/grf.rf/gntv_or_sync_fifo.mem/goreg_bm.dout_i_reg[112]/C
                            (rising edge-triggered cell FDRE clocked by ref_clk  {rise@0.000ns fall@1.666ns period=3.333ns})
  Destination:            m_axis_tdata[112]
                            (output port)
  Path Group:             (none)
  Path Type:              Min at Fast Process Corner
  Data Path Delay:        1.383ns  (logic 0.439ns (31.764%)  route 0.944ns (68.236%))
  Logic Levels:           1  (OBUF=1)
  Clock Uncertainty:      0.025ns  ((TSJ^2 + TIJ^2)^1/2 + DJ) / 2 + PE
    Total System Jitter     (TSJ):    0.050ns
    Total Input Jitter      (TIJ):    0.000ns
    Discrete Jitter          (DJ):    0.000ns
    Phase Error              (PE):    0.000ns
  Clock Net Delay (Source):      1.400ns (routing 0.890ns, distribution 0.510ns)

    Location             Delay type                Incr(ns)  Path(ns)    Netlist Resource(s)
  -------------------------------------------------------------------    -------------------
                         (clock ref_clk rise edge)    0.000     0.000 r  
    AG5                                               0.000     0.000 r  axi_clk (IN)
                         net (fo=0)                   0.000     0.000    axi_clk_IBUF_inst/I
    AG5                  INBUF (Prop_INBUF_HPIOB_M_PAD_O)
                                                      0.156     0.156 r  axi_clk_IBUF_inst/INBUF_INST/O
                         net (fo=1, routed)           0.000     0.156    axi_clk_IBUF_inst/OUT
    AG5                  IBUFCTRL (Prop_IBUFCTRL_HPIOB_M_I_O)
                                                      0.000     0.156 r  axi_clk_IBUF_inst/IBUFCTRL_INST/O
                         net (fo=1, routed)           1.752     1.908    axi_clk_IBUF
    BUFGCE_HDIO_X0Y8     BUFGCE (Prop_BUFCE_BUFGCE_HDIO_I_O)
                                                      0.017     1.925 r  axi_clk_IBUF_BUFG_inst/O
    X2Y1 (CLOCK_ROOT)    net (fo=2187, routed)        1.400     3.325    backBuffer/U0/inst_fifo_gen/gaxis_fifo.gaxisf.axisf/grf.rf/gntv_or_sync_fifo.mem/s_aclk
    SLICE_X48Y109        FDRE                                         r  backBuffer/U0/inst_fifo_gen/gaxis_fifo.gaxisf.axisf/grf.rf/gntv_or_sync_fifo.mem/goreg_bm.dout_i_reg[112]/C
  -------------------------------------------------------------------    -------------------
    SLICE_X48Y109        FDRE (Prop_HFF_SLICEL_C_Q)
                                                      0.039     3.364 r  backBuffer/U0/inst_fifo_gen/gaxis_fifo.gaxisf.axisf/grf.rf/gntv_or_sync_fifo.mem/goreg_bm.dout_i_reg[112]/Q
                         net (fo=1, routed)           0.944     4.308    m_axis_tdata_OBUF[112]
    AG3                  OBUF (Prop_OUTBUF_HPIOB_M_I_O)
                                                      0.400     4.708 r  m_axis_tdata_OBUF[112]_inst/O
                         net (fo=0)                   0.000     4.708    m_axis_tdata[112]
    AG3                                                               r  m_axis_tdata[112] (OUT)
  -------------------------------------------------------------------    -------------------

Slack:                    inf
  Source:                 backBuffer/U0/inst_fifo_gen/gaxis_fifo.gaxisf.axisf/grf.rf/gntv_or_sync_fifo.mem/goreg_bm.dout_i_reg[103]/C
                            (rising edge-triggered cell FDRE clocked by ref_clk  {rise@0.000ns fall@1.666ns period=3.333ns})
  Destination:            m_axis_tdata[103]
                            (output port)
  Path Group:             (none)
  Path Type:              Min at Fast Process Corner
  Data Path Delay:        1.388ns  (logic 0.384ns (27.680%)  route 1.004ns (72.320%))
  Logic Levels:           1  (OBUF=1)
  Clock Uncertainty:      0.025ns  ((TSJ^2 + TIJ^2)^1/2 + DJ) / 2 + PE
    Total System Jitter     (TSJ):    0.050ns
    Total Input Jitter      (TIJ):    0.000ns
    Discrete Jitter          (DJ):    0.000ns
    Phase Error              (PE):    0.000ns
  Clock Net Delay (Source):      1.400ns (routing 0.890ns, distribution 0.510ns)

    Location             Delay type                Incr(ns)  Path(ns)    Netlist Resource(s)
  -------------------------------------------------------------------    -------------------
                         (clock ref_clk rise edge)    0.000     0.000 r  
    AG5                                               0.000     0.000 r  axi_clk (IN)
                         net (fo=0)                   0.000     0.000    axi_clk_IBUF_inst/I
    AG5                  INBUF (Prop_INBUF_HPIOB_M_PAD_O)
                                                      0.156     0.156 r  axi_clk_IBUF_inst/INBUF_INST/O
                         net (fo=1, routed)           0.000     0.156    axi_clk_IBUF_inst/OUT
    AG5                  IBUFCTRL (Prop_IBUFCTRL_HPIOB_M_I_O)
                                                      0.000     0.156 r  axi_clk_IBUF_inst/IBUFCTRL_INST/O
                         net (fo=1, routed)           1.752     1.908    axi_clk_IBUF
    BUFGCE_HDIO_X0Y8     BUFGCE (Prop_BUFCE_BUFGCE_HDIO_I_O)
                                                      0.017     1.925 r  axi_clk_IBUF_BUFG_inst/O
    X2Y1 (CLOCK_ROOT)    net (fo=2187, routed)        1.400     3.325    backBuffer/U0/inst_fifo_gen/gaxis_fifo.gaxisf.axisf/grf.rf/gntv_or_sync_fifo.mem/s_aclk
    SLICE_X48Y109        FDRE                                         r  backBuffer/U0/inst_fifo_gen/gaxis_fifo.gaxisf.axisf/grf.rf/gntv_or_sync_fifo.mem/goreg_bm.dout_i_reg[103]/C
  -------------------------------------------------------------------    -------------------
    SLICE_X48Y109        FDRE (Prop_EFF_SLICEL_C_Q)
                                                      0.039     3.364 r  backBuffer/U0/inst_fifo_gen/gaxis_fifo.gaxisf.axisf/grf.rf/gntv_or_sync_fifo.mem/goreg_bm.dout_i_reg[103]/Q
                         net (fo=1, routed)           1.004     4.368    m_axis_tdata_OBUF[103]
    W9                   OBUF (Prop_OUTBUF_HPIOB_SNGL_I_O)
                                                      0.345     4.713 r  m_axis_tdata_OBUF[103]_inst/O
                         net (fo=0)                   0.000     4.713    m_axis_tdata[103]
    W9                                                                r  m_axis_tdata[103] (OUT)
  -------------------------------------------------------------------    -------------------





--------------------------------------------------------------------------------------
Path Group:  (none)
From Clock:  
  To Clock:  ref_clk

Max Delay           650 Endpoints
Min Delay           650 Endpoints
--------------------------------------------------------------------------------------


Max Delay Paths
--------------------------------------------------------------------------------------
Slack:                    inf
  Source:                 m_axis_tready
                            (input port)
  Destination:            backBuffer/U0/inst_fifo_gen/gaxis_fifo.gaxisf.axisf/grf.rf/gntv_or_sync_fifo.mem/goreg_bm.dout_i_reg[33]/CE
                            (rising edge-triggered cell FDRE clocked by ref_clk  {rise@0.000ns fall@1.666ns period=3.333ns})
  Path Group:             (none)
  Path Type:              Setup (Max at Slow Process Corner)
  Data Path Delay:        4.128ns  (logic 0.628ns (15.209%)  route 3.500ns (84.791%))
  Logic Levels:           3  (IBUFCTRL=1 INBUF=1 LUT5=1)
  Clock Path Skew:        4.980ns (DCD - SCD + CPR)
    Destination Clock Delay (DCD):    4.980ns
    Source Clock Delay      (SCD):    0.000ns
    Clock Pessimism Removal (CPR):    0.000ns
  Clock Uncertainty:      0.025ns  ((TSJ^2 + TIJ^2)^1/2 + DJ) / 2 + PE
    Total System Jitter     (TSJ):    0.050ns
    Total Input Jitter      (TIJ):    0.000ns
    Discrete Jitter          (DJ):    0.000ns
    Phase Error              (PE):    0.000ns
  Clock Net Delay (Destination): 2.321ns (routing 1.468ns, distribution 0.853ns)

    Location             Delay type                Incr(ns)  Path(ns)    Netlist Resource(s)
  -------------------------------------------------------------------    -------------------
    AG10                                              0.000     0.000 r  m_axis_tready (IN)
                         net (fo=0)                   0.000     0.000    m_axis_tready_IBUF_inst/I
    AG10                 INBUF (Prop_INBUF_HPIOB_M_PAD_O)
                                                      0.529     0.529 r  m_axis_tready_IBUF_inst/INBUF_INST/O
                         net (fo=1, routed)           0.000     0.529    m_axis_tready_IBUF_inst/OUT
    AG10                 IBUFCTRL (Prop_IBUFCTRL_HPIOB_M_I_O)
                                                      0.000     0.529 r  m_axis_tready_IBUF_inst/IBUFCTRL_INST/O
                         net (fo=13, routed)          2.276     2.805    backBuffer/U0/inst_fifo_gen/gaxis_fifo.gaxisf.axisf/grf.rf/gntv_or_sync_fifo.gl0.rd/gr1.gr1_int.rfwft/m_axis_tready
    SLICE_X45Y101        LUT5 (Prop_H6LUT_SLICEL_I0_O)
                                                      0.099     2.904 r  backBuffer/U0/inst_fifo_gen/gaxis_fifo.gaxisf.axisf/grf.rf/gntv_or_sync_fifo.gl0.rd/gr1.gr1_int.rfwft/goreg_bm.dout_i[127]_i_1/O
                         net (fo=128, routed)         1.225     4.128    backBuffer/U0/inst_fifo_gen/gaxis_fifo.gaxisf.axisf/grf.rf/gntv_or_sync_fifo.mem/goreg_bm.dout_i_reg[127]_0[0]
    SLICE_X40Y125        FDRE                                         r  backBuffer/U0/inst_fifo_gen/gaxis_fifo.gaxisf.axisf/grf.rf/gntv_or_sync_fifo.mem/goreg_bm.dout_i_reg[33]/CE
  -------------------------------------------------------------------    -------------------

                         (clock ref_clk rise edge)    0.000     0.000 r  
    AG5                                               0.000     0.000 r  axi_clk (IN)
                         net (fo=0)                   0.000     0.000    axi_clk_IBUF_inst/I
    AG5                  INBUF (Prop_INBUF_HPIOB_M_PAD_O)
                                                      0.271     0.271 r  axi_clk_IBUF_inst/INBUF_INST/O
                         net (fo=1, routed)           0.000     0.271    axi_clk_IBUF_inst/OUT
    AG5                  IBUFCTRL (Prop_IBUFCTRL_HPIOB_M_I_O)
                                                      0.000     0.271 r  axi_clk_IBUF_inst/IBUFCTRL_INST/O
                         net (fo=1, routed)           2.364     2.635    axi_clk_IBUF
    BUFGCE_HDIO_X0Y8     BUFGCE (Prop_BUFCE_BUFGCE_HDIO_I_O)
                                                      0.024     2.659 r  axi_clk_IBUF_BUFG_inst/O
    X2Y1 (CLOCK_ROOT)    net (fo=2187, routed)        2.321     4.980    backBuffer/U0/inst_fifo_gen/gaxis_fifo.gaxisf.axisf/grf.rf/gntv_or_sync_fifo.mem/s_aclk
    SLICE_X40Y125        FDRE                                         r  backBuffer/U0/inst_fifo_gen/gaxis_fifo.gaxisf.axisf/grf.rf/gntv_or_sync_fifo.mem/goreg_bm.dout_i_reg[33]/C

Slack:                    inf
  Source:                 m_axis_tready
                            (input port)
  Destination:            backBuffer/U0/inst_fifo_gen/gaxis_fifo.gaxisf.axisf/grf.rf/gntv_or_sync_fifo.mem/goreg_bm.dout_i_reg[37]/CE
                            (rising edge-triggered cell FDRE clocked by ref_clk  {rise@0.000ns fall@1.666ns period=3.333ns})
  Path Group:             (none)
  Path Type:              Setup (Max at Slow Process Corner)
  Data Path Delay:        4.128ns  (logic 0.628ns (15.209%)  route 3.500ns (84.791%))
  Logic Levels:           3  (IBUFCTRL=1 INBUF=1 LUT5=1)
  Clock Path Skew:        4.980ns (DCD - SCD + CPR)
    Destination Clock Delay (DCD):    4.980ns
    Source Clock Delay      (SCD):    0.000ns
    Clock Pessimism Removal (CPR):    0.000ns
  Clock Uncertainty:      0.025ns  ((TSJ^2 + TIJ^2)^1/2 + DJ) / 2 + PE
    Total System Jitter     (TSJ):    0.050ns
    Total Input Jitter      (TIJ):    0.000ns
    Discrete Jitter          (DJ):    0.000ns
    Phase Error              (PE):    0.000ns
  Clock Net Delay (Destination): 2.321ns (routing 1.468ns, distribution 0.853ns)

    Location             Delay type                Incr(ns)  Path(ns)    Netlist Resource(s)
  -------------------------------------------------------------------    -------------------
    AG10                                              0.000     0.000 r  m_axis_tready (IN)
                         net (fo=0)                   0.000     0.000    m_axis_tready_IBUF_inst/I
    AG10                 INBUF (Prop_INBUF_HPIOB_M_PAD_O)
                                                      0.529     0.529 r  m_axis_tready_IBUF_inst/INBUF_INST/O
                         net (fo=1, routed)           0.000     0.529    m_axis_tready_IBUF_inst/OUT
    AG10                 IBUFCTRL (Prop_IBUFCTRL_HPIOB_M_I_O)
                                                      0.000     0.529 r  m_axis_tready_IBUF_inst/IBUFCTRL_INST/O
                         net (fo=13, routed)          2.276     2.805    backBuffer/U0/inst_fifo_gen/gaxis_fifo.gaxisf.axisf/grf.rf/gntv_or_sync_fifo.gl0.rd/gr1.gr1_int.rfwft/m_axis_tready
    SLICE_X45Y101        LUT5 (Prop_H6LUT_SLICEL_I0_O)
                                                      0.099     2.904 r  backBuffer/U0/inst_fifo_gen/gaxis_fifo.gaxisf.axisf/grf.rf/gntv_or_sync_fifo.gl0.rd/gr1.gr1_int.rfwft/goreg_bm.dout_i[127]_i_1/O
                         net (fo=128, routed)         1.225     4.128    backBuffer/U0/inst_fifo_gen/gaxis_fifo.gaxisf.axisf/grf.rf/gntv_or_sync_fifo.mem/goreg_bm.dout_i_reg[127]_0[0]
    SLICE_X40Y125        FDRE                                         r  backBuffer/U0/inst_fifo_gen/gaxis_fifo.gaxisf.axisf/grf.rf/gntv_or_sync_fifo.mem/goreg_bm.dout_i_reg[37]/CE
  -------------------------------------------------------------------    -------------------

                         (clock ref_clk rise edge)    0.000     0.000 r  
    AG5                                               0.000     0.000 r  axi_clk (IN)
                         net (fo=0)                   0.000     0.000    axi_clk_IBUF_inst/I
    AG5                  INBUF (Prop_INBUF_HPIOB_M_PAD_O)
                                                      0.271     0.271 r  axi_clk_IBUF_inst/INBUF_INST/O
                         net (fo=1, routed)           0.000     0.271    axi_clk_IBUF_inst/OUT
    AG5                  IBUFCTRL (Prop_IBUFCTRL_HPIOB_M_I_O)
                                                      0.000     0.271 r  axi_clk_IBUF_inst/IBUFCTRL_INST/O
                         net (fo=1, routed)           2.364     2.635    axi_clk_IBUF
    BUFGCE_HDIO_X0Y8     BUFGCE (Prop_BUFCE_BUFGCE_HDIO_I_O)
                                                      0.024     2.659 r  axi_clk_IBUF_BUFG_inst/O
    X2Y1 (CLOCK_ROOT)    net (fo=2187, routed)        2.321     4.980    backBuffer/U0/inst_fifo_gen/gaxis_fifo.gaxisf.axisf/grf.rf/gntv_or_sync_fifo.mem/s_aclk
    SLICE_X40Y125        FDRE                                         r  backBuffer/U0/inst_fifo_gen/gaxis_fifo.gaxisf.axisf/grf.rf/gntv_or_sync_fifo.mem/goreg_bm.dout_i_reg[37]/C

Slack:                    inf
  Source:                 m_axis_tready
                            (input port)
  Destination:            backBuffer/U0/inst_fifo_gen/gaxis_fifo.gaxisf.axisf/grf.rf/gntv_or_sync_fifo.mem/goreg_bm.dout_i_reg[31]/CE
                            (rising edge-triggered cell FDRE clocked by ref_clk  {rise@0.000ns fall@1.666ns period=3.333ns})
  Path Group:             (none)
  Path Type:              Setup (Max at Slow Process Corner)
  Data Path Delay:        4.126ns  (logic 0.628ns (15.216%)  route 3.498ns (84.784%))
  Logic Levels:           3  (IBUFCTRL=1 INBUF=1 LUT5=1)
  Clock Path Skew:        4.980ns (DCD - SCD + CPR)
    Destination Clock Delay (DCD):    4.980ns
    Source Clock Delay      (SCD):    0.000ns
    Clock Pessimism Removal (CPR):    0.000ns
  Clock Uncertainty:      0.025ns  ((TSJ^2 + TIJ^2)^1/2 + DJ) / 2 + PE
    Total System Jitter     (TSJ):    0.050ns
    Total Input Jitter      (TIJ):    0.000ns
    Discrete Jitter          (DJ):    0.000ns
    Phase Error              (PE):    0.000ns
  Clock Net Delay (Destination): 2.321ns (routing 1.468ns, distribution 0.853ns)

    Location             Delay type                Incr(ns)  Path(ns)    Netlist Resource(s)
  -------------------------------------------------------------------    -------------------
    AG10                                              0.000     0.000 r  m_axis_tready (IN)
                         net (fo=0)                   0.000     0.000    m_axis_tready_IBUF_inst/I
    AG10                 INBUF (Prop_INBUF_HPIOB_M_PAD_O)
                                                      0.529     0.529 r  m_axis_tready_IBUF_inst/INBUF_INST/O
                         net (fo=1, routed)           0.000     0.529    m_axis_tready_IBUF_inst/OUT
    AG10                 IBUFCTRL (Prop_IBUFCTRL_HPIOB_M_I_O)
                                                      0.000     0.529 r  m_axis_tready_IBUF_inst/IBUFCTRL_INST/O
                         net (fo=13, routed)          2.276     2.805    backBuffer/U0/inst_fifo_gen/gaxis_fifo.gaxisf.axisf/grf.rf/gntv_or_sync_fifo.gl0.rd/gr1.gr1_int.rfwft/m_axis_tready
    SLICE_X45Y101        LUT5 (Prop_H6LUT_SLICEL_I0_O)
                                                      0.099     2.904 r  backBuffer/U0/inst_fifo_gen/gaxis_fifo.gaxisf.axisf/grf.rf/gntv_or_sync_fifo.gl0.rd/gr1.gr1_int.rfwft/goreg_bm.dout_i[127]_i_1/O
                         net (fo=128, routed)         1.223     4.126    backBuffer/U0/inst_fifo_gen/gaxis_fifo.gaxisf.axisf/grf.rf/gntv_or_sync_fifo.mem/goreg_bm.dout_i_reg[127]_0[0]
    SLICE_X40Y125        FDRE                                         r  backBuffer/U0/inst_fifo_gen/gaxis_fifo.gaxisf.axisf/grf.rf/gntv_or_sync_fifo.mem/goreg_bm.dout_i_reg[31]/CE
  -------------------------------------------------------------------    -------------------

                         (clock ref_clk rise edge)    0.000     0.000 r  
    AG5                                               0.000     0.000 r  axi_clk (IN)
                         net (fo=0)                   0.000     0.000    axi_clk_IBUF_inst/I
    AG5                  INBUF (Prop_INBUF_HPIOB_M_PAD_O)
                                                      0.271     0.271 r  axi_clk_IBUF_inst/INBUF_INST/O
                         net (fo=1, routed)           0.000     0.271    axi_clk_IBUF_inst/OUT
    AG5                  IBUFCTRL (Prop_IBUFCTRL_HPIOB_M_I_O)
                                                      0.000     0.271 r  axi_clk_IBUF_inst/IBUFCTRL_INST/O
                         net (fo=1, routed)           2.364     2.635    axi_clk_IBUF
    BUFGCE_HDIO_X0Y8     BUFGCE (Prop_BUFCE_BUFGCE_HDIO_I_O)
                                                      0.024     2.659 r  axi_clk_IBUF_BUFG_inst/O
    X2Y1 (CLOCK_ROOT)    net (fo=2187, routed)        2.321     4.980    backBuffer/U0/inst_fifo_gen/gaxis_fifo.gaxisf.axisf/grf.rf/gntv_or_sync_fifo.mem/s_aclk
    SLICE_X40Y125        FDRE                                         r  backBuffer/U0/inst_fifo_gen/gaxis_fifo.gaxisf.axisf/grf.rf/gntv_or_sync_fifo.mem/goreg_bm.dout_i_reg[31]/C

Slack:                    inf
  Source:                 m_axis_tready
                            (input port)
  Destination:            backBuffer/U0/inst_fifo_gen/gaxis_fifo.gaxisf.axisf/grf.rf/gntv_or_sync_fifo.mem/goreg_bm.dout_i_reg[35]/CE
                            (rising edge-triggered cell FDRE clocked by ref_clk  {rise@0.000ns fall@1.666ns period=3.333ns})
  Path Group:             (none)
  Path Type:              Setup (Max at Slow Process Corner)
  Data Path Delay:        4.126ns  (logic 0.628ns (15.216%)  route 3.498ns (84.784%))
  Logic Levels:           3  (IBUFCTRL=1 INBUF=1 LUT5=1)
  Clock Path Skew:        4.980ns (DCD - SCD + CPR)
    Destination Clock Delay (DCD):    4.980ns
    Source Clock Delay      (SCD):    0.000ns
    Clock Pessimism Removal (CPR):    0.000ns
  Clock Uncertainty:      0.025ns  ((TSJ^2 + TIJ^2)^1/2 + DJ) / 2 + PE
    Total System Jitter     (TSJ):    0.050ns
    Total Input Jitter      (TIJ):    0.000ns
    Discrete Jitter          (DJ):    0.000ns
    Phase Error              (PE):    0.000ns
  Clock Net Delay (Destination): 2.321ns (routing 1.468ns, distribution 0.853ns)

    Location             Delay type                Incr(ns)  Path(ns)    Netlist Resource(s)
  -------------------------------------------------------------------    -------------------
    AG10                                              0.000     0.000 r  m_axis_tready (IN)
                         net (fo=0)                   0.000     0.000    m_axis_tready_IBUF_inst/I
    AG10                 INBUF (Prop_INBUF_HPIOB_M_PAD_O)
                                                      0.529     0.529 r  m_axis_tready_IBUF_inst/INBUF_INST/O
                         net (fo=1, routed)           0.000     0.529    m_axis_tready_IBUF_inst/OUT
    AG10                 IBUFCTRL (Prop_IBUFCTRL_HPIOB_M_I_O)
                                                      0.000     0.529 r  m_axis_tready_IBUF_inst/IBUFCTRL_INST/O
                         net (fo=13, routed)          2.276     2.805    backBuffer/U0/inst_fifo_gen/gaxis_fifo.gaxisf.axisf/grf.rf/gntv_or_sync_fifo.gl0.rd/gr1.gr1_int.rfwft/m_axis_tready
    SLICE_X45Y101        LUT5 (Prop_H6LUT_SLICEL_I0_O)
                                                      0.099     2.904 r  backBuffer/U0/inst_fifo_gen/gaxis_fifo.gaxisf.axisf/grf.rf/gntv_or_sync_fifo.gl0.rd/gr1.gr1_int.rfwft/goreg_bm.dout_i[127]_i_1/O
                         net (fo=128, routed)         1.223     4.126    backBuffer/U0/inst_fifo_gen/gaxis_fifo.gaxisf.axisf/grf.rf/gntv_or_sync_fifo.mem/goreg_bm.dout_i_reg[127]_0[0]
    SLICE_X40Y125        FDRE                                         r  backBuffer/U0/inst_fifo_gen/gaxis_fifo.gaxisf.axisf/grf.rf/gntv_or_sync_fifo.mem/goreg_bm.dout_i_reg[35]/CE
  -------------------------------------------------------------------    -------------------

                         (clock ref_clk rise edge)    0.000     0.000 r  
    AG5                                               0.000     0.000 r  axi_clk (IN)
                         net (fo=0)                   0.000     0.000    axi_clk_IBUF_inst/I
    AG5                  INBUF (Prop_INBUF_HPIOB_M_PAD_O)
                                                      0.271     0.271 r  axi_clk_IBUF_inst/INBUF_INST/O
                         net (fo=1, routed)           0.000     0.271    axi_clk_IBUF_inst/OUT
    AG5                  IBUFCTRL (Prop_IBUFCTRL_HPIOB_M_I_O)
                                                      0.000     0.271 r  axi_clk_IBUF_inst/IBUFCTRL_INST/O
                         net (fo=1, routed)           2.364     2.635    axi_clk_IBUF
    BUFGCE_HDIO_X0Y8     BUFGCE (Prop_BUFCE_BUFGCE_HDIO_I_O)
                                                      0.024     2.659 r  axi_clk_IBUF_BUFG_inst/O
    X2Y1 (CLOCK_ROOT)    net (fo=2187, routed)        2.321     4.980    backBuffer/U0/inst_fifo_gen/gaxis_fifo.gaxisf.axisf/grf.rf/gntv_or_sync_fifo.mem/s_aclk
    SLICE_X40Y125        FDRE                                         r  backBuffer/U0/inst_fifo_gen/gaxis_fifo.gaxisf.axisf/grf.rf/gntv_or_sync_fifo.mem/goreg_bm.dout_i_reg[35]/C

Slack:                    inf
  Source:                 m_axis_tready
                            (input port)
  Destination:            backBuffer/U0/inst_fifo_gen/gaxis_fifo.gaxisf.axisf/grf.rf/gntv_or_sync_fifo.mem/goreg_bm.dout_i_reg[16]/CE
                            (rising edge-triggered cell FDRE clocked by ref_clk  {rise@0.000ns fall@1.666ns period=3.333ns})
  Path Group:             (none)
  Path Type:              Setup (Max at Slow Process Corner)
  Data Path Delay:        4.114ns  (logic 0.628ns (15.261%)  route 3.486ns (84.739%))
  Logic Levels:           3  (IBUFCTRL=1 INBUF=1 LUT5=1)
  Clock Path Skew:        4.986ns (DCD - SCD + CPR)
    Destination Clock Delay (DCD):    4.986ns
    Source Clock Delay      (SCD):    0.000ns
    Clock Pessimism Removal (CPR):    0.000ns
  Clock Uncertainty:      0.025ns  ((TSJ^2 + TIJ^2)^1/2 + DJ) / 2 + PE
    Total System Jitter     (TSJ):    0.050ns
    Total Input Jitter      (TIJ):    0.000ns
    Discrete Jitter          (DJ):    0.000ns
    Phase Error              (PE):    0.000ns
  Clock Net Delay (Destination): 2.327ns (routing 1.468ns, distribution 0.859ns)

    Location             Delay type                Incr(ns)  Path(ns)    Netlist Resource(s)
  -------------------------------------------------------------------    -------------------
    AG10                                              0.000     0.000 r  m_axis_tready (IN)
                         net (fo=0)                   0.000     0.000    m_axis_tready_IBUF_inst/I
    AG10                 INBUF (Prop_INBUF_HPIOB_M_PAD_O)
                                                      0.529     0.529 r  m_axis_tready_IBUF_inst/INBUF_INST/O
                         net (fo=1, routed)           0.000     0.529    m_axis_tready_IBUF_inst/OUT
    AG10                 IBUFCTRL (Prop_IBUFCTRL_HPIOB_M_I_O)
                                                      0.000     0.529 r  m_axis_tready_IBUF_inst/IBUFCTRL_INST/O
                         net (fo=13, routed)          2.276     2.805    backBuffer/U0/inst_fifo_gen/gaxis_fifo.gaxisf.axisf/grf.rf/gntv_or_sync_fifo.gl0.rd/gr1.gr1_int.rfwft/m_axis_tready
    SLICE_X45Y101        LUT5 (Prop_H6LUT_SLICEL_I0_O)
                                                      0.099     2.904 r  backBuffer/U0/inst_fifo_gen/gaxis_fifo.gaxisf.axisf/grf.rf/gntv_or_sync_fifo.gl0.rd/gr1.gr1_int.rfwft/goreg_bm.dout_i[127]_i_1/O
                         net (fo=128, routed)         1.210     4.114    backBuffer/U0/inst_fifo_gen/gaxis_fifo.gaxisf.axisf/grf.rf/gntv_or_sync_fifo.mem/goreg_bm.dout_i_reg[127]_0[0]
    SLICE_X40Y122        FDRE                                         r  backBuffer/U0/inst_fifo_gen/gaxis_fifo.gaxisf.axisf/grf.rf/gntv_or_sync_fifo.mem/goreg_bm.dout_i_reg[16]/CE
  -------------------------------------------------------------------    -------------------

                         (clock ref_clk rise edge)    0.000     0.000 r  
    AG5                                               0.000     0.000 r  axi_clk (IN)
                         net (fo=0)                   0.000     0.000    axi_clk_IBUF_inst/I
    AG5                  INBUF (Prop_INBUF_HPIOB_M_PAD_O)
                                                      0.271     0.271 r  axi_clk_IBUF_inst/INBUF_INST/O
                         net (fo=1, routed)           0.000     0.271    axi_clk_IBUF_inst/OUT
    AG5                  IBUFCTRL (Prop_IBUFCTRL_HPIOB_M_I_O)
                                                      0.000     0.271 r  axi_clk_IBUF_inst/IBUFCTRL_INST/O
                         net (fo=1, routed)           2.364     2.635    axi_clk_IBUF
    BUFGCE_HDIO_X0Y8     BUFGCE (Prop_BUFCE_BUFGCE_HDIO_I_O)
                                                      0.024     2.659 r  axi_clk_IBUF_BUFG_inst/O
    X2Y1 (CLOCK_ROOT)    net (fo=2187, routed)        2.327     4.986    backBuffer/U0/inst_fifo_gen/gaxis_fifo.gaxisf.axisf/grf.rf/gntv_or_sync_fifo.mem/s_aclk
    SLICE_X40Y122        FDRE                                         r  backBuffer/U0/inst_fifo_gen/gaxis_fifo.gaxisf.axisf/grf.rf/gntv_or_sync_fifo.mem/goreg_bm.dout_i_reg[16]/C

Slack:                    inf
  Source:                 m_axis_tready
                            (input port)
  Destination:            backBuffer/U0/inst_fifo_gen/gaxis_fifo.gaxisf.axisf/grf.rf/gntv_or_sync_fifo.mem/goreg_bm.dout_i_reg[18]/CE
                            (rising edge-triggered cell FDRE clocked by ref_clk  {rise@0.000ns fall@1.666ns period=3.333ns})
  Path Group:             (none)
  Path Type:              Setup (Max at Slow Process Corner)
  Data Path Delay:        4.114ns  (logic 0.628ns (15.261%)  route 3.486ns (84.739%))
  Logic Levels:           3  (IBUFCTRL=1 INBUF=1 LUT5=1)
  Clock Path Skew:        4.986ns (DCD - SCD + CPR)
    Destination Clock Delay (DCD):    4.986ns
    Source Clock Delay      (SCD):    0.000ns
    Clock Pessimism Removal (CPR):    0.000ns
  Clock Uncertainty:      0.025ns  ((TSJ^2 + TIJ^2)^1/2 + DJ) / 2 + PE
    Total System Jitter     (TSJ):    0.050ns
    Total Input Jitter      (TIJ):    0.000ns
    Discrete Jitter          (DJ):    0.000ns
    Phase Error              (PE):    0.000ns
  Clock Net Delay (Destination): 2.327ns (routing 1.468ns, distribution 0.859ns)

    Location             Delay type                Incr(ns)  Path(ns)    Netlist Resource(s)
  -------------------------------------------------------------------    -------------------
    AG10                                              0.000     0.000 r  m_axis_tready (IN)
                         net (fo=0)                   0.000     0.000    m_axis_tready_IBUF_inst/I
    AG10                 INBUF (Prop_INBUF_HPIOB_M_PAD_O)
                                                      0.529     0.529 r  m_axis_tready_IBUF_inst/INBUF_INST/O
                         net (fo=1, routed)           0.000     0.529    m_axis_tready_IBUF_inst/OUT
    AG10                 IBUFCTRL (Prop_IBUFCTRL_HPIOB_M_I_O)
                                                      0.000     0.529 r  m_axis_tready_IBUF_inst/IBUFCTRL_INST/O
                         net (fo=13, routed)          2.276     2.805    backBuffer/U0/inst_fifo_gen/gaxis_fifo.gaxisf.axisf/grf.rf/gntv_or_sync_fifo.gl0.rd/gr1.gr1_int.rfwft/m_axis_tready
    SLICE_X45Y101        LUT5 (Prop_H6LUT_SLICEL_I0_O)
                                                      0.099     2.904 r  backBuffer/U0/inst_fifo_gen/gaxis_fifo.gaxisf.axisf/grf.rf/gntv_or_sync_fifo.gl0.rd/gr1.gr1_int.rfwft/goreg_bm.dout_i[127]_i_1/O
                         net (fo=128, routed)         1.210     4.114    backBuffer/U0/inst_fifo_gen/gaxis_fifo.gaxisf.axisf/grf.rf/gntv_or_sync_fifo.mem/goreg_bm.dout_i_reg[127]_0[0]
    SLICE_X40Y122        FDRE                                         r  backBuffer/U0/inst_fifo_gen/gaxis_fifo.gaxisf.axisf/grf.rf/gntv_or_sync_fifo.mem/goreg_bm.dout_i_reg[18]/CE
  -------------------------------------------------------------------    -------------------

                         (clock ref_clk rise edge)    0.000     0.000 r  
    AG5                                               0.000     0.000 r  axi_clk (IN)
                         net (fo=0)                   0.000     0.000    axi_clk_IBUF_inst/I
    AG5                  INBUF (Prop_INBUF_HPIOB_M_PAD_O)
                                                      0.271     0.271 r  axi_clk_IBUF_inst/INBUF_INST/O
                         net (fo=1, routed)           0.000     0.271    axi_clk_IBUF_inst/OUT
    AG5                  IBUFCTRL (Prop_IBUFCTRL_HPIOB_M_I_O)
                                                      0.000     0.271 r  axi_clk_IBUF_inst/IBUFCTRL_INST/O
                         net (fo=1, routed)           2.364     2.635    axi_clk_IBUF
    BUFGCE_HDIO_X0Y8     BUFGCE (Prop_BUFCE_BUFGCE_HDIO_I_O)
                                                      0.024     2.659 r  axi_clk_IBUF_BUFG_inst/O
    X2Y1 (CLOCK_ROOT)    net (fo=2187, routed)        2.327     4.986    backBuffer/U0/inst_fifo_gen/gaxis_fifo.gaxisf.axisf/grf.rf/gntv_or_sync_fifo.mem/s_aclk
    SLICE_X40Y122        FDRE                                         r  backBuffer/U0/inst_fifo_gen/gaxis_fifo.gaxisf.axisf/grf.rf/gntv_or_sync_fifo.mem/goreg_bm.dout_i_reg[18]/C

Slack:                    inf
  Source:                 m_axis_tready
                            (input port)
  Destination:            backBuffer/U0/inst_fifo_gen/gaxis_fifo.gaxisf.axisf/grf.rf/gntv_or_sync_fifo.mem/goreg_bm.dout_i_reg[19]/CE
                            (rising edge-triggered cell FDRE clocked by ref_clk  {rise@0.000ns fall@1.666ns period=3.333ns})
  Path Group:             (none)
  Path Type:              Setup (Max at Slow Process Corner)
  Data Path Delay:        4.114ns  (logic 0.628ns (15.261%)  route 3.486ns (84.739%))
  Logic Levels:           3  (IBUFCTRL=1 INBUF=1 LUT5=1)
  Clock Path Skew:        4.986ns (DCD - SCD + CPR)
    Destination Clock Delay (DCD):    4.986ns
    Source Clock Delay      (SCD):    0.000ns
    Clock Pessimism Removal (CPR):    0.000ns
  Clock Uncertainty:      0.025ns  ((TSJ^2 + TIJ^2)^1/2 + DJ) / 2 + PE
    Total System Jitter     (TSJ):    0.050ns
    Total Input Jitter      (TIJ):    0.000ns
    Discrete Jitter          (DJ):    0.000ns
    Phase Error              (PE):    0.000ns
  Clock Net Delay (Destination): 2.327ns (routing 1.468ns, distribution 0.859ns)

    Location             Delay type                Incr(ns)  Path(ns)    Netlist Resource(s)
  -------------------------------------------------------------------    -------------------
    AG10                                              0.000     0.000 r  m_axis_tready (IN)
                         net (fo=0)                   0.000     0.000    m_axis_tready_IBUF_inst/I
    AG10                 INBUF (Prop_INBUF_HPIOB_M_PAD_O)
                                                      0.529     0.529 r  m_axis_tready_IBUF_inst/INBUF_INST/O
                         net (fo=1, routed)           0.000     0.529    m_axis_tready_IBUF_inst/OUT
    AG10                 IBUFCTRL (Prop_IBUFCTRL_HPIOB_M_I_O)
                                                      0.000     0.529 r  m_axis_tready_IBUF_inst/IBUFCTRL_INST/O
                         net (fo=13, routed)          2.276     2.805    backBuffer/U0/inst_fifo_gen/gaxis_fifo.gaxisf.axisf/grf.rf/gntv_or_sync_fifo.gl0.rd/gr1.gr1_int.rfwft/m_axis_tready
    SLICE_X45Y101        LUT5 (Prop_H6LUT_SLICEL_I0_O)
                                                      0.099     2.904 r  backBuffer/U0/inst_fifo_gen/gaxis_fifo.gaxisf.axisf/grf.rf/gntv_or_sync_fifo.gl0.rd/gr1.gr1_int.rfwft/goreg_bm.dout_i[127]_i_1/O
                         net (fo=128, routed)         1.210     4.114    backBuffer/U0/inst_fifo_gen/gaxis_fifo.gaxisf.axisf/grf.rf/gntv_or_sync_fifo.mem/goreg_bm.dout_i_reg[127]_0[0]
    SLICE_X40Y122        FDRE                                         r  backBuffer/U0/inst_fifo_gen/gaxis_fifo.gaxisf.axisf/grf.rf/gntv_or_sync_fifo.mem/goreg_bm.dout_i_reg[19]/CE
  -------------------------------------------------------------------    -------------------

                         (clock ref_clk rise edge)    0.000     0.000 r  
    AG5                                               0.000     0.000 r  axi_clk (IN)
                         net (fo=0)                   0.000     0.000    axi_clk_IBUF_inst/I
    AG5                  INBUF (Prop_INBUF_HPIOB_M_PAD_O)
                                                      0.271     0.271 r  axi_clk_IBUF_inst/INBUF_INST/O
                         net (fo=1, routed)           0.000     0.271    axi_clk_IBUF_inst/OUT
    AG5                  IBUFCTRL (Prop_IBUFCTRL_HPIOB_M_I_O)
                                                      0.000     0.271 r  axi_clk_IBUF_inst/IBUFCTRL_INST/O
                         net (fo=1, routed)           2.364     2.635    axi_clk_IBUF
    BUFGCE_HDIO_X0Y8     BUFGCE (Prop_BUFCE_BUFGCE_HDIO_I_O)
                                                      0.024     2.659 r  axi_clk_IBUF_BUFG_inst/O
    X2Y1 (CLOCK_ROOT)    net (fo=2187, routed)        2.327     4.986    backBuffer/U0/inst_fifo_gen/gaxis_fifo.gaxisf.axisf/grf.rf/gntv_or_sync_fifo.mem/s_aclk
    SLICE_X40Y122        FDRE                                         r  backBuffer/U0/inst_fifo_gen/gaxis_fifo.gaxisf.axisf/grf.rf/gntv_or_sync_fifo.mem/goreg_bm.dout_i_reg[19]/C

Slack:                    inf
  Source:                 m_axis_tready
                            (input port)
  Destination:            backBuffer/U0/inst_fifo_gen/gaxis_fifo.gaxisf.axisf/grf.rf/gntv_or_sync_fifo.mem/goreg_bm.dout_i_reg[20]/CE
                            (rising edge-triggered cell FDRE clocked by ref_clk  {rise@0.000ns fall@1.666ns period=3.333ns})
  Path Group:             (none)
  Path Type:              Setup (Max at Slow Process Corner)
  Data Path Delay:        4.114ns  (logic 0.628ns (15.261%)  route 3.486ns (84.739%))
  Logic Levels:           3  (IBUFCTRL=1 INBUF=1 LUT5=1)
  Clock Path Skew:        4.986ns (DCD - SCD + CPR)
    Destination Clock Delay (DCD):    4.986ns
    Source Clock Delay      (SCD):    0.000ns
    Clock Pessimism Removal (CPR):    0.000ns
  Clock Uncertainty:      0.025ns  ((TSJ^2 + TIJ^2)^1/2 + DJ) / 2 + PE
    Total System Jitter     (TSJ):    0.050ns
    Total Input Jitter      (TIJ):    0.000ns
    Discrete Jitter          (DJ):    0.000ns
    Phase Error              (PE):    0.000ns
  Clock Net Delay (Destination): 2.327ns (routing 1.468ns, distribution 0.859ns)

    Location             Delay type                Incr(ns)  Path(ns)    Netlist Resource(s)
  -------------------------------------------------------------------    -------------------
    AG10                                              0.000     0.000 r  m_axis_tready (IN)
                         net (fo=0)                   0.000     0.000    m_axis_tready_IBUF_inst/I
    AG10                 INBUF (Prop_INBUF_HPIOB_M_PAD_O)
                                                      0.529     0.529 r  m_axis_tready_IBUF_inst/INBUF_INST/O
                         net (fo=1, routed)           0.000     0.529    m_axis_tready_IBUF_inst/OUT
    AG10                 IBUFCTRL (Prop_IBUFCTRL_HPIOB_M_I_O)
                                                      0.000     0.529 r  m_axis_tready_IBUF_inst/IBUFCTRL_INST/O
                         net (fo=13, routed)          2.276     2.805    backBuffer/U0/inst_fifo_gen/gaxis_fifo.gaxisf.axisf/grf.rf/gntv_or_sync_fifo.gl0.rd/gr1.gr1_int.rfwft/m_axis_tready
    SLICE_X45Y101        LUT5 (Prop_H6LUT_SLICEL_I0_O)
                                                      0.099     2.904 r  backBuffer/U0/inst_fifo_gen/gaxis_fifo.gaxisf.axisf/grf.rf/gntv_or_sync_fifo.gl0.rd/gr1.gr1_int.rfwft/goreg_bm.dout_i[127]_i_1/O
                         net (fo=128, routed)         1.210     4.114    backBuffer/U0/inst_fifo_gen/gaxis_fifo.gaxisf.axisf/grf.rf/gntv_or_sync_fifo.mem/goreg_bm.dout_i_reg[127]_0[0]
    SLICE_X40Y122        FDRE                                         r  backBuffer/U0/inst_fifo_gen/gaxis_fifo.gaxisf.axisf/grf.rf/gntv_or_sync_fifo.mem/goreg_bm.dout_i_reg[20]/CE
  -------------------------------------------------------------------    -------------------

                         (clock ref_clk rise edge)    0.000     0.000 r  
    AG5                                               0.000     0.000 r  axi_clk (IN)
                         net (fo=0)                   0.000     0.000    axi_clk_IBUF_inst/I
    AG5                  INBUF (Prop_INBUF_HPIOB_M_PAD_O)
                                                      0.271     0.271 r  axi_clk_IBUF_inst/INBUF_INST/O
                         net (fo=1, routed)           0.000     0.271    axi_clk_IBUF_inst/OUT
    AG5                  IBUFCTRL (Prop_IBUFCTRL_HPIOB_M_I_O)
                                                      0.000     0.271 r  axi_clk_IBUF_inst/IBUFCTRL_INST/O
                         net (fo=1, routed)           2.364     2.635    axi_clk_IBUF
    BUFGCE_HDIO_X0Y8     BUFGCE (Prop_BUFCE_BUFGCE_HDIO_I_O)
                                                      0.024     2.659 r  axi_clk_IBUF_BUFG_inst/O
    X2Y1 (CLOCK_ROOT)    net (fo=2187, routed)        2.327     4.986    backBuffer/U0/inst_fifo_gen/gaxis_fifo.gaxisf.axisf/grf.rf/gntv_or_sync_fifo.mem/s_aclk
    SLICE_X40Y122        FDRE                                         r  backBuffer/U0/inst_fifo_gen/gaxis_fifo.gaxisf.axisf/grf.rf/gntv_or_sync_fifo.mem/goreg_bm.dout_i_reg[20]/C

Slack:                    inf
  Source:                 m_axis_tready
                            (input port)
  Destination:            backBuffer/U0/inst_fifo_gen/gaxis_fifo.gaxisf.axisf/grf.rf/gntv_or_sync_fifo.mem/goreg_bm.dout_i_reg[39]/CE
                            (rising edge-triggered cell FDRE clocked by ref_clk  {rise@0.000ns fall@1.666ns period=3.333ns})
  Path Group:             (none)
  Path Type:              Setup (Max at Slow Process Corner)
  Data Path Delay:        4.051ns  (logic 0.628ns (15.499%)  route 3.423ns (84.501%))
  Logic Levels:           3  (IBUFCTRL=1 INBUF=1 LUT5=1)
  Clock Path Skew:        4.985ns (DCD - SCD + CPR)
    Destination Clock Delay (DCD):    4.985ns
    Source Clock Delay      (SCD):    0.000ns
    Clock Pessimism Removal (CPR):    0.000ns
  Clock Uncertainty:      0.025ns  ((TSJ^2 + TIJ^2)^1/2 + DJ) / 2 + PE
    Total System Jitter     (TSJ):    0.050ns
    Total Input Jitter      (TIJ):    0.000ns
    Discrete Jitter          (DJ):    0.000ns
    Phase Error              (PE):    0.000ns
  Clock Net Delay (Destination): 2.326ns (routing 1.468ns, distribution 0.858ns)

    Location             Delay type                Incr(ns)  Path(ns)    Netlist Resource(s)
  -------------------------------------------------------------------    -------------------
    AG10                                              0.000     0.000 r  m_axis_tready (IN)
                         net (fo=0)                   0.000     0.000    m_axis_tready_IBUF_inst/I
    AG10                 INBUF (Prop_INBUF_HPIOB_M_PAD_O)
                                                      0.529     0.529 r  m_axis_tready_IBUF_inst/INBUF_INST/O
                         net (fo=1, routed)           0.000     0.529    m_axis_tready_IBUF_inst/OUT
    AG10                 IBUFCTRL (Prop_IBUFCTRL_HPIOB_M_I_O)
                                                      0.000     0.529 r  m_axis_tready_IBUF_inst/IBUFCTRL_INST/O
                         net (fo=13, routed)          2.276     2.805    backBuffer/U0/inst_fifo_gen/gaxis_fifo.gaxisf.axisf/grf.rf/gntv_or_sync_fifo.gl0.rd/gr1.gr1_int.rfwft/m_axis_tready
    SLICE_X45Y101        LUT5 (Prop_H6LUT_SLICEL_I0_O)
                                                      0.099     2.904 r  backBuffer/U0/inst_fifo_gen/gaxis_fifo.gaxisf.axisf/grf.rf/gntv_or_sync_fifo.gl0.rd/gr1.gr1_int.rfwft/goreg_bm.dout_i[127]_i_1/O
                         net (fo=128, routed)         1.147     4.051    backBuffer/U0/inst_fifo_gen/gaxis_fifo.gaxisf.axisf/grf.rf/gntv_or_sync_fifo.mem/goreg_bm.dout_i_reg[127]_0[0]
    SLICE_X40Y126        FDRE                                         r  backBuffer/U0/inst_fifo_gen/gaxis_fifo.gaxisf.axisf/grf.rf/gntv_or_sync_fifo.mem/goreg_bm.dout_i_reg[39]/CE
  -------------------------------------------------------------------    -------------------

                         (clock ref_clk rise edge)    0.000     0.000 r  
    AG5                                               0.000     0.000 r  axi_clk (IN)
                         net (fo=0)                   0.000     0.000    axi_clk_IBUF_inst/I
    AG5                  INBUF (Prop_INBUF_HPIOB_M_PAD_O)
                                                      0.271     0.271 r  axi_clk_IBUF_inst/INBUF_INST/O
                         net (fo=1, routed)           0.000     0.271    axi_clk_IBUF_inst/OUT
    AG5                  IBUFCTRL (Prop_IBUFCTRL_HPIOB_M_I_O)
                                                      0.000     0.271 r  axi_clk_IBUF_inst/IBUFCTRL_INST/O
                         net (fo=1, routed)           2.364     2.635    axi_clk_IBUF
    BUFGCE_HDIO_X0Y8     BUFGCE (Prop_BUFCE_BUFGCE_HDIO_I_O)
                                                      0.024     2.659 r  axi_clk_IBUF_BUFG_inst/O
    X2Y1 (CLOCK_ROOT)    net (fo=2187, routed)        2.326     4.985    backBuffer/U0/inst_fifo_gen/gaxis_fifo.gaxisf.axisf/grf.rf/gntv_or_sync_fifo.mem/s_aclk
    SLICE_X40Y126        FDRE                                         r  backBuffer/U0/inst_fifo_gen/gaxis_fifo.gaxisf.axisf/grf.rf/gntv_or_sync_fifo.mem/goreg_bm.dout_i_reg[39]/C

Slack:                    inf
  Source:                 m_axis_tready
                            (input port)
  Destination:            backBuffer/U0/inst_fifo_gen/gaxis_fifo.gaxisf.axisf/grf.rf/gntv_or_sync_fifo.mem/goreg_bm.dout_i_reg[27]/CE
                            (rising edge-triggered cell FDRE clocked by ref_clk  {rise@0.000ns fall@1.666ns period=3.333ns})
  Path Group:             (none)
  Path Type:              Setup (Max at Slow Process Corner)
  Data Path Delay:        4.042ns  (logic 0.628ns (15.535%)  route 3.414ns (84.465%))
  Logic Levels:           3  (IBUFCTRL=1 INBUF=1 LUT5=1)
  Clock Path Skew:        4.976ns (DCD - SCD + CPR)
    Destination Clock Delay (DCD):    4.976ns
    Source Clock Delay      (SCD):    0.000ns
    Clock Pessimism Removal (CPR):    0.000ns
  Clock Uncertainty:      0.025ns  ((TSJ^2 + TIJ^2)^1/2 + DJ) / 2 + PE
    Total System Jitter     (TSJ):    0.050ns
    Total Input Jitter      (TIJ):    0.000ns
    Discrete Jitter          (DJ):    0.000ns
    Phase Error              (PE):    0.000ns
  Clock Net Delay (Destination): 2.317ns (routing 1.468ns, distribution 0.849ns)

    Location             Delay type                Incr(ns)  Path(ns)    Netlist Resource(s)
  -------------------------------------------------------------------    -------------------
    AG10                                              0.000     0.000 r  m_axis_tready (IN)
                         net (fo=0)                   0.000     0.000    m_axis_tready_IBUF_inst/I
    AG10                 INBUF (Prop_INBUF_HPIOB_M_PAD_O)
                                                      0.529     0.529 r  m_axis_tready_IBUF_inst/INBUF_INST/O
                         net (fo=1, routed)           0.000     0.529    m_axis_tready_IBUF_inst/OUT
    AG10                 IBUFCTRL (Prop_IBUFCTRL_HPIOB_M_I_O)
                                                      0.000     0.529 r  m_axis_tready_IBUF_inst/IBUFCTRL_INST/O
                         net (fo=13, routed)          2.276     2.805    backBuffer/U0/inst_fifo_gen/gaxis_fifo.gaxisf.axisf/grf.rf/gntv_or_sync_fifo.gl0.rd/gr1.gr1_int.rfwft/m_axis_tready
    SLICE_X45Y101        LUT5 (Prop_H6LUT_SLICEL_I0_O)
                                                      0.099     2.904 r  backBuffer/U0/inst_fifo_gen/gaxis_fifo.gaxisf.axisf/grf.rf/gntv_or_sync_fifo.gl0.rd/gr1.gr1_int.rfwft/goreg_bm.dout_i[127]_i_1/O
                         net (fo=128, routed)         1.138     4.042    backBuffer/U0/inst_fifo_gen/gaxis_fifo.gaxisf.axisf/grf.rf/gntv_or_sync_fifo.mem/goreg_bm.dout_i_reg[127]_0[0]
    SLICE_X41Y133        FDRE                                         r  backBuffer/U0/inst_fifo_gen/gaxis_fifo.gaxisf.axisf/grf.rf/gntv_or_sync_fifo.mem/goreg_bm.dout_i_reg[27]/CE
  -------------------------------------------------------------------    -------------------

                         (clock ref_clk rise edge)    0.000     0.000 r  
    AG5                                               0.000     0.000 r  axi_clk (IN)
                         net (fo=0)                   0.000     0.000    axi_clk_IBUF_inst/I
    AG5                  INBUF (Prop_INBUF_HPIOB_M_PAD_O)
                                                      0.271     0.271 r  axi_clk_IBUF_inst/INBUF_INST/O
                         net (fo=1, routed)           0.000     0.271    axi_clk_IBUF_inst/OUT
    AG5                  IBUFCTRL (Prop_IBUFCTRL_HPIOB_M_I_O)
                                                      0.000     0.271 r  axi_clk_IBUF_inst/IBUFCTRL_INST/O
                         net (fo=1, routed)           2.364     2.635    axi_clk_IBUF
    BUFGCE_HDIO_X0Y8     BUFGCE (Prop_BUFCE_BUFGCE_HDIO_I_O)
                                                      0.024     2.659 r  axi_clk_IBUF_BUFG_inst/O
    X2Y1 (CLOCK_ROOT)    net (fo=2187, routed)        2.317     4.976    backBuffer/U0/inst_fifo_gen/gaxis_fifo.gaxisf.axisf/grf.rf/gntv_or_sync_fifo.mem/s_aclk
    SLICE_X41Y133        FDRE                                         r  backBuffer/U0/inst_fifo_gen/gaxis_fifo.gaxisf.axisf/grf.rf/gntv_or_sync_fifo.mem/goreg_bm.dout_i_reg[27]/C





Min Delay Paths
--------------------------------------------------------------------------------------
Slack:                    inf
  Source:                 core_calculator/pe8/DSP_Requant/U0/i_synth/i_synth_option.i_synth_model/opt_8series.i_uniwrap/i_primitive/DSP_C_DATA_INST/C_DATA[34]
                            (internal pin)
  Destination:            core_calculator/pe8/o_result_reg[4]/R
                            (rising edge-triggered cell FDRE clocked by ref_clk  {rise@0.000ns fall@1.666ns period=3.333ns})
  Path Group:             (none)
  Path Type:              Hold (Min at Fast Process Corner)
  Data Path Delay:        0.220ns  (logic 0.132ns (60.117%)  route 0.088ns (39.883%))
  Logic Levels:           2  (DSP_ALU=1 DSP_OUTPUT=1)
  Clock Uncertainty:      0.025ns  ((TSJ^2 + TIJ^2)^1/2 + DJ) / 2 + PE
    Total System Jitter     (TSJ):    0.050ns
    Total Input Jitter      (TIJ):    0.000ns
    Discrete Jitter          (DJ):    0.000ns
    Phase Error              (PE):    0.000ns
  Clock Net Delay (Destination): 1.597ns (routing 1.001ns, distribution 0.596ns)

    Location             Delay type                Incr(ns)  Path(ns)    Netlist Resource(s)
  -------------------------------------------------------------------    -------------------
    DSP48E2_X7Y29        DSP_C_DATA                   0.000     0.000 r  core_calculator/pe8/DSP_Requant/U0/i_synth/i_synth_option.i_synth_model/opt_8series.i_uniwrap/i_primitive/DSP_C_DATA_INST/C_DATA[34]
                         net (fo=2, routed)           0.000     0.000    core_calculator/pe8/DSP_Requant/U0/i_synth/i_synth_option.i_synth_model/opt_8series.i_uniwrap/i_primitive/DSP_C_DATA.C_DATA<34>
    DSP48E2_X7Y29        DSP_ALU (Prop_DSP_ALU_DSP48E2_C_DATA[34]_ALU_OUT[34])
                                                      0.102     0.102 f  core_calculator/pe8/DSP_Requant/U0/i_synth/i_synth_option.i_synth_model/opt_8series.i_uniwrap/i_primitive/DSP_ALU_INST/ALU_OUT[34]
                         net (fo=1, routed)           0.000     0.102    core_calculator/pe8/DSP_Requant/U0/i_synth/i_synth_option.i_synth_model/opt_8series.i_uniwrap/i_primitive/DSP_ALU.ALU_OUT<34>
    DSP48E2_X7Y29        DSP_OUTPUT (Prop_DSP_OUTPUT_DSP48E2_ALU_OUT[34]_P[34])
                                                      0.030     0.132 r  core_calculator/pe8/DSP_Requant/U0/i_synth/i_synth_option.i_synth_model/opt_8series.i_uniwrap/i_primitive/DSP_OUTPUT_INST/P[34]
                         net (fo=9, routed)           0.088     0.220    core_calculator/pe8/requant_dsp_out[34]
    SLICE_X40Y74         FDRE                                         r  core_calculator/pe8/o_result_reg[4]/R
  -------------------------------------------------------------------    -------------------

                         (clock ref_clk rise edge)    0.000     0.000 r  
    AG5                                               0.000     0.000 r  axi_clk (IN)
                         net (fo=0)                   0.000     0.000    axi_clk_IBUF_inst/I
    AG5                  INBUF (Prop_INBUF_HPIOB_M_PAD_O)
                                                      0.341     0.341 r  axi_clk_IBUF_inst/INBUF_INST/O
                         net (fo=1, routed)           0.000     0.341    axi_clk_IBUF_inst/OUT
    AG5                  IBUFCTRL (Prop_IBUFCTRL_HPIOB_M_I_O)
                                                      0.000     0.341 r  axi_clk_IBUF_inst/IBUFCTRL_INST/O
                         net (fo=1, routed)           2.386     2.727    axi_clk_IBUF
    BUFGCE_HDIO_X0Y8     BUFGCE (Prop_BUFCE_BUFGCE_HDIO_I_O)
                                                      0.019     2.746 r  axi_clk_IBUF_BUFG_inst/O
    X2Y1 (CLOCK_ROOT)    net (fo=2187, routed)        1.597     4.343    core_calculator/pe8/axi_clk_IBUF_BUFG
    SLICE_X40Y74         FDRE                                         r  core_calculator/pe8/o_result_reg[4]/C

Slack:                    inf
  Source:                 core_calculator/pe8/DSP_Requant/U0/i_synth/i_synth_option.i_synth_model/opt_8series.i_uniwrap/i_primitive/DSP_C_DATA_INST/C_DATA[34]
                            (internal pin)
  Destination:            core_calculator/pe8/o_result_reg[5]/R
                            (rising edge-triggered cell FDRE clocked by ref_clk  {rise@0.000ns fall@1.666ns period=3.333ns})
  Path Group:             (none)
  Path Type:              Hold (Min at Fast Process Corner)
  Data Path Delay:        0.220ns  (logic 0.132ns (60.117%)  route 0.088ns (39.883%))
  Logic Levels:           2  (DSP_ALU=1 DSP_OUTPUT=1)
  Clock Uncertainty:      0.025ns  ((TSJ^2 + TIJ^2)^1/2 + DJ) / 2 + PE
    Total System Jitter     (TSJ):    0.050ns
    Total Input Jitter      (TIJ):    0.000ns
    Discrete Jitter          (DJ):    0.000ns
    Phase Error              (PE):    0.000ns
  Clock Net Delay (Destination): 1.597ns (routing 1.001ns, distribution 0.596ns)

    Location             Delay type                Incr(ns)  Path(ns)    Netlist Resource(s)
  -------------------------------------------------------------------    -------------------
    DSP48E2_X7Y29        DSP_C_DATA                   0.000     0.000 r  core_calculator/pe8/DSP_Requant/U0/i_synth/i_synth_option.i_synth_model/opt_8series.i_uniwrap/i_primitive/DSP_C_DATA_INST/C_DATA[34]
                         net (fo=2, routed)           0.000     0.000    core_calculator/pe8/DSP_Requant/U0/i_synth/i_synth_option.i_synth_model/opt_8series.i_uniwrap/i_primitive/DSP_C_DATA.C_DATA<34>
    DSP48E2_X7Y29        DSP_ALU (Prop_DSP_ALU_DSP48E2_C_DATA[34]_ALU_OUT[34])
                                                      0.102     0.102 f  core_calculator/pe8/DSP_Requant/U0/i_synth/i_synth_option.i_synth_model/opt_8series.i_uniwrap/i_primitive/DSP_ALU_INST/ALU_OUT[34]
                         net (fo=1, routed)           0.000     0.102    core_calculator/pe8/DSP_Requant/U0/i_synth/i_synth_option.i_synth_model/opt_8series.i_uniwrap/i_primitive/DSP_ALU.ALU_OUT<34>
    DSP48E2_X7Y29        DSP_OUTPUT (Prop_DSP_OUTPUT_DSP48E2_ALU_OUT[34]_P[34])
                                                      0.030     0.132 r  core_calculator/pe8/DSP_Requant/U0/i_synth/i_synth_option.i_synth_model/opt_8series.i_uniwrap/i_primitive/DSP_OUTPUT_INST/P[34]
                         net (fo=9, routed)           0.088     0.220    core_calculator/pe8/requant_dsp_out[34]
    SLICE_X40Y74         FDRE                                         r  core_calculator/pe8/o_result_reg[5]/R
  -------------------------------------------------------------------    -------------------

                         (clock ref_clk rise edge)    0.000     0.000 r  
    AG5                                               0.000     0.000 r  axi_clk (IN)
                         net (fo=0)                   0.000     0.000    axi_clk_IBUF_inst/I
    AG5                  INBUF (Prop_INBUF_HPIOB_M_PAD_O)
                                                      0.341     0.341 r  axi_clk_IBUF_inst/INBUF_INST/O
                         net (fo=1, routed)           0.000     0.341    axi_clk_IBUF_inst/OUT
    AG5                  IBUFCTRL (Prop_IBUFCTRL_HPIOB_M_I_O)
                                                      0.000     0.341 r  axi_clk_IBUF_inst/IBUFCTRL_INST/O
                         net (fo=1, routed)           2.386     2.727    axi_clk_IBUF
    BUFGCE_HDIO_X0Y8     BUFGCE (Prop_BUFCE_BUFGCE_HDIO_I_O)
                                                      0.019     2.746 r  axi_clk_IBUF_BUFG_inst/O
    X2Y1 (CLOCK_ROOT)    net (fo=2187, routed)        1.597     4.343    core_calculator/pe8/axi_clk_IBUF_BUFG
    SLICE_X40Y74         FDRE                                         r  core_calculator/pe8/o_result_reg[5]/C

Slack:                    inf
  Source:                 core_calculator/pe8/DSP_Requant/U0/i_synth/i_synth_option.i_synth_model/opt_8series.i_uniwrap/i_primitive/DSP_C_DATA_INST/C_DATA[34]
                            (internal pin)
  Destination:            core_calculator/pe8/o_result_reg[6]/R
                            (rising edge-triggered cell FDRE clocked by ref_clk  {rise@0.000ns fall@1.666ns period=3.333ns})
  Path Group:             (none)
  Path Type:              Hold (Min at Fast Process Corner)
  Data Path Delay:        0.220ns  (logic 0.132ns (60.117%)  route 0.088ns (39.883%))
  Logic Levels:           2  (DSP_ALU=1 DSP_OUTPUT=1)
  Clock Uncertainty:      0.025ns  ((TSJ^2 + TIJ^2)^1/2 + DJ) / 2 + PE
    Total System Jitter     (TSJ):    0.050ns
    Total Input Jitter      (TIJ):    0.000ns
    Discrete Jitter          (DJ):    0.000ns
    Phase Error              (PE):    0.000ns
  Clock Net Delay (Destination): 1.597ns (routing 1.001ns, distribution 0.596ns)

    Location             Delay type                Incr(ns)  Path(ns)    Netlist Resource(s)
  -------------------------------------------------------------------    -------------------
    DSP48E2_X7Y29        DSP_C_DATA                   0.000     0.000 r  core_calculator/pe8/DSP_Requant/U0/i_synth/i_synth_option.i_synth_model/opt_8series.i_uniwrap/i_primitive/DSP_C_DATA_INST/C_DATA[34]
                         net (fo=2, routed)           0.000     0.000    core_calculator/pe8/DSP_Requant/U0/i_synth/i_synth_option.i_synth_model/opt_8series.i_uniwrap/i_primitive/DSP_C_DATA.C_DATA<34>
    DSP48E2_X7Y29        DSP_ALU (Prop_DSP_ALU_DSP48E2_C_DATA[34]_ALU_OUT[34])
                                                      0.102     0.102 f  core_calculator/pe8/DSP_Requant/U0/i_synth/i_synth_option.i_synth_model/opt_8series.i_uniwrap/i_primitive/DSP_ALU_INST/ALU_OUT[34]
                         net (fo=1, routed)           0.000     0.102    core_calculator/pe8/DSP_Requant/U0/i_synth/i_synth_option.i_synth_model/opt_8series.i_uniwrap/i_primitive/DSP_ALU.ALU_OUT<34>
    DSP48E2_X7Y29        DSP_OUTPUT (Prop_DSP_OUTPUT_DSP48E2_ALU_OUT[34]_P[34])
                                                      0.030     0.132 r  core_calculator/pe8/DSP_Requant/U0/i_synth/i_synth_option.i_synth_model/opt_8series.i_uniwrap/i_primitive/DSP_OUTPUT_INST/P[34]
                         net (fo=9, routed)           0.088     0.220    core_calculator/pe8/requant_dsp_out[34]
    SLICE_X40Y74         FDRE                                         r  core_calculator/pe8/o_result_reg[6]/R
  -------------------------------------------------------------------    -------------------

                         (clock ref_clk rise edge)    0.000     0.000 r  
    AG5                                               0.000     0.000 r  axi_clk (IN)
                         net (fo=0)                   0.000     0.000    axi_clk_IBUF_inst/I
    AG5                  INBUF (Prop_INBUF_HPIOB_M_PAD_O)
                                                      0.341     0.341 r  axi_clk_IBUF_inst/INBUF_INST/O
                         net (fo=1, routed)           0.000     0.341    axi_clk_IBUF_inst/OUT
    AG5                  IBUFCTRL (Prop_IBUFCTRL_HPIOB_M_I_O)
                                                      0.000     0.341 r  axi_clk_IBUF_inst/IBUFCTRL_INST/O
                         net (fo=1, routed)           2.386     2.727    axi_clk_IBUF
    BUFGCE_HDIO_X0Y8     BUFGCE (Prop_BUFCE_BUFGCE_HDIO_I_O)
                                                      0.019     2.746 r  axi_clk_IBUF_BUFG_inst/O
    X2Y1 (CLOCK_ROOT)    net (fo=2187, routed)        1.597     4.343    core_calculator/pe8/axi_clk_IBUF_BUFG
    SLICE_X40Y74         FDRE                                         r  core_calculator/pe8/o_result_reg[6]/C

Slack:                    inf
  Source:                 core_calculator/pe8/DSP_Requant/U0/i_synth/i_synth_option.i_synth_model/opt_8series.i_uniwrap/i_primitive/DSP_C_DATA_INST/C_DATA[34]
                            (internal pin)
  Destination:            core_calculator/pe8/o_result_reg[7]/R
                            (rising edge-triggered cell FDRE clocked by ref_clk  {rise@0.000ns fall@1.666ns period=3.333ns})
  Path Group:             (none)
  Path Type:              Hold (Min at Fast Process Corner)
  Data Path Delay:        0.220ns  (logic 0.132ns (60.117%)  route 0.088ns (39.883%))
  Logic Levels:           2  (DSP_ALU=1 DSP_OUTPUT=1)
  Clock Uncertainty:      0.025ns  ((TSJ^2 + TIJ^2)^1/2 + DJ) / 2 + PE
    Total System Jitter     (TSJ):    0.050ns
    Total Input Jitter      (TIJ):    0.000ns
    Discrete Jitter          (DJ):    0.000ns
    Phase Error              (PE):    0.000ns
  Clock Net Delay (Destination): 1.597ns (routing 1.001ns, distribution 0.596ns)

    Location             Delay type                Incr(ns)  Path(ns)    Netlist Resource(s)
  -------------------------------------------------------------------    -------------------
    DSP48E2_X7Y29        DSP_C_DATA                   0.000     0.000 r  core_calculator/pe8/DSP_Requant/U0/i_synth/i_synth_option.i_synth_model/opt_8series.i_uniwrap/i_primitive/DSP_C_DATA_INST/C_DATA[34]
                         net (fo=2, routed)           0.000     0.000    core_calculator/pe8/DSP_Requant/U0/i_synth/i_synth_option.i_synth_model/opt_8series.i_uniwrap/i_primitive/DSP_C_DATA.C_DATA<34>
    DSP48E2_X7Y29        DSP_ALU (Prop_DSP_ALU_DSP48E2_C_DATA[34]_ALU_OUT[34])
                                                      0.102     0.102 f  core_calculator/pe8/DSP_Requant/U0/i_synth/i_synth_option.i_synth_model/opt_8series.i_uniwrap/i_primitive/DSP_ALU_INST/ALU_OUT[34]
                         net (fo=1, routed)           0.000     0.102    core_calculator/pe8/DSP_Requant/U0/i_synth/i_synth_option.i_synth_model/opt_8series.i_uniwrap/i_primitive/DSP_ALU.ALU_OUT<34>
    DSP48E2_X7Y29        DSP_OUTPUT (Prop_DSP_OUTPUT_DSP48E2_ALU_OUT[34]_P[34])
                                                      0.030     0.132 r  core_calculator/pe8/DSP_Requant/U0/i_synth/i_synth_option.i_synth_model/opt_8series.i_uniwrap/i_primitive/DSP_OUTPUT_INST/P[34]
                         net (fo=9, routed)           0.088     0.220    core_calculator/pe8/requant_dsp_out[34]
    SLICE_X40Y74         FDRE                                         r  core_calculator/pe8/o_result_reg[7]/R
  -------------------------------------------------------------------    -------------------

                         (clock ref_clk rise edge)    0.000     0.000 r  
    AG5                                               0.000     0.000 r  axi_clk (IN)
                         net (fo=0)                   0.000     0.000    axi_clk_IBUF_inst/I
    AG5                  INBUF (Prop_INBUF_HPIOB_M_PAD_O)
                                                      0.341     0.341 r  axi_clk_IBUF_inst/INBUF_INST/O
                         net (fo=1, routed)           0.000     0.341    axi_clk_IBUF_inst/OUT
    AG5                  IBUFCTRL (Prop_IBUFCTRL_HPIOB_M_I_O)
                                                      0.000     0.341 r  axi_clk_IBUF_inst/IBUFCTRL_INST/O
                         net (fo=1, routed)           2.386     2.727    axi_clk_IBUF
    BUFGCE_HDIO_X0Y8     BUFGCE (Prop_BUFCE_BUFGCE_HDIO_I_O)
                                                      0.019     2.746 r  axi_clk_IBUF_BUFG_inst/O
    X2Y1 (CLOCK_ROOT)    net (fo=2187, routed)        1.597     4.343    core_calculator/pe8/axi_clk_IBUF_BUFG
    SLICE_X40Y74         FDRE                                         r  core_calculator/pe8/o_result_reg[7]/C

Slack:                    inf
  Source:                 core_calculator/pe3/DSP_Requant/U0/i_synth/i_synth_option.i_synth_model/opt_8series.i_uniwrap/i_primitive/DSP_C_DATA_INST/C_DATA[34]
                            (internal pin)
  Destination:            core_calculator/pe3/o_result_reg[4]/R
                            (rising edge-triggered cell FDRE clocked by ref_clk  {rise@0.000ns fall@1.666ns period=3.333ns})
  Path Group:             (none)
  Path Type:              Hold (Min at Fast Process Corner)
  Data Path Delay:        0.223ns  (logic 0.132ns (59.142%)  route 0.091ns (40.858%))
  Logic Levels:           2  (DSP_ALU=1 DSP_OUTPUT=1)
  Clock Uncertainty:      0.025ns  ((TSJ^2 + TIJ^2)^1/2 + DJ) / 2 + PE
    Total System Jitter     (TSJ):    0.050ns
    Total Input Jitter      (TIJ):    0.000ns
    Discrete Jitter          (DJ):    0.000ns
    Phase Error              (PE):    0.000ns
  Clock Net Delay (Destination): 1.630ns (routing 1.001ns, distribution 0.629ns)

    Location             Delay type                Incr(ns)  Path(ns)    Netlist Resource(s)
  -------------------------------------------------------------------    -------------------
    DSP48E2_X7Y51        DSP_C_DATA                   0.000     0.000 r  core_calculator/pe3/DSP_Requant/U0/i_synth/i_synth_option.i_synth_model/opt_8series.i_uniwrap/i_primitive/DSP_C_DATA_INST/C_DATA[34]
                         net (fo=2, routed)           0.000     0.000    core_calculator/pe3/DSP_Requant/U0/i_synth/i_synth_option.i_synth_model/opt_8series.i_uniwrap/i_primitive/DSP_C_DATA.C_DATA<34>
    DSP48E2_X7Y51        DSP_ALU (Prop_DSP_ALU_DSP48E2_C_DATA[34]_ALU_OUT[34])
                                                      0.102     0.102 f  core_calculator/pe3/DSP_Requant/U0/i_synth/i_synth_option.i_synth_model/opt_8series.i_uniwrap/i_primitive/DSP_ALU_INST/ALU_OUT[34]
                         net (fo=1, routed)           0.000     0.102    core_calculator/pe3/DSP_Requant/U0/i_synth/i_synth_option.i_synth_model/opt_8series.i_uniwrap/i_primitive/DSP_ALU.ALU_OUT<34>
    DSP48E2_X7Y51        DSP_OUTPUT (Prop_DSP_OUTPUT_DSP48E2_ALU_OUT[34]_P[34])
                                                      0.030     0.132 r  core_calculator/pe3/DSP_Requant/U0/i_synth/i_synth_option.i_synth_model/opt_8series.i_uniwrap/i_primitive/DSP_OUTPUT_INST/P[34]
                         net (fo=9, routed)           0.091     0.223    core_calculator/pe3/requant_dsp_out[34]
    SLICE_X40Y129        FDRE                                         r  core_calculator/pe3/o_result_reg[4]/R
  -------------------------------------------------------------------    -------------------

                         (clock ref_clk rise edge)    0.000     0.000 r  
    AG5                                               0.000     0.000 r  axi_clk (IN)
                         net (fo=0)                   0.000     0.000    axi_clk_IBUF_inst/I
    AG5                  INBUF (Prop_INBUF_HPIOB_M_PAD_O)
                                                      0.341     0.341 r  axi_clk_IBUF_inst/INBUF_INST/O
                         net (fo=1, routed)           0.000     0.341    axi_clk_IBUF_inst/OUT
    AG5                  IBUFCTRL (Prop_IBUFCTRL_HPIOB_M_I_O)
                                                      0.000     0.341 r  axi_clk_IBUF_inst/IBUFCTRL_INST/O
                         net (fo=1, routed)           2.386     2.727    axi_clk_IBUF
    BUFGCE_HDIO_X0Y8     BUFGCE (Prop_BUFCE_BUFGCE_HDIO_I_O)
                                                      0.019     2.746 r  axi_clk_IBUF_BUFG_inst/O
    X2Y1 (CLOCK_ROOT)    net (fo=2187, routed)        1.630     4.376    core_calculator/pe3/axi_clk_IBUF_BUFG
    SLICE_X40Y129        FDRE                                         r  core_calculator/pe3/o_result_reg[4]/C

Slack:                    inf
  Source:                 core_calculator/pe3/DSP_Requant/U0/i_synth/i_synth_option.i_synth_model/opt_8series.i_uniwrap/i_primitive/DSP_C_DATA_INST/C_DATA[34]
                            (internal pin)
  Destination:            core_calculator/pe3/o_result_reg[5]/R
                            (rising edge-triggered cell FDRE clocked by ref_clk  {rise@0.000ns fall@1.666ns period=3.333ns})
  Path Group:             (none)
  Path Type:              Hold (Min at Fast Process Corner)
  Data Path Delay:        0.223ns  (logic 0.132ns (59.142%)  route 0.091ns (40.858%))
  Logic Levels:           2  (DSP_ALU=1 DSP_OUTPUT=1)
  Clock Uncertainty:      0.025ns  ((TSJ^2 + TIJ^2)^1/2 + DJ) / 2 + PE
    Total System Jitter     (TSJ):    0.050ns
    Total Input Jitter      (TIJ):    0.000ns
    Discrete Jitter          (DJ):    0.000ns
    Phase Error              (PE):    0.000ns
  Clock Net Delay (Destination): 1.630ns (routing 1.001ns, distribution 0.629ns)

    Location             Delay type                Incr(ns)  Path(ns)    Netlist Resource(s)
  -------------------------------------------------------------------    -------------------
    DSP48E2_X7Y51        DSP_C_DATA                   0.000     0.000 r  core_calculator/pe3/DSP_Requant/U0/i_synth/i_synth_option.i_synth_model/opt_8series.i_uniwrap/i_primitive/DSP_C_DATA_INST/C_DATA[34]
                         net (fo=2, routed)           0.000     0.000    core_calculator/pe3/DSP_Requant/U0/i_synth/i_synth_option.i_synth_model/opt_8series.i_uniwrap/i_primitive/DSP_C_DATA.C_DATA<34>
    DSP48E2_X7Y51        DSP_ALU (Prop_DSP_ALU_DSP48E2_C_DATA[34]_ALU_OUT[34])
                                                      0.102     0.102 f  core_calculator/pe3/DSP_Requant/U0/i_synth/i_synth_option.i_synth_model/opt_8series.i_uniwrap/i_primitive/DSP_ALU_INST/ALU_OUT[34]
                         net (fo=1, routed)           0.000     0.102    core_calculator/pe3/DSP_Requant/U0/i_synth/i_synth_option.i_synth_model/opt_8series.i_uniwrap/i_primitive/DSP_ALU.ALU_OUT<34>
    DSP48E2_X7Y51        DSP_OUTPUT (Prop_DSP_OUTPUT_DSP48E2_ALU_OUT[34]_P[34])
                                                      0.030     0.132 r  core_calculator/pe3/DSP_Requant/U0/i_synth/i_synth_option.i_synth_model/opt_8series.i_uniwrap/i_primitive/DSP_OUTPUT_INST/P[34]
                         net (fo=9, routed)           0.091     0.223    core_calculator/pe3/requant_dsp_out[34]
    SLICE_X40Y129        FDRE                                         r  core_calculator/pe3/o_result_reg[5]/R
  -------------------------------------------------------------------    -------------------

                         (clock ref_clk rise edge)    0.000     0.000 r  
    AG5                                               0.000     0.000 r  axi_clk (IN)
                         net (fo=0)                   0.000     0.000    axi_clk_IBUF_inst/I
    AG5                  INBUF (Prop_INBUF_HPIOB_M_PAD_O)
                                                      0.341     0.341 r  axi_clk_IBUF_inst/INBUF_INST/O
                         net (fo=1, routed)           0.000     0.341    axi_clk_IBUF_inst/OUT
    AG5                  IBUFCTRL (Prop_IBUFCTRL_HPIOB_M_I_O)
                                                      0.000     0.341 r  axi_clk_IBUF_inst/IBUFCTRL_INST/O
                         net (fo=1, routed)           2.386     2.727    axi_clk_IBUF
    BUFGCE_HDIO_X0Y8     BUFGCE (Prop_BUFCE_BUFGCE_HDIO_I_O)
                                                      0.019     2.746 r  axi_clk_IBUF_BUFG_inst/O
    X2Y1 (CLOCK_ROOT)    net (fo=2187, routed)        1.630     4.376    core_calculator/pe3/axi_clk_IBUF_BUFG
    SLICE_X40Y129        FDRE                                         r  core_calculator/pe3/o_result_reg[5]/C

Slack:                    inf
  Source:                 core_calculator/pe3/DSP_Requant/U0/i_synth/i_synth_option.i_synth_model/opt_8series.i_uniwrap/i_primitive/DSP_C_DATA_INST/C_DATA[34]
                            (internal pin)
  Destination:            core_calculator/pe3/o_result_reg[6]/R
                            (rising edge-triggered cell FDRE clocked by ref_clk  {rise@0.000ns fall@1.666ns period=3.333ns})
  Path Group:             (none)
  Path Type:              Hold (Min at Fast Process Corner)
  Data Path Delay:        0.223ns  (logic 0.132ns (59.142%)  route 0.091ns (40.858%))
  Logic Levels:           2  (DSP_ALU=1 DSP_OUTPUT=1)
  Clock Uncertainty:      0.025ns  ((TSJ^2 + TIJ^2)^1/2 + DJ) / 2 + PE
    Total System Jitter     (TSJ):    0.050ns
    Total Input Jitter      (TIJ):    0.000ns
    Discrete Jitter          (DJ):    0.000ns
    Phase Error              (PE):    0.000ns
  Clock Net Delay (Destination): 1.630ns (routing 1.001ns, distribution 0.629ns)

    Location             Delay type                Incr(ns)  Path(ns)    Netlist Resource(s)
  -------------------------------------------------------------------    -------------------
    DSP48E2_X7Y51        DSP_C_DATA                   0.000     0.000 r  core_calculator/pe3/DSP_Requant/U0/i_synth/i_synth_option.i_synth_model/opt_8series.i_uniwrap/i_primitive/DSP_C_DATA_INST/C_DATA[34]
                         net (fo=2, routed)           0.000     0.000    core_calculator/pe3/DSP_Requant/U0/i_synth/i_synth_option.i_synth_model/opt_8series.i_uniwrap/i_primitive/DSP_C_DATA.C_DATA<34>
    DSP48E2_X7Y51        DSP_ALU (Prop_DSP_ALU_DSP48E2_C_DATA[34]_ALU_OUT[34])
                                                      0.102     0.102 f  core_calculator/pe3/DSP_Requant/U0/i_synth/i_synth_option.i_synth_model/opt_8series.i_uniwrap/i_primitive/DSP_ALU_INST/ALU_OUT[34]
                         net (fo=1, routed)           0.000     0.102    core_calculator/pe3/DSP_Requant/U0/i_synth/i_synth_option.i_synth_model/opt_8series.i_uniwrap/i_primitive/DSP_ALU.ALU_OUT<34>
    DSP48E2_X7Y51        DSP_OUTPUT (Prop_DSP_OUTPUT_DSP48E2_ALU_OUT[34]_P[34])
                                                      0.030     0.132 r  core_calculator/pe3/DSP_Requant/U0/i_synth/i_synth_option.i_synth_model/opt_8series.i_uniwrap/i_primitive/DSP_OUTPUT_INST/P[34]
                         net (fo=9, routed)           0.091     0.223    core_calculator/pe3/requant_dsp_out[34]
    SLICE_X40Y129        FDRE                                         r  core_calculator/pe3/o_result_reg[6]/R
  -------------------------------------------------------------------    -------------------

                         (clock ref_clk rise edge)    0.000     0.000 r  
    AG5                                               0.000     0.000 r  axi_clk (IN)
                         net (fo=0)                   0.000     0.000    axi_clk_IBUF_inst/I
    AG5                  INBUF (Prop_INBUF_HPIOB_M_PAD_O)
                                                      0.341     0.341 r  axi_clk_IBUF_inst/INBUF_INST/O
                         net (fo=1, routed)           0.000     0.341    axi_clk_IBUF_inst/OUT
    AG5                  IBUFCTRL (Prop_IBUFCTRL_HPIOB_M_I_O)
                                                      0.000     0.341 r  axi_clk_IBUF_inst/IBUFCTRL_INST/O
                         net (fo=1, routed)           2.386     2.727    axi_clk_IBUF
    BUFGCE_HDIO_X0Y8     BUFGCE (Prop_BUFCE_BUFGCE_HDIO_I_O)
                                                      0.019     2.746 r  axi_clk_IBUF_BUFG_inst/O
    X2Y1 (CLOCK_ROOT)    net (fo=2187, routed)        1.630     4.376    core_calculator/pe3/axi_clk_IBUF_BUFG
    SLICE_X40Y129        FDRE                                         r  core_calculator/pe3/o_result_reg[6]/C

Slack:                    inf
  Source:                 core_calculator/pe3/DSP_Requant/U0/i_synth/i_synth_option.i_synth_model/opt_8series.i_uniwrap/i_primitive/DSP_C_DATA_INST/C_DATA[34]
                            (internal pin)
  Destination:            core_calculator/pe3/o_result_reg[7]/R
                            (rising edge-triggered cell FDRE clocked by ref_clk  {rise@0.000ns fall@1.666ns period=3.333ns})
  Path Group:             (none)
  Path Type:              Hold (Min at Fast Process Corner)
  Data Path Delay:        0.223ns  (logic 0.132ns (59.142%)  route 0.091ns (40.858%))
  Logic Levels:           2  (DSP_ALU=1 DSP_OUTPUT=1)
  Clock Uncertainty:      0.025ns  ((TSJ^2 + TIJ^2)^1/2 + DJ) / 2 + PE
    Total System Jitter     (TSJ):    0.050ns
    Total Input Jitter      (TIJ):    0.000ns
    Discrete Jitter          (DJ):    0.000ns
    Phase Error              (PE):    0.000ns
  Clock Net Delay (Destination): 1.630ns (routing 1.001ns, distribution 0.629ns)

    Location             Delay type                Incr(ns)  Path(ns)    Netlist Resource(s)
  -------------------------------------------------------------------    -------------------
    DSP48E2_X7Y51        DSP_C_DATA                   0.000     0.000 r  core_calculator/pe3/DSP_Requant/U0/i_synth/i_synth_option.i_synth_model/opt_8series.i_uniwrap/i_primitive/DSP_C_DATA_INST/C_DATA[34]
                         net (fo=2, routed)           0.000     0.000    core_calculator/pe3/DSP_Requant/U0/i_synth/i_synth_option.i_synth_model/opt_8series.i_uniwrap/i_primitive/DSP_C_DATA.C_DATA<34>
    DSP48E2_X7Y51        DSP_ALU (Prop_DSP_ALU_DSP48E2_C_DATA[34]_ALU_OUT[34])
                                                      0.102     0.102 f  core_calculator/pe3/DSP_Requant/U0/i_synth/i_synth_option.i_synth_model/opt_8series.i_uniwrap/i_primitive/DSP_ALU_INST/ALU_OUT[34]
                         net (fo=1, routed)           0.000     0.102    core_calculator/pe3/DSP_Requant/U0/i_synth/i_synth_option.i_synth_model/opt_8series.i_uniwrap/i_primitive/DSP_ALU.ALU_OUT<34>
    DSP48E2_X7Y51        DSP_OUTPUT (Prop_DSP_OUTPUT_DSP48E2_ALU_OUT[34]_P[34])
                                                      0.030     0.132 r  core_calculator/pe3/DSP_Requant/U0/i_synth/i_synth_option.i_synth_model/opt_8series.i_uniwrap/i_primitive/DSP_OUTPUT_INST/P[34]
                         net (fo=9, routed)           0.091     0.223    core_calculator/pe3/requant_dsp_out[34]
    SLICE_X40Y129        FDRE                                         r  core_calculator/pe3/o_result_reg[7]/R
  -------------------------------------------------------------------    -------------------

                         (clock ref_clk rise edge)    0.000     0.000 r  
    AG5                                               0.000     0.000 r  axi_clk (IN)
                         net (fo=0)                   0.000     0.000    axi_clk_IBUF_inst/I
    AG5                  INBUF (Prop_INBUF_HPIOB_M_PAD_O)
                                                      0.341     0.341 r  axi_clk_IBUF_inst/INBUF_INST/O
                         net (fo=1, routed)           0.000     0.341    axi_clk_IBUF_inst/OUT
    AG5                  IBUFCTRL (Prop_IBUFCTRL_HPIOB_M_I_O)
                                                      0.000     0.341 r  axi_clk_IBUF_inst/IBUFCTRL_INST/O
                         net (fo=1, routed)           2.386     2.727    axi_clk_IBUF
    BUFGCE_HDIO_X0Y8     BUFGCE (Prop_BUFCE_BUFGCE_HDIO_I_O)
                                                      0.019     2.746 r  axi_clk_IBUF_BUFG_inst/O
    X2Y1 (CLOCK_ROOT)    net (fo=2187, routed)        1.630     4.376    core_calculator/pe3/axi_clk_IBUF_BUFG
    SLICE_X40Y129        FDRE                                         r  core_calculator/pe3/o_result_reg[7]/C

Slack:                    inf
  Source:                 core_calculator/pe1/DSP_Requant/U0/i_synth/i_synth_option.i_synth_model/opt_8series.i_uniwrap/i_primitive/DSP_C_DATA_INST/C_DATA[34]
                            (internal pin)
  Destination:            core_calculator/pe1/o_result_reg[0]/R
                            (rising edge-triggered cell FDRE clocked by ref_clk  {rise@0.000ns fall@1.666ns period=3.333ns})
  Path Group:             (none)
  Path Type:              Hold (Min at Fast Process Corner)
  Data Path Delay:        0.223ns  (logic 0.132ns (59.133%)  route 0.091ns (40.867%))
  Logic Levels:           2  (DSP_ALU=1 DSP_OUTPUT=1)
  Clock Uncertainty:      0.025ns  ((TSJ^2 + TIJ^2)^1/2 + DJ) / 2 + PE
    Total System Jitter     (TSJ):    0.050ns
    Total Input Jitter      (TIJ):    0.000ns
    Discrete Jitter          (DJ):    0.000ns
    Phase Error              (PE):    0.000ns
  Clock Net Delay (Destination): 1.573ns (routing 1.001ns, distribution 0.572ns)

    Location             Delay type                Incr(ns)  Path(ns)    Netlist Resource(s)
  -------------------------------------------------------------------    -------------------
    DSP48E2_X10Y37       DSP_C_DATA                   0.000     0.000 r  core_calculator/pe1/DSP_Requant/U0/i_synth/i_synth_option.i_synth_model/opt_8series.i_uniwrap/i_primitive/DSP_C_DATA_INST/C_DATA[34]
                         net (fo=2, routed)           0.000     0.000    core_calculator/pe1/DSP_Requant/U0/i_synth/i_synth_option.i_synth_model/opt_8series.i_uniwrap/i_primitive/DSP_C_DATA.C_DATA<34>
    DSP48E2_X10Y37       DSP_ALU (Prop_DSP_ALU_DSP48E2_C_DATA[34]_ALU_OUT[34])
                                                      0.102     0.102 f  core_calculator/pe1/DSP_Requant/U0/i_synth/i_synth_option.i_synth_model/opt_8series.i_uniwrap/i_primitive/DSP_ALU_INST/ALU_OUT[34]
                         net (fo=1, routed)           0.000     0.102    core_calculator/pe1/DSP_Requant/U0/i_synth/i_synth_option.i_synth_model/opt_8series.i_uniwrap/i_primitive/DSP_ALU.ALU_OUT<34>
    DSP48E2_X10Y37       DSP_OUTPUT (Prop_DSP_OUTPUT_DSP48E2_ALU_OUT[34]_P[34])
                                                      0.030     0.132 r  core_calculator/pe1/DSP_Requant/U0/i_synth/i_synth_option.i_synth_model/opt_8series.i_uniwrap/i_primitive/DSP_OUTPUT_INST/P[34]
                         net (fo=9, routed)           0.091     0.223    core_calculator/pe1/requant_dsp_out[34]
    SLICE_X52Y94         FDRE                                         r  core_calculator/pe1/o_result_reg[0]/R
  -------------------------------------------------------------------    -------------------

                         (clock ref_clk rise edge)    0.000     0.000 r  
    AG5                                               0.000     0.000 r  axi_clk (IN)
                         net (fo=0)                   0.000     0.000    axi_clk_IBUF_inst/I
    AG5                  INBUF (Prop_INBUF_HPIOB_M_PAD_O)
                                                      0.341     0.341 r  axi_clk_IBUF_inst/INBUF_INST/O
                         net (fo=1, routed)           0.000     0.341    axi_clk_IBUF_inst/OUT
    AG5                  IBUFCTRL (Prop_IBUFCTRL_HPIOB_M_I_O)
                                                      0.000     0.341 r  axi_clk_IBUF_inst/IBUFCTRL_INST/O
                         net (fo=1, routed)           2.386     2.727    axi_clk_IBUF
    BUFGCE_HDIO_X0Y8     BUFGCE (Prop_BUFCE_BUFGCE_HDIO_I_O)
                                                      0.019     2.746 r  axi_clk_IBUF_BUFG_inst/O
    X2Y1 (CLOCK_ROOT)    net (fo=2187, routed)        1.573     4.319    core_calculator/pe1/axi_clk_IBUF_BUFG
    SLICE_X52Y94         FDRE                                         r  core_calculator/pe1/o_result_reg[0]/C

Slack:                    inf
  Source:                 core_calculator/pe1/DSP_Requant/U0/i_synth/i_synth_option.i_synth_model/opt_8series.i_uniwrap/i_primitive/DSP_C_DATA_INST/C_DATA[34]
                            (internal pin)
  Destination:            core_calculator/pe1/o_result_reg[1]/R
                            (rising edge-triggered cell FDRE clocked by ref_clk  {rise@0.000ns fall@1.666ns period=3.333ns})
  Path Group:             (none)
  Path Type:              Hold (Min at Fast Process Corner)
  Data Path Delay:        0.223ns  (logic 0.132ns (59.133%)  route 0.091ns (40.867%))
  Logic Levels:           2  (DSP_ALU=1 DSP_OUTPUT=1)
  Clock Uncertainty:      0.025ns  ((TSJ^2 + TIJ^2)^1/2 + DJ) / 2 + PE
    Total System Jitter     (TSJ):    0.050ns
    Total Input Jitter      (TIJ):    0.000ns
    Discrete Jitter          (DJ):    0.000ns
    Phase Error              (PE):    0.000ns
  Clock Net Delay (Destination): 1.573ns (routing 1.001ns, distribution 0.572ns)

    Location             Delay type                Incr(ns)  Path(ns)    Netlist Resource(s)
  -------------------------------------------------------------------    -------------------
    DSP48E2_X10Y37       DSP_C_DATA                   0.000     0.000 r  core_calculator/pe1/DSP_Requant/U0/i_synth/i_synth_option.i_synth_model/opt_8series.i_uniwrap/i_primitive/DSP_C_DATA_INST/C_DATA[34]
                         net (fo=2, routed)           0.000     0.000    core_calculator/pe1/DSP_Requant/U0/i_synth/i_synth_option.i_synth_model/opt_8series.i_uniwrap/i_primitive/DSP_C_DATA.C_DATA<34>
    DSP48E2_X10Y37       DSP_ALU (Prop_DSP_ALU_DSP48E2_C_DATA[34]_ALU_OUT[34])
                                                      0.102     0.102 f  core_calculator/pe1/DSP_Requant/U0/i_synth/i_synth_option.i_synth_model/opt_8series.i_uniwrap/i_primitive/DSP_ALU_INST/ALU_OUT[34]
                         net (fo=1, routed)           0.000     0.102    core_calculator/pe1/DSP_Requant/U0/i_synth/i_synth_option.i_synth_model/opt_8series.i_uniwrap/i_primitive/DSP_ALU.ALU_OUT<34>
    DSP48E2_X10Y37       DSP_OUTPUT (Prop_DSP_OUTPUT_DSP48E2_ALU_OUT[34]_P[34])
                                                      0.030     0.132 r  core_calculator/pe1/DSP_Requant/U0/i_synth/i_synth_option.i_synth_model/opt_8series.i_uniwrap/i_primitive/DSP_OUTPUT_INST/P[34]
                         net (fo=9, routed)           0.091     0.223    core_calculator/pe1/requant_dsp_out[34]
    SLICE_X52Y94         FDRE                                         r  core_calculator/pe1/o_result_reg[1]/R
  -------------------------------------------------------------------    -------------------

                         (clock ref_clk rise edge)    0.000     0.000 r  
    AG5                                               0.000     0.000 r  axi_clk (IN)
                         net (fo=0)                   0.000     0.000    axi_clk_IBUF_inst/I
    AG5                  INBUF (Prop_INBUF_HPIOB_M_PAD_O)
                                                      0.341     0.341 r  axi_clk_IBUF_inst/INBUF_INST/O
                         net (fo=1, routed)           0.000     0.341    axi_clk_IBUF_inst/OUT
    AG5                  IBUFCTRL (Prop_IBUFCTRL_HPIOB_M_I_O)
                                                      0.000     0.341 r  axi_clk_IBUF_inst/IBUFCTRL_INST/O
                         net (fo=1, routed)           2.386     2.727    axi_clk_IBUF
    BUFGCE_HDIO_X0Y8     BUFGCE (Prop_BUFCE_BUFGCE_HDIO_I_O)
                                                      0.019     2.746 r  axi_clk_IBUF_BUFG_inst/O
    X2Y1 (CLOCK_ROOT)    net (fo=2187, routed)        1.573     4.319    core_calculator/pe1/axi_clk_IBUF_BUFG
    SLICE_X52Y94         FDRE                                         r  core_calculator/pe1/o_result_reg[1]/C





